Security Code,Issuer Name,Security Id,Security Name,Status,Group,Face Value,ISIN No,Instrument
500002,ABB India Limited,ABB,ABB India Ltd,Active,A ,2.00,INE117A01022,Equity,,,,,
500003,Aegis Logistics Ltd.,AEGISLOG,Aegis Logistics Ltd,Active,A ,1.00,INE208C01025,Equity,,,,,
500008,Amara Raja Energy & Mobility Limited,ARE&M,Amara Raja Energy & Mobility Ltd,Active,A ,1.00,INE885A01032,Equity,,,,,
500009,Ambalal Sarabhai Enterprise Ltd.,AMBALALSA,Ambalal Sarabhai Enterprises Ltd,Active,T ,10.00,INE432A01017,Equity,,,,,
500012,Andhra Petrochemicals Ltd.,ANDHRAPET,Andhra Petrochemicals Ltd,Active,X ,10.00,INE714B01016,Equity,,,,,
500013,Ansal Properties & Infrastructure Ltd.,ANSALAPI,Ansal Properties & Infrastructure Ltd,Active,Z ,5.00,INE436A01026,Equity,,,,,
500014,UTIQUE ENTERPRISES LIMITED,UTIQUE,Utique Enterprises Ltd,Active,X ,10.00,INE096A01010,Equity,,,,,
500016,Aruna Hotels Ltd.,ARUNAHTEL,Aruna Hotels Ltd,Active,X ,10.00,INE957C01019,Equity,,,,,
500020,Bombay Dyeing & Mfg. Co. Ltd.,BOMDYEING,Bombay Dyeing & Manufacturing Company Ltd,Active,B ,2.00,INE032A01023,Equity,,,,,
500023,Asian Hotels (North) Limited,ASIANHOTNR,Asian Hotels (North) Ltd,Active,B ,10.00,INE363A01022,Equity,,,,,
500027,Atul Limited.,ATUL,Atul Ltd,Active,A ,10.00,INE100A01010,Equity,,,,,
500028,ATV Projects India Ltd,ATVPR,ATV Projects India Ltd,Active,X ,10.00,INE447A01015,Equity,,,,,
500031,Bajaj Electricals Ltd.,BAJAJELEC,Bajaj Electricals Ltd-$,Active,A ,2.00,INE193E01025,Equity,,,,,
500032,Bajaj Hindusthan Sugar Limited,BAJAJHIND,Bajaj Hindusthan Sugar Ltd,Active,B ,1.00,INE306A01021,Equity,,,,,
500033,Force Motors Limited,FORCEMOT,Force Motors Ltd-$,Active,A ,10.00,INE451A01017,Equity,,,,,
500034,Bajaj Finance Limited,BAJFINANCE,Bajaj Finance Ltd,Active,A ,1.00,INE296A01032,Equity,,,,,
500038,BALRAMPUR CHINI MILLS LTD,BALRAMCHIN,Balrampur Chini Mills Ltd,Active,A ,1.00,INE119A01028,Equity,,,,,
500039,Banco Products (India) Ltd.,BANCOINDIA,Banco Products (India) Ltd-$,Active,A ,2.00,INE213C01025,Equity,,,,,
500040,ADITYA BIRLA REAL ESTATE LIMITED,ABREL,Aditya Birla Real Estate Ltd,Active,A ,10.00,INE055A01016,Equity,,,,,
500041,Bannari Amman Sugars Ltd.,BANARISUG,Bannari Amman Sugars Ltd,Active,B ,10.00,INE459A01010,Equity,,,,,
500042,BASF India Ltd,BASF,BASF India Ltd,Active,A ,10.00,INE373A01013,Equity,,,,,
500043,Bata India Limited,BATAINDIA,Bata India Ltd,Active,A ,5.00,INE176A01028,Equity,,,,,
500048,BEML Ltd,BEML,BEML Ltd,Active,A ,5.00,INE258A01024,Equity,,,,,
500049,Bharat Electronics Ltd.,BEL,Bharat Electronics Ltd,Active,A ,1.00,INE263A01024,Equity,,,,,
500051,Bhagawati Gas Limited,BHAGGAS,Bhagawati Gas Ltd,Active,XT,10.00,INE099C01010,Equity,,,,,
500052,Bhansali Engineering Polymers Ltd.,BEPL,Bhansali Engineering Polymers Ltd-$,Active,B ,1.00,INE922A01025,Equity,,,,,
500058,Bihar Sponge Iron Ltd,BIHSPONG,Bihar Sponge Iron Ltd,Active,X ,10.00,INE819C01011,Equity,,,,,
500059,BIL VYAPAR LIMITED,BILVYAPAR,Bil Vyapar Ltd,Active,T ,10.00,INE071A01013,Equity,,,,,
500060,Birla Cable Limited,BIRLACABLE,Birla Cable Ltd,Active,B ,10.00,INE800A01015,Equity,,,,,
500067,Blue Star Ltd,BLUESTARCO,Blue Star Ltd,Active,A ,2.00,INE472A01039,Equity,,,,,
500068,Disa India Ltd.,DISAQ,Disa India Ltd,Active,B ,10.00,INE131C01011,Equity,,,,,
500069,QUEST CAPITAL MARKETS LIMITED,QUESTCAP,Quest Capital Markets Ltd,Active,X ,10.00,INE418C01012,Equity,,,,,
500074,BPL Ltd.,BPL,BPL Ltd,Active,B ,10.00,INE110A01019,Equity,,,,,
500078,ORIENTAL AROMATICS LIMITED,OAL,Oriental Aromatics Ltd-$,Active,B ,5.00,INE959C01023,Equity,,,,,
500083,Century Extrusions Ltd.,CENTEXT,Century Extrusions Ltd,Active,B ,1.00,INE281A01026,Equity,,,,,
500084,CESC Limited,CESC,CESC Ltd,Active,A ,1.00,INE486A01021,Equity,,,,,
500085,Chambal Fertilisers & Chemicals Ltd,CHAMBLFERT,Chambal Fertilisers & Chemicals Ltd,Active,A ,10.00,INE085A01013,Equity,,,,,
500086,Exide Industries Ltd.,EXIDEIND,Exide Industries Ltd,Active,A ,1.00,INE302A01020,Equity,,,,,
500087,Cipla Ltd.,CIPLA,Cipla Ltd,Active,A ,2.00,INE059A01026,Equity,,,,,
500089,DIC India Ltd,DICIND,DIC India Ltd,Active,B ,10.00,INE303A01010,Equity,,,,,
500092,CRISIL Ltd.,CRISIL,Crisil Ltd,Active,A ,1.00,INE007A01025,Equity,,,,,
500093,CG Power and Industrial Solutions Limited,CGPOWER,CG Power and Industrial Solutions Ltd,Active,A ,2.00,INE067A01029,Equity,,,,,
500096,Dabur India Ltd.,DABUR,Dabur India Ltd,Active,A ,1.00,INE016A01026,Equity,,,,,
500097,Dalmia Bharat Sugar and Industries Ltd,DALMIASUG,Dalmia Bharat Sugar and Industries Ltd,Active,B ,2.00,INE495A01022,Equity,,,,,
500101,Arvind Ltd.,ARVIND,Arvind Ltd,Active,A ,10.00,INE034A01011,Equity,,,,,
500103,Bharat Heavy Electricals Ltd.,BHEL,Bharat Heavy Electricals Ltd,Active,A ,2.00,INE257A01026,Equity,,,,,
500104,Hindustan Petroleum Corporation Ltd,HINDPETRO,Hindustan Petroleum Corporation Ltd,Active,A ,10.00,INE094A01015,Equity,,,,,
500106,IFCI Ltd.,IFCI,IFCI Ltd,Active,A ,10.00,INE039A01010,Equity,,,,,
500108,Mahanagar Telephone Nigam Ltd.,MTNL,Mahanagar Telephone Nigam Ltd,Active,B ,10.00,INE153A01019,Equity,,,,,
500109,Mangalore Refinery & Petrochemicals,MRPL,Mangalore Refinery and Petrochemicals Ltd,Active,A ,10.00,INE103A01014,Equity,,,,,
500110,Chennai Petroleum Corporation Ltd.,CHENNPETRO,Chennai Petroleum Corporation Ltd,Active,A ,10.00,INE178A01016,Equity,,,,,
500112,State Bank Of India,SBIN,State Bank of India,Active,A ,1.00,INE062A01020,Equity,,,,,
500113,Steel Authority of India Ltd.,SAIL,Steel Authority of India Ltd,Active,A ,10.00,INE114A01011,Equity,,,,,
500114,Titan Company Limited,TITAN,Titan Company Ltd,Active,A ,1.00,INE280A01028,Equity,,,,,
500116,IDBI Bank Ltd,IDBI,IDBI Bank Ltd,Active,A ,10.00,INE008A01015,Equity,,,,,
500117,DCW Ltd.,DCW,DCW Ltd,Active,B ,2.00,INE500A01029,Equity,,,,,
500119,Dhampur Sugar Mills Ltd.,DHAMPURSUG,Dhampur Sugar Mills Ltd,Active,B ,10.00,INE041A01016,Equity,,,,,
500120,Diamines & Chemicals Ltd.,DIAMINESQ,Diamines & Chemicals Ltd-$,Active,B ,10.00,INE591D01014,Equity,,,,,
500123,Elantas Beck India Ltd,ELANTAS,Elantas Beck India Ltd-$,Active,B ,10.00,INE280B01018,Equity,,,,,
500124,Dr. Reddy's Laboratories Ltd.,DRREDDY,Dr Reddys Laboratories Ltd,Active,A ,1.00,INE089A01031,Equity,,,,,
500125,E.I.D. Parry (India) Ltd.,EIDPARRY,EID Parry India Ltd,Active,A ,1.00,INE126A01031,Equity,,,,,
500126,PROCTER & GAMBLE HEALTH LIMITED,PGHL,Procter & Gamble Health Ltd,Active,A ,10.00,INE199A01012,Equity,,,,,
500128,Electrosteel Castings Ltd.,ELECTCAST,Electrosteel Castings Ltd,Active,A ,1.00,INE086A01029,Equity,,,,,
500133,Esab India Ltd.,ESABINDIA,Esab India Ltd,Active,B ,10.00,INE284A01012,Equity,,,,,
500135,EPL LIMITED,EPL,EPL Ltd,Active,A ,2.00,INE255A01020,Equity,,,,,
500136,Ester Industries Ltd.,ESTER,Ester Industries Ltd,Active,B ,5.00,INE778B01029,Equity,,,,,
500142,FGP Ltd,FGP,FGP Ltd,Active,XT,10.00,INE512A01016,Equity,,,,,
500143,P H CAPITAL LIMITED,PHCAP,PH Capital Ltd,Active,XT,10.00,INE160F01013,Equity,,,,,
500144,Finolex Cables Ltd.,FINCABLES,Finolex Cables Ltd,Active,A ,2.00,INE235A01022,Equity,,,,,
500147,JOHN COCKERILL INDIA LIMITED,COCKERILL,John Cockerill India Ltd-$,Active,B ,10.00,INE515A01019,Equity,,,,,
500148,Uflex Limited,UFLEX,Uflex Ltd,Active,B ,10.00,INE516A01017,Equity,,,,,
500150,Foseco India Ltd,FOSECOIND,Foseco India Ltd,Active,B ,10.00,INE519A01011,Equity,,,,,
500151,Golden Tobacco Ltd.,GOLDENTOBC,Golden Tobacco Ltd,Active,Z ,10.00,INE973A01010,Equity,,,,,
500153,Ganesh Benzoplast Ltd.,GANESHBE,Ganesh Benzoplast Ltd,Active,T ,1.00,INE388A01029,Equity,,,,,
500159,Metroglobal Limited,METROGLOBL,Metroglobal Ltd,Active,B ,10.00,INE085D01033,Equity,,,,,
500160,GTL Ltd,GTL,GTL Ltd,Active,B ,10.00,INE043A01012,Equity,,,,,
500163,Godfrey Phillips India Ltd.,GODFRYPHLP,Godfrey Phillips India Ltd,Active,A ,2.00,INE260B01028,Equity,,,,,
500164,Godrej Industries Ltd.,GODREJIND,Godrej Industries Ltd,Active,A ,1.00,INE233A01035,Equity,,,,,
500165,Kansai Nerolac Paints,KANSAINER,Kansai Nerolac Paints Ltd,Active,A ,1.00,INE531A01024,Equity,,,,,
500166,Goodricke Group Ltd.,GOODRICKE,Goodricke Group Ltd,Active,X ,10.00,INE300A01016,Equity,,,,,
500168,Goodyear India Ltd.,GOODYEAR,Goodyear India Ltd,Active,B ,10.00,INE533A01012,Equity,,,,,
500170,GTN Industries Limited,GTNINDS,GTN Industries Ltd,Active,X ,10.00,INE537A01013,Equity,,,,,
500171,GHCL Ltd.,GHCL,GHCL Ltd,Active,A ,10.00,INE539A01019,Equity,,,,,
500173,GFL LIMITED,GFLLIMITED,GFL Ltd,Active,B ,1.00,INE538A01037,Equity,,,,,
500174,Gujarat Lease Financing Limited,GLFL,Gujarat Lease Financing Ltd,Active,B ,10.00,INE540A01017,Equity,,,,,
500178,Harig Crankshafts Ltd.,HARCR,Harig Crankshafts Ltd,Active,XT,10.00,INE905C01034,Equity,,,,,
500179,HCL Infosystems Ltd,HCL-INSYS,HCL Infosystems Ltd,Active,B ,2.00,INE236A01020,Equity,,,,,
500180,HDFC Bank Ltd.,HDFCBANK,HDFC Bank Ltd,Active,A ,1.00,INE040A01034,Equity,,,,,
500182,Hero MotoCorp Limited,HEROMOTOCO,Hero MotoCorp Ltd,Active,A ,2.00,INE158A01026,Equity,,,,,
500183,HFCL LIMITED,HFCL,HFCL Ltd,Active,T ,1.00,INE548A01028,Equity,,,,,
500184,Himadri Speciality Chemical Ltd.,HSCL,Himadri Speciality Chemical Ltd,Active,A ,1.00,INE019C01026,Equity,,,,,
500185,Hindustan Construction Co. Ltd.,HCC,Hindustan Construction Company Ltd,Active,A ,1.00,INE549A01026,Equity,,,,,
500186,Hindustan Oil Exploration Co. Ltd.,HINDOILEXP,Hindustan Oil Exploration Company Ltd,Active,B ,10.00,INE345A01011,Equity,,,,,
500187,AGI GREENPAC LIMITED,AGI,Agi Greenpac Ltd,Active,B ,2.00,INE415A01038,Equity,,,,,
500188,Hindustan Zinc Ltd.,HINDZINC,Hindustan Zinc Ltd,Active,A ,2.00,INE267A01025,Equity,,,,,
500189,NDL Ventures Limited,NDLVENTURE,NDL Ventures Ltd,Active,B ,10.00,INE353A01023,Equity,,,,,
500191,HMT Limited,HMT,HMT Ltd,Active,Z ,10.00,INE262A01018,Equity,,,,,
500192,Prag Bosimi Synthetics Ltd.,PRAGBOS,Prag Bosimi Synthetics Ltd,Active,X ,10.00,INE962B01011,Equity,,,,,
500193,HLV LIMITED,HLVLTD,HLV Ltd,Active,B ,2.00,INE102A01024,Equity,,,,,
500199,IG Petrochemicals Ltd,IGPL,IG Petrochemicals Ltd,Active,B ,10.00,INE204A01010,Equity,,,,,
500201,India Glycols Ltd,INDIAGLYCO,India Glycols Ltd,Active,A ,5.00,INE560A01023,Equity,,,,,
500202,India Lease Devl. Ltd.,INDLEASE,India Lease Development Ltd,Active,X ,10.00,INE333C01013,Equity,,,,,
500206,Margo Finance Limited,MARGOFIN,Margo Finance Ltd,Active,X ,10.00,INE680B01019,Equity,,,,,
500207,Indo Rama Synthetics (India) Ltd.,INDORAMA,Indo Rama Synthetics (India) Ltd,Active,B ,10.00,INE156A01020,Equity,,,,,
500209,Infosys Ltd,INFY,Infosys Ltd,Active,A ,5.00,INE009A01021,Equity,,,,,
500210,Ingersoll-Rand (India) Ltd.,INGERRAND,Ingersoll-Rand (India) Ltd,Active,B ,10.00,INE177A01018,Equity,,,,,
500213,International Travel House Ltd,ITHL,International Travel House Ltd-$,Active,X ,10.00,INE262B01016,Equity,,,,,
500214,Ion Exchange (India) Ltd,IONEXCHANG,Ion Exchange India Ltd-$,Active,A ,1.00,INE570A01022,Equity,,,,,
500215,SUNDROP BRANDS LIMITED,SUNDROP,Sundrop Brands Ltd,Active,B ,10.00,INE209A01019,Equity,,,,,
500219,Jain Irrigation Systems Ltd.,JISLJALEQS,Jain Irrigation Systems Ltd,Active,A ,2.00,INE175A01038,Equity,,,,,
500220,Jasch Industries Ltd.,JASCH,Jasch Industries Ltd,Active,XT,10.00,INE711C01028,Equity,,,,,
500227,JINDAL POLY FILMS LIMITED,JINDALPOLY,Jindal Poly Films Ltd,Active,B ,10.00,INE197D01010,Equity,,,,,
500228,JSW Steel Limited,JSWSTEEL,JSW Steel Ltd,Active,A ,1.00,INE019A01038,Equity,,,,,
500233,Kajaria Ceramics Ltd,KAJARIACER,Kajaria Ceramics Ltd,Active,A ,1.00,INE217B01036,Equity,,,,,
500234,Kakatiya Cement Sugar & Industries Ltd.,KAKATCEM,Kakatiya Cement Sugar & Industries Ltd,Active,B ,10.00,INE437B01014,Equity,,,,,
500235,Kalyani Steels Ltd,KSL,Kalyani Steels Ltd,Active,B ,5.00,INE907A01026,Equity,,,,,
500236,Kanel Industries Limited,KANELIND,Kanel Industries Ltd,Active,XT,10.00,INE252C01023,Equity,,,,,
500238,Whirlpool of India Ltd,WHIRLPOOL,Whirlpool of India Ltd,Active,A ,10.00,INE716A01013,Equity,,,,,
500239,K.G.Denim Ltd,KGDENIM,KG Denim Ltd,Active,X ,10.00,INE104A01012,Equity,,,,,
500240,Kinetic Engineering Ltd.,KINETICENG,Kinetic Engineering Ltd,Active,XT,10.00,INE266B01017,Equity,,,,,
500241,Kirloskar Brothers Ltd.,KIRLOSBROS,Kirloskar Brothers Ltd-$,Active,A ,2.00,INE732A01036,Equity,,,,,
500243,Kirloskar Industries Ltd,KIRLOSIND,Kirloskar Industries Ltd,Active,B ,10.00,INE250A01039,Equity,,,,,
500245,Kirloskar Ferrous Industries Ltd.,KIRLFER,Kirloskar Ferrous Industries Ltd,Active,B ,5.00,INE884B01025,Equity,,,,,
500246,Envair Electrodyne Ltd.,ENVAIREL,Envair Electrodyne Ltd,Active,XT,10.00,INE601C01013,Equity,,,,,
500247,Kotak Mahindra Bank Ltd.,KOTAKBANK,Kotak Mahindra Bank Ltd,Active,A ,1.00,INE237A01036,Equity,,,,,
500248,KRISHNA FILAMENT INDUSTRIES LIMITED,KRIFILIND,Krishna Filament Industries Ltd,Active,XT,10.00,INE073A01019,Equity,,,,,
500249,KSB LIMITED,KSB,KSB Ltd,Active,A ,2.00,INE999A01023,Equity,,,,,
500250,L.g.Balkrishnan & Bros. Ltd.,LGBBROSLTD,LG Balakrishnan & Bros Ltd,Active,A ,10.00,INE337A01034,Equity,,,,,
500251,Trent Ltd [Lakme Ltd],TRENT,Trent Ltd,Active,A ,1.00,INE849A01020,Equity,,,,,
500252,LMW Limited,LMW,LMW Ltd,Active,A ,10.00,INE269B01029,Equity,,,,,
500253,Lic Housing Finance Ltd.,LICHSGFIN,LIC Housing Finance Ltd,Active,A ,2.00,INE115A01026,Equity,,,,,
500257,Lupin Ltd,LUPIN,Lupin Ltd,Active,A ,2.00,INE326A01037,Equity,,,,,
500259,Lyka Labs Ltd.,LYKALABS,Lyka Labs Ltd,Active,T ,10.00,INE933A01014,Equity,,,,,
500260,The Ramco Cements Limited,RAMCOCEM,The Ramco Cements Ltd,Active,A ,1.00,INE331A01037,Equity,,,,,
500262,HYBRID FINANCIAL SERVICES LIMITED,HYBRIDFIN,Hybrid Financial Services Ltd,Active,T ,5.00,INE965B01022,Equity,,,,,
500264,Mafatlal Industries Ltd.,MAFATIND,Mafatlal Industries Ltd-$,Active,B ,2.00,INE270B01035,Equity,,,,,
500265,Maharashtra Seamless Ltd.,MAHSEAMLES,Maharashtra Seamless Ltd,Active,A ,5.00,INE271B01025,Equity,,,,,
500266,Maharashtra Scooters Ltd.,MAHSCOOTER,Maharashtra Scooters Ltd,Active,A ,10.00,INE288A01013,Equity,,,,,
500267,Majestic Auto Ltd.,MAJESAUT,Majestic Auto Ltd-$,Active,T ,10.00,INE201B01022,Equity,,,,,
500268,Manali Petrochemicals Ltd.,MANALIPETC,Manali Petrochemicals Ltd,Active,B ,5.00,INE201A01024,Equity,,,,,
500270,Baroda Rayon Corpn. Ltd.,BARODARY,Baroda Rayon Corporation Ltd,Active,X ,10.00,INE461A01024,Equity,,,,,
500271,Max Financial Services Limited,MFSL,Max Financial Services Ltd,Active,A ,2.00,INE180A01020,Equity,,,,,
500277,Mid India Industries Limited,MIDINDIA,Mid India Industries Ltd,Active,X ,10.00,INE401C01018,Equity,,,,,
500279,ONIDA ELECTRONICS LIMITED,ONIDA,Onida Electronics Ltd,Active,B ,1.00,INE831A01028,Equity,,,,,
500280,Century Enka Ltd.,CENTENKA,Century Enka Ltd,Active,B ,10.00,INE485A01015,Equity,,,,,
500282,Modern Thread (India) Ltd.,MODTHREAD,Modern Thread India Ltd,Active,B ,10.00,INE794W01014,Equity,,,,,
500284,Lords Chloro Alkali Ltd,LORDSCHLO,Lords Chloro Alkali Ltd,Active,B ,10.00,INE846D01012,Equity,,,,,
500285,SpiceJet Limited,SPICEJET,Spicejet Ltd,Active,B ,10.00,INE285B01017,Equity,,,,,
500288,Morepen Laboratories Ltd.,MOREPENLAB,Morepen Laboratories Ltd,Active,B ,2.00,INE083A01026,Equity,,,,,
500290,M.R.F. Ltd.,MRF,MRF Ltd,Active,A ,10.00,INE883A01011,Equity,,,,,
500292,HeidelbergCement  India Limited,HEIDELBERG,HeidelbergCement India Ltd,Active,B ,10.00,INE578A01017,Equity,,,,,
500294,NCC Limited,NCC,NCC Ltd,Active,A ,2.00,INE868B01028,Equity,,,,,
500295,Vedanta Limited,VEDL,Vedanta Ltd,Active,A ,1.00,INE205A01025,Equity,,,,,
500296,Nahar Spinning Mills Ltd.,NAHARSPING,Nahar Spinning Mills Ltd,Active,B ,5.00,INE290A01027,Equity,,,,,
500298,Naperol Investments Limited,NAPEROL,Naperol Investments Ltd,Active,X ,10.00,INE585A01020,Equity,,,,,
500300,Grasim Industries Ltd,GRASIM,Grasim Industries Ltd,Active,A ,2.00,INE047A01021,Equity,,,,,
500304,NIIT Ltd.,NIITLTD,NIIT Ltd,Active,B ,2.00,INE161A01038,Equity,,,,,
500306,Jaykay Enterprises Limited,JAYKAY,Jaykay Enterprises Ltd,Active,B ,1.00,INE903A01025,Equity,,,,,
500307,Nirlon Limited,NIRLON,Nirlon Ltd,Active,B ,10.00,INE910A01012,Equity,,,,,
500312,Oil And Natural Gas Corporation Ltd,ONGC,Oil and Natural Gas Corporation Ltd,Active,A ,5.00,INE213A01029,Equity,,,,,
500313,Oil Country Tubular Ltd.,OILCOUNTUB,Oil Country Tubular Ltd,Active,T ,10.00,INE591A01010,Equity,,,,,
500314,Oriental Hotels Ltd.,ORIENTHOT,Oriental Hotels Ltd,Active,B ,1.00,INE750A01020,Equity,,,,,
500317,Oswal Agro Mills Ltd.,OSWALAGRO,Oswal Agro Mills Ltd,Active,B ,10.00,INE142A01012,Equity,,,,,
500319,Indian Sucrose Ltd.,INDSUCR,Indian Sucrose Ltd,Active,X ,10.00,INE557C01017,Equity,,,,,
500322,Panyam Cements & Mineral Inds. Ltd.,PANCM,Panyam Cements & Mineral Industries Ltd,Active,XT,10.00,INE167E01037,Equity,,,,,
500325,Reliance Industries Ltd,RELIANCE,Reliance Industries Ltd,Active,A ,10.00,INE002A01018,Equity,,,,,
500327,Pil Italica Lifestyle Limited,PILITA,Pil Italica Lifestyle Ltd,Active,B ,1.00,INE600A01035,Equity,,,,,
500330,Raymond Limited,RAYMOND,Raymond Ltd,Active,A ,10.00,INE301A01014,Equity,,,,,
500331,Pidilite Industries Ltd.,PIDILITIND,Pidilite Industries Ltd,Active,A ,1.00,INE318A01026,Equity,,,,,
500333,Pix Transmissions Ltd.,PIXTRANS,Pix Transmissions Ltd,Active,B ,10.00,INE751B01018,Equity,,,,,
500335,Birla Corporation Ltd.,BIRLACORPN,Birla Corporation Ltd,Active,A ,10.00,INE340A01012,Equity,,,,,
500336,Surya Roshni Ltd.,SURYAROSNI,Surya Roshni Ltd,Active,B ,5.00,INE335A01020,Equity,,,,,
500337,Prime Securities Ltd.,PRIMESECU,Prime Securities Ltd,Active,B ,5.00,INE032B01021,Equity,,,,,
500338,PRISM JOHNSON LIMITED.,PRSMJOHNSN,Prism Johnson Ltd,Active,B ,10.00,INE010A01011,Equity,,,,,
500339,Rain Industries Limited,RAIN,Rain Industries Ltd,Active,A ,2.00,INE855B01025,Equity,,,,,
500342,Prudential Sugar Corporation Ltd,PRUDMOULI,Prudential Sugar Corporation Ltd,Active,B ,10.00,INE024D01016,Equity,,,,,
500343,AMJ LAND HOLDINGS LIMITED,AMJLAND,AMJ Land Holdings Ltd,Active,B ,2.00,INE606A01024,Equity,,,,,
500346,Punjab Communications Limited,PUNJCOMMU,Punjab Communications Ltd-$,Active,B ,10.00,INE609A01010,Equity,,,,,
500350,RSWM Limited,RSWM,RSWM Ltd,Active,B ,10.00,INE611A01016,Equity,,,,,
500354,Rajshree Sugars & Chemicals Ltd.,RAJSREESUG,Rajshree Sugars & Chemicals Ltd,Active,B ,10.00,INE562B01019,Equity,,,,,
500355,Rallis India Ltd,RALLIS,Rallis India Ltd,Active,A ,1.00,INE613A01020,Equity,,,,,
500356,Shree Rama Newsprint Limited,RAMANEWS,Shree Rama Newsprint Ltd,Active,B ,10.00,INE278B01020,Equity,,,,,
500357,Rama Paper Mills Limited,RAMAPPR-B,Rama Paper Mills Ltd,Active,Z ,10.00,INE425E01013,Equity,,,,,
500360,Rapicut Carbides Ltd.,RAPICUT,Rapicut Carbides Ltd,Active,XT,10.00,INE350D01015,Equity,,,,,
500365,WELSPUN SPECIALTY SOLUTIONS LIMITED,WELSPLSOL,Welspun Specialty Solutions Ltd,Active,B ,6.00,INE731F01037,Equity,,,,,
500367,Rubfila International Ltd.,RUBFILA,Rubfila International Ltd,Active,B ,5.00,INE642C01025,Equity,,,,,
500368,Patanjali Foods Limited,PATANJALI,Patanjali Foods Ltd,Active,A ,2.00,INE619A01035,Equity,,,,,
500370,Salora International Limited,SALORAINTL,Salora International Ltd,Active,X ,10.00,INE924A01013,Equity,,,,,
500371,Samtel (India) Ltd.,SAMTELIN,Samtel India Ltd-$,Active,XT,10.00,INE538C01017,Equity,,,,,
500378,Jindal Saw Ltd.,JINDALSAW,Jindal Saw Ltd,Active,A ,1.00,INE324A01032,Equity,,,,,
500380,JK Lakshmi Cement Limited,JKLAKSHMI,JK Lakshmi Cement Ltd,Active,A ,5.00,INE786A01032,Equity,,,,,
500387,Shree Cements Ltd.,SHREECEM,Shree Cement Ltd,Active,A ,10.00,INE070A01015,Equity,,,,,
500388,Shree Krishna Paper Mills & Industr,SKPMIL,Shree Krishna Paper Mills & Industries Ltd,Active,XT,10.00,INE970C01012,Equity,,,,,
500390,Reliance Infrastructure Ltd,RELINFRA,Reliance Infrastructure Ltd,Active,T ,10.00,INE036A01016,Equity,,,,,
500399,Steelco Gujarat Ltd,STEELCO,Steelco Gujarat Ltd,Active,XT,10.00,INE629B01032,Equity,,,,,
500400,Tata Power Co. Ltd,TATAPOWER,Tata Power Company Ltd,Active,A ,1.00,INE245A01021,Equity,,,,,
500402,SPML Infra Limited,SPMLINFRA,SPML Infra Ltd,Active,B ,2.00,INE937A01023,Equity,,,,,
500403,Sundram Fasteners Ltd.,SUNDRMFAST,Sundram Fasteners Ltd,Active,A ,1.00,INE387A01021,Equity,,,,,
500404,Sunflag Iron & Steel Co. Ltd.,SUNFLAG,Sunflag Iron & Steel Company Ltd,Active,B ,10.00,INE947A01014,Equity,,,,,
500405,Supreme Petrochem Ltd.,SPLPETRO,Supreme Petrochem Ltd,Active,A ,2.00,INE663A01033,Equity,,,,,
500407,Swaraj Engines Ltd.,SWARAJENG,Swaraj Engines Ltd,Active,B ,10.00,INE277A01016,Equity,,,,,
500408,Tata Elxsi Ltd,TATAELXSI,Tata Elxsi Ltd,Active,A ,10.00,INE670A01012,Equity,,,,,
500410,ACC Ltd,ACC,ACC Ltd,Active,A ,10.00,INE012A01025,Equity,,,,,
500411,Thermax Ltd.,THERMAX,Thermax Ltd,Active,A ,2.00,INE152A01029,Equity,,,,,
500412,Thirumalai Chemicals Ltd.,TIRUMALCHM,Thirumalai Chemicals Ltd,Active,B ,1.00,INE338A01024,Equity,,,,,
500413,Thomas Cook (India) Ltd.,THOMASCOOK,Thomas Cook (India) Ltd,Active,A ,1.00,INE332A01027,Equity,,,,,
500414,Timex Group India Ltd,TIMEX,Timex Group India Ltd-$,Active,B ,1.00,INE064A01026,Equity,,,,,
500418,Tokyo Plast International Ltd.,TOKYOPLAST,Tokyo Plast International Ltd,Active,B ,10.00,INE932C01012,Equity,,,,,
500420,Torrent Pharmaceuticals Ltd.,TORNTPHARM,Torrent Pharmaceuticals Ltd,Active,A ,5.00,INE685A01028,Equity,,,,,
500421,TPI India Ltd.,TPINDIA,TPI India Ltd,Active,XT,1.00,INE578C01021,Equity,,,,,
500422,Transchem Limited.,TRANSCHEM,Transchem Ltd-$,Active,XT,10.00,INE019B01010,Equity,,,,,
500425,Ambuja Cements Ltd.,AMBUJACEM,Ambuja Cements Ltd,Active,A ,2.00,INE079A01024,Equity,,,,,
500426,UTL Industries Limited,UTLINDS,UTL Industries Ltd,Active,X ,1.00,INE184E01024,Equity,,,,,
500429,Uniphos Enterprises Limited.,UNIENTER,Uniphos Enterprises Ltd,Active,B ,2.00,INE037A01022,Equity,,,,,
500439,Vardhman Holdings Limited,VHL,Vardhman Holdings Ltd,Active,B ,10.00,INE701A01023,Equity,,,,,
500440,Hindalco Industries Ltd.,HINDALCO,Hindalco Industries Ltd,Active,A ,1.00,INE038A01020,Equity,,,,,
500444,West Coast Paper Mills Limited,WSTCSTPAPR,West Coast Paper Mills Ltd,Active,B ,2.00,INE976A01021,Equity,,,,,
500449,Hindustan Organic Chemicals Ltd.,HOCL,Hindustan Organic Chemicals Ltd,Active,B ,10.00,INE048A01011,Equity,,,,,
500450,MPIL CORPORATION LIMITED,MPILCORPL,MPIL Corporation Ltd,Active,XT,10.00,INE844C01027,Equity,,,,,
500456,Pasupati Acrylon Ltd.,PASUPTAC,Pasupati Acrylon Ltd,Active,B ,10.00,INE818B01023,Equity,,,,,
500458,TEAM24 CONSUMER PRODUCTS LIMITED,TEAM24,Team24 Consumer Products Ltd,Active,X ,10.00,INE601A01017,Equity,,,,,
500459,Procter & Gamble Hygiene & Health Care Ltd.,PGHH,Procter & Gamble Hygiene and Health Care Ltd,Active,A ,10.00,INE179A01014,Equity,,,,,
500460,Mukand Ltd.,MUKANDLTD,Mukand Ltd,Active,B ,10.00,INE304A01026,Equity,,,,,
500463,BLACK BOX LIMITED,BBOX,Black Box Ltd,Active,A ,2.00,INE676A01027,Equity,,,,,
500464,UCAL LIMITED,UCAL,Ucal  Ltd,Active,T ,10.00,INE139B01016,Equity,,,,,
500467,Harrisons Malayalam Ltd.,HARRMALAYA,Harrisons Malayalam Ltd,Active,B ,10.00,INE544A01019,Equity,,,,,
500469,Federal Bank Ltd.,FEDERALBNK,Federal Bank Ltd,Active,A ,2.00,INE171A01029,Equity,,,,,
500470,TATA STEEL LIMITED,TATASTEEL,Tata Steel Ltd,Active,A ,1.00,INE081A01020,Equity,,,,,
500472,SKF INDIA LIMITED,SKFINDIA,SKF India Ltd,Active,A ,10.00,INE640A01023,Equity,,,,,
500477,Ashok Leyland Ltd.,ASHOKLEY,Ashok Leyland Ltd,Active,A ,1.00,INE208A01029,Equity,,,,,
500480,Cummins India Ltd.,CUMMINSIND,Cummins India Ltd,Active,A ,2.00,INE298A01020,Equity,,,,,
500483,Tata Communications Limited,TATACOMM,Tata Communications Ltd,Active,A ,10.00,INE151A01013,Equity,,,,,
500488,Abbott India Ltd.,ABBOTINDIA,Abbott India Ltd,Active,A ,10.00,INE358A01014,Equity,,,,,
500490,Bajaj Holdings & Investment Limited,BAJAJHLDNG,Bajaj Holdings & Investment Ltd,Active,A ,10.00,INE118A01012,Equity,,,,,
500493,Bharat Forge Ltd,BHARATFORG,Bharat Forge Ltd,Active,A ,2.00,INE465A01025,Equity,,,,,
500495,Escorts Kubota Limited,ESCORTS,Escorts Kubota Ltd,Active,A ,10.00,INE042A01014,Equity,,,,,
500500,Hindustan Motors Ltd.,HINDMOTORS,Hindustan Motors Ltd,Active,X ,5.00,INE253A01025,Equity,,,,,
500510,Larsen & Toubro Limited,LT,Larsen & Toubro Ltd,Active,A ,2.00,INE018A01030,Equity,,,,,
500520,Mahindra & Mahindra Ltd.,M&M,Mahindra & Mahindra Ltd,Active,A ,5.00,INE101A01026,Equity,,,,,
500530,Bosch Ltd,BOSCHLTD,Bosch Ltd,Active,A ,10.00,INE323A01026,Equity,,,,,
500540,Premier Limited,PREMIER,Premier Ltd,Active,T ,10.00,INE342A01018,Equity,,,,,
500547,Bharat Petroleum Corpn. Ltd.,BPCL,Bharat Petroleum Corporation Ltd,Active,A ,10.00,INE029A01011,Equity,,,,,
500550,Siemens Ltd.,SIEMENS,Siemens Ltd,Active,A ,2.00,INE003A01024,Equity,,,,,
500570,TATA MOTORS PASSENGER VEHICLES LIMITED,TMPV,Tata Motors Passenger Vehicles Ltd,Active,A ,2.00,INE155A01022,Equity,,,,,
500575,Voltas Ltd.,VOLTAS,Voltas Ltd,Active,A ,1.00,INE226A01021,Equity,,,,,
500620,Great Eastern Shipping Co. Ltd.,GESHIP,Great Eastern Shipping Company Ltd,Active,A ,10.00,INE017A01032,Equity,,,,,
500645,Deepak Fertilizers &Petrochemicals,DEEPAKFERT,Deepak Fertilisers & Petrochemicals Corporation Ltd,Active,A ,10.00,INE501A01019,Equity,,,,,
500650,Excell Industries Ltd.,EXCELINDUS,Excel Industries Ltd,Active,B ,5.00,INE369A01029,Equity,,,,,
500655,GARWARE HI-TECH FILMS LIMITED,GRWRHITECH,Garware Hi-Tech Films Ltd,Active,A ,10.00,INE291A01017,Equity,,,,,
500660,GlaxoSmithkline Pharmaceuticals Ltd.,GLAXO,GlaxoSmithKline Pharmaceuticals Ltd,Active,A ,10.00,INE159A01016,Equity,,,,,
500670,Gujarat Narmada Valley Fert.Co.Ltd,GNFC,Gujarat Narmada Valley Fertilizers & Chemicals Ltd,Active,A ,10.00,INE113A01013,Equity,,,,,
500672,Novartis India Limited.,NOVARTIND,Novartis India Ltd,Active,B ,5.00,INE234A01025,Equity,,,,,
500674,Sanofi India Ltd,SANOFI,Sanofi India Ltd,Active,A ,10.00,INE058A01010,Equity,,,,,
500680,Pfizer Ltd.,PFIZER,Pfizer Ltd,Active,A ,10.00,INE182A01018,Equity,,,,,
500690,Gujarat State Fertilizers & Chem.Ltd,GSFC,Gujarat State Fertilizers & Chemicals Ltd,Active,A ,2.00,INE026A01025,Equity,,,,,
500696,Hindustan Unilever Ltd.,HINDUNILVR,Hindustan Unilever Ltd,Active,A ,1.00,INE030A01027,Equity,,,,,
500710,JSW Dulux Limited,JSWDULUX,JSW Dulux Ltd,Active,A ,10.00,INE133A01011,Equity,,,,,
500730,NOCIL Ltd,NOCIL,NOCIL Ltd,Active,B ,10.00,INE163A01018,Equity,,,,,
500770,Tata Chemicals Ltd,TATACHEM,Tata Chemicals Ltd,Active,A ,10.00,INE092A01019,Equity,,,,,
500777,Tamilnadu Petroproducts Ltd,TNPETRO,Tamilnadu Petroproducts Ltd,Active,B ,10.00,INE148A01019,Equity,,,,,
500780,Zuari Industries Limited,ZUARIIND,Zuari Industries Ltd,Active,B ,10.00,INE217A01012,Equity,,,,,
500790,Nestle India Ltd.,NESTLEIND,Nestle India Ltd,Active,A ,1.00,INE239A01024,Equity,,,,,
500800,TATA CONSUMER PRODUCTS LIMITED,TATACONSUM,Tata Consumer Products Ltd,Active,A ,1.00,INE192A01025,Equity,,,,,
500820,Asian Paints Ltd.,ASIANPAINT,Asian Paints Ltd,Active,A ,1.00,INE021A01026,Equity,,,,,
500825,Britannia Industries Ltd.,BRITANNIA,Britannia Industries Ltd,Active,A ,1.00,INE216A01030,Equity,,,,,
500830,Colgate-Palmolive (India) Ltd.,COLPAL,Colgate Palmolive (India) Ltd,Active,A ,1.00,INE259A01022,Equity,,,,,
500840,EIH Ltd,EIHOTEL,EIH Ltd,Active,A ,2.00,INE230A01023,Equity,,,,,
500850,THE INDIAN HOTELS COMPANY LTD,INDHOTEL,Indian Hotels Company Ltd,Active,A ,1.00,INE053A01029,Equity,,,,,
500870,Castrol India Ltd,CASTROLIND,Castrol India Ltd,Active,A ,5.00,INE172A01027,Equity,,,,,
500875,ITC Ltd,ITC,ITC Ltd,Active,A ,1.00,INE154A01025,Equity,,,,,
500877,Apollo Tyres Ltd,APOLLOTYRE,Apollo Tyres Ltd,Active,A ,1.00,INE438A01022,Equity,,,,,
500878,Ceat Ltd.,CEATLTD,Ceat Ltd,Active,A ,10.00,INE482A01020,Equity,,,,,
500890,Modi Rubber Ltd.,MODIRUBBER,Modi Rubber Ltd,Active,B ,10.00,INE832A01018,Equity,,,,,
500940,Finolex Industries Ltd.,FINPIPE,Finolex Industries Ltd,Active,A ,2.00,INE183A01024,Equity,,,,,
501110,Sunrise Industrial Traders Ltd.,SUNRINV,Sunrise Industrial Traders Ltd,Active,XT,10.00,INE371U01015,Equity,,,,,
501111,Gold Rock Investments Ltd.,ZGOLDINV,Gold Rock Investments Ltd,Active,XT,10.00,INE598F01014,Equity,,,,,
501148,Dalal Street Investments Ltd.,DSINVEST,Dalal Street Investments Ltd,Active,XT,10.00,INE422D01012,Equity,,,,,
501150,Centrum Capital Limited,CENTRUM,Centrum Capital Ltd,Active,B ,1.00,INE660C01027,Equity,,,,,
501151,Kartik Investments Trust Ltd.,KARTKIN,Kartik Investments Trust Ltd,Active,XT,10.00,INE524U01019,Equity,,,,,
501242,TCI Finance Limited,TCIFINANCE,TCI Finance Ltd,Active,B ,10.00,INE911B01018,Equity,,,,,
501261,Lords Mark Industries Limited,LORDSMARK,Lords Mark Industries Ltd,Active,XT,10.00,INE567L01025,Equity,,,,,
501270,ANTARIKSH INDUSTRIES LIMITED,ANTARIKSH,Antariksh Industries Ltd,Active,XT,10.00,INE825M01017,Equity,,,,,
501295,Industrial Investment Trust Ltd.,IITL,Industrial Investment Trust Ltd,Active,B ,10.00,INE886A01014,Equity,,,,,
501298,Industrial & Prudential Inv. Co. Lt,INDPRUD,Industrial & Prudential Investment Company Ltd,Active,B ,10.00,INE620D01011,Equity,,,,,
501301,Tata Investment Corporation Ltd.,TATAINVEST,Tata Investment Corporation Ltd,Active,A ,1.00,INE672A01026,Equity,,,,,
501311,Jayabharat Credit Ltd.,JAYBHCR,Jayabharat Credit Ltd-$,Active,X ,10.00,INE998D01011,Equity,,,,,
501314,PRISMX GLOBAL VENTURES LIMITED,PRISMX,Prismx Global Ventures Ltd,Active,B ,1.00,INE286N01028,Equity,,,,,
501343,Motor & General Finance (M.G.F.) Lt,MOTOGENFIN,Motor & General Finance Ltd,Active,B ,5.00,INE861B01023,Equity,,,,,
501351,Rapid Investments Ltd.,RAPIDIN,Rapid Investments Ltd,Active,X ,10.00,INE154M01012,Equity,,,,,
501370,Walchand Peoplefirst Limited,WALCHPF,Walchand Peoplefirst Ltd,Active,X ,10.00,INE695D01021,Equity,,,,,
501386,E and E ENTERPRISES LIMITED,EENTER,E & E Enterprises Ltd,Active,XT,10.00,INE094R01019,Equity,,,,,
501391,W.H. Brady & Co. Ltd.,WHBRADY,WH Brady & Company Ltd,Active,B ,10.00,INE855A01019,Equity,,,,,
501421,TechNVision Ventures Limited,TECHNVISN,TechNVision Ventures Ltd,Active,B ,10.00,INE314H01012,Equity,,,,,
501423,Shaily Engineering Plastics Ltd.,SHAILY,Shaily Engineering Plastics Ltd,Active,A ,2.00,INE151G01028,Equity,,,,,
501425,The Bombay Burmah Trading Corporation Ltd.,BBTC,The Bombay Burmah Trading Corporation Ltd,Active,A ,2.00,INE050A01025,Equity,,,,,
501430,Bombay Cycle & Motor Agency Ltd.,BOMBCYC,Bombay Cycle & Motor Agency Ltd,Active,X ,10.00,INE691K01017,Equity,,,,,
501455,Greaves Cotton Ltd.,GREAVESCOT,Greaves Cotton Ltd,Active,A ,2.00,INE224A01026,Equity,,,,,
501477,Muller & Phipps (India) Ltd.,MULLER,Muller & Phipps India Ltd,Active,X ,10.00,INE003F01015,Equity,,,,,
501479,SPRINGFORM TECHNOLOGY LIMITED,SFTL,Springform Technology Ltd,Active,P ,10.00,INE02ZA01012,Equity,,,,,
501700,India Nivesh Limited,INDIANVSH,IndiaNivesh Ltd,Active,X ,1.00,INE131H01028,Equity,,,,,
501831,Coastal Corporation Limited,COASTCORP,Coastal Corporation Ltd,Active,B ,2.00,INE377E01024,Equity,,,,,
501833,Chowgule Steamships Ltd.,CHOWGULSTM,Chowgule Steamships Ltd,Active,X ,10.00,INE490A01015,Equity,,,,,
501848,GARWARE OFFSHORE SERVICES LIMITED,GARWAOFFS,Garware Offshore Services Ltd-$,Active,X ,10.00,INE446C01013,Equity,,,,,
501945,Dhenu Buildcon Infra Limited,DHENUBUILD,Dhenu Buildcon Infra Ltd,Active,Z ,1.00,INE758D01027,Equity,,,,,
502015,ASI INDUSTRIES LIMITED,ASIIL,ASI Industries Ltd,Active,X ,1.00,INE443A01030,Equity,,,,,
502090,Sagar Cements Ltd,SAGCEM,Sagar Cements Ltd-$,Active,B ,2.00,INE229C01021,Equity,,,,,
502137,Deccan Cements Ltd.,DECCANCE,Deccan Cements Ltd-$,Active,B ,5.00,INE583C01021,Equity,,,,,
502157,Mangalam Cement Ltd.,MANGLMCEM,Mangalam Cement Ltd,Active,B ,10.00,INE347A01017,Equity,,,,,
502168,NCL Industries Limited,NCLIND,NCL Industries Ltd-$,Active,B ,10.00,INE732C01016,Equity,,,,,
502175,Saurashtra Cement Limited,SAURASHCEM,Saurashtra Cement Ltd,Active,B ,10.00,INE626A01014,Equity,,,,,
502180,Shree Digvijay Cement Co. Ltd.,SHREDIGCEM,Shree Digvijay Cement Company Ltd-$,Active,B ,10.00,INE232A01011,Equity,,,,,
502219,BOROSIL RENEWABLES LIMITED,BORORENEW,Borosil Renewables Ltd,Active,A ,1.00,INE666D01022,Equity,,,,,
502250,LERTHAI FINANCE LIMITED,LERTHAI,Lerthai Finance Ltd,Active,XT,10.00,INE347D01011,Equity,,,,,
502281,Triveni Glass Ltd.,TRIVENIGQ,Triveni Glass Ltd-$,Active,XT,10.00,INE094C01011,Equity,,,,,
502294,Nilachal Refractories Ltd.,NILACHAL,Nilachal Refractories Ltd,Active,X ,10.00,INE416N01013,Equity,,,,,
502330,ANDHRA PAPER LIMITED,ANDHRAPAP,Andhra Paper Ltd,Active,B ,2.00,INE435A01051,Equity,,,,,
502355,Balkrishna Industries Ltd.,BALKRISIND,Balkrishna Industries Ltd-$,Active,A ,2.00,INE787D01026,Equity,,,,,
502420,Orient Paper & Industries Ltd.,ORIENTPPR,Orient Paper & Industries Ltd,Active,B ,1.00,INE592A01026,Equity,,,,,
502445,Citadel Realty And Developers Limited,CITADEL,Citadel Realty and Developers Ltd,Active,X ,10.00,INE906D01014,Equity,,,,,
502448,Rollatainters Ltd.,ROLLT,Rollatainers Ltd,Active,T ,1.00,INE927A01040,Equity,,,,,
502450,Seshasayee Paper & Boards Ltd.,SESHAPAPER,Seshasayee Paper and Boards Ltd,Active,B ,2.00,INE630A01024,Equity,,,,,
502587,NATH INDUSTRIES LIMITED,NATHIND,Nath Industries Ltd,Active,X ,10.00,INE777A01023,Equity,,,,,
502589,VAPI ENTERPRISE LIMITED,VAPIENTER,Vapi Enterprise Ltd,Active,XT,10.00,INE464D01014,Equity,,,,,
502820,DCM Ltd.,DCM,DCM Ltd,Active,B ,10.00,INE498A01018,Equity,,,,,
502850,Gaekwar Mills Ltd.,ZGAEKWAR,Gaekwar Mills Ltd ,Active,X ,10.00,INE837X01027,Equity,,,,,
502865,Forbes & Company Ltd,FORBESCO,Forbes & Company Ltd-$,Active,X ,10.00,INE518A01013,Equity,,,,,
502873,H.P. Cotton Textile Mills Ltd.,HPCOTTON,HP Cotton Textile Mills Ltd,Active,X ,10.00,INE950C01014,Equity,,,,,
502893,United Interactive Limited,UNITEDINT,United Interactive Ltd,Active,X ,10.00,INE706D01018,Equity,,,,,
502901,JAMSHRI REALTY LIMITED,JAMSHRI,Jamshri Realty Ltd-$,Active,X ,10.00,INE462D01034,Equity,,,,,
502933,Katare Spinning Mills Ltd.,KATRSPG,Katare Spinning Mills Ltd,Active,X ,10.00,INE498G01015,Equity,,,,,
502937,Kesoram Industries Ltd,KESORAMIND,Kesoram Industries Ltd,Active,T ,10.00,INE087A01019,Equity,,,,,
502958,Lakshmi Mills Company ltd,LAKSHMIMIL,Lakshmi Mills Company Ltd-$,Active,B ,100.00,INE938C01019,Equity,,,,,
502986,Vardhman Textiles Limted,VTL,Vardhman Textiles Ltd,Active,A ,2.00,INE825A01020,Equity,,,,,
503031,Peninsula Land Limited,PENINLAND,Peninsula Land Ltd,Active,B ,2.00,INE138A01028,Equity,,,,,
503092,Pasupati Spg. & Wvg. Mills Ltd.,PASUSPG,Pasupati Spinning & Weaving Mills Ltd,Active,X ,10.00,INE909B01020,Equity,,,,,
503100,The Phoenix Mills Ltd.,PHOENIXLTD,The Phoenix Mills Ltd,Active,A ,2.00,INE211B01039,Equity,,,,,
503101,Marathon Nextgen Realty Ltd,MARATHON,Marathon Nextgen Realty Ltd,Active,B ,5.00,INE182D01020,Equity,,,,,
503127,Raja Bahadur International Ltd,RAJABAH,Raja Bahadur International Ltd,Active,X ,100.00,INE491N01016,Equity,,,,,
503162,Reliance Chemotex Industries Ltd.,RELCHEMQ,Reliance Chemotex Industries Ltd-$,Active,B ,10.00,INE750D01016,Equity,,,,,
503169,Ruby Mills Ltd.,RUBYMILLS,Ruby Mills Ltd,Active,B ,5.00,INE301D01026,Equity,,,,,
503229,Simplex Realty Limited,SIMPLXREA,Simplex Realty Ltd,Active,B ,10.00,INE167H01014,Equity,,,,,
503310,Swan Corp Limited,SWANCORP,Swan Corp Ltd,Active,A ,1.00,INE665A01038,Equity,,,,,
503349,Victoria Mills Ltd.,VICTMILL,Victoria Mills Ltd,Active,XT,100.00,INE203D01016,Equity,,,,,
503622,S.V. Trading & Agencies Ltd.,ZSVTRADI,SV Trading & Agencies Ltd ,Active,XT,10.00,INE404N01019,Equity,,,,,
503624,Svaraj Trading & Agencies Ltd.,ZSVARAJT,Svaraj Trading & Agencies Ltd ,Active,X ,10.00,INE406N01014,Equity,,,,,
503626,Manglam Global Corporations Limited,MANGLAM,Manglam Global Corporations Ltd,Active,X ,10.00,INE733N01011,Equity,,,,,
503635,Shree Salasar Investment Ltd.,SALSAIN,Shree Salasar Investments Ltd,Active,XT,10.00,INE315N01017,Equity,,,,,
503639,Apollo Ingredients Limited,APOLLOIN,Apollo Ingredients Ltd,Active,XT,5.00,INE314N01028,Equity,,,,,
503641,Zodiac Ventures Limited,ZODIACVEN,Zodiac Ventures Ltd,Active,X ,1.00,INE945J01027,Equity,,,,,
503657,Veer Energy & Infrastructure Limited,VEERENRGY,Veer Energy & Infrastructure Ltd,Active,X ,10.00,INE255E01030,Equity,,,,,
503659,SW Investments Limited,SW1,SW Investments Ltd,Active,XT,10.00,INE948K01011,Equity,,,,,
503663,Tilak Ventures Limited,TILAK,Tilak Ventures Ltd,Active,X ,1.00,INE026L01022,Equity,,,,,
503671,Unijolly Investments Co. Ltd.,UNIJOLL,Unijolly Investments Company Ltd,Active,XT,10.00,INE130N01010,Equity,,,,,
503675,Wagend Infra Venture Limited,WAGEND,Wagend Infra Venture Ltd,Active,X ,2.00,INE786K01023,Equity,,,,,
503681,Elcid Investments Ltd.,ELCIDIN,EL CID Investments Ltd,Active,B ,10.00,INE927X01018,Equity,,,,,
503685,Mediaone Global Entertainment Limited,MEDIAONE,Mediaone Global Entertainment Ltd,Active,Z ,10.00,INE828I01019,Equity,,,,,
503689,Healthy Investments Ltd.,HEALINV,Healthy Investments Ltd,Active,XT,10.00,INE160N01017,Equity,,,,,
503696,Shreenath Investments Co. Ltd.,SHRENTI,Shreenath Investment Company Ltd,Active,XT,10.00,INE475V01012,Equity,,,,,
503722,Banswara Syntex Ltd.,BANSWRAS,Banswara Syntex Ltd-$,Active,B ,5.00,INE629D01020,Equity,,,,,
503772,Modella Woollens Ltd.,MODWOOL,Modella Woollens Ltd,Active,X ,10.00,INE380D01012,Equity,,,,,
503776,Modipon Ltd.,MODIPON,Modipon Ltd,Active,X ,10.00,INE170C01019,Equity,,,,,
503804,Shri Dinesh Mills Ltd.,SHRIDINE,Shri Dinesh Mills Ltd-$,Active,XT,10.00,INE204C01024,Equity,,,,,
503806,SRF Ltd.,SRF,SRF Ltd,Active,A ,10.00,INE647A01010,Equity,,,,,
503811,Siyaram Silk Mills Ltd.,SIYSIL,Siyaram Silk Mills Ltd-$,Active,B ,2.00,INE076B01028,Equity,,,,,
503816,Swadeshi Polytex Ltd.,SWADPOL,Swadeshi Polytex Ltd,Active,X ,1.00,INE243N01029,Equity,,,,,
503837,Shree Rajasthan Syntex Ltd.,SHRAJSYNQ,Shree Rajasthan Syntex Ltd-$,Active,X ,10.00,INE796C01011,Equity,,,,,
503863,Shree Manufacturing Co. Ltd.,SHRMFGC,Shree Manufacturing Company Ltd,Active,X ,10.00,INE632A01012,Equity,,,,,
503893,Satyam Silk Mills Ltd,ZSATYASL,Satyam Silk Mills Ltd,Active,XT,10.00,INE07MC01015,Equity,,,,,
503960,Bharat Bijlee Ltd.,BBL,Bharat Bijlee Ltd-$,Active,B ,5.00,INE464A01036,Equity,,,,,
504000,Elpro International Ltd.,ELPROINTL,Elpro International Ltd,Active,B ,1.00,INE579B01039,Equity,,,,,
504028,GEE Ltd.,GEE,GEE Ltd,Active,XT,2.00,INE064H01021,Equity,,,,,
504036,Hirect Limited,HIRECT,Hirect Ltd,Active,B ,2.00,INE835D01023,Equity,,,,,
504058,Indo National Limited,NIPPOBATRY,Indo National Ltd,Active,B ,5.00,INE567A01028,Equity,,,,,
504067,Zensar Technologies Ltd.,ZENSARTECH,Zensar Technologies Ltd,Active,A ,2.00,INE520A01027,Equity,,,,,
504076,Jyoti Ltd.,JYOTI,Jyoti Ltd-$,Active,X ,10.00,INE511D01012,Equity,,,,,
504080,JSL Industries Ltd.,JSLINDL,JSL Industries Ltd,Active,X ,10.00,INE581L01018,Equity,,,,,
504084,Kaycee Industries Ltd.,KAYCEEI,Kaycee Industries Ltd,Active,X ,10.00,INE813G01023,Equity,,,,,
504092,Indokem Ltd,INDOKEM,Indokem Ltd,Active,B ,10.00,INE716F01012,Equity,,,,,
504093,Panasonic Energy India Co. Ltd.,PANAENERG,Panasonic Energy India Company Ltd-$,Active,X ,10.00,INE795A01017,Equity,,,,,
504112,Nelco Ltd,NELCO,Nelco Ltd,Active,B ,10.00,INE045B01015,Equity,,,,,
504132,Permanent Magnets Ltd.,PERMAGN,Permanent Magnets Ltd-$,Active,B ,10.00,INE418E01018,Equity,,,,,
504176,High Energy Batteries (India) Ltd.,HIGHENE,High Energy Batteries India Ltd,Active,X ,2.00,INE783E01023,Equity,,,,,
504180,Standard Batteries Ltd.,STDBAT,Standard Batteries Ltd,Active,X ,1.00,INE502C01039,Equity,,,,,
504212,Universal Cables Ltd.,UNIVCABLES,Universal Cables Ltd,Active,B ,10.00,INE279A01012,Equity,,,,,
504220,W.S. Industries (India) Ltd.,WSI,W. S. Industries (India) Ltd-$,Active,B ,10.00,INE100D01014,Equity,,,,,
504240,Delton Cables Ltd.,DLTNCBL,Delton Cables Ltd,Active,XT,10.00,INE872E01016,Equity,,,,,
504258,Lakshmi Electrical Control Systems,LAKSELEC,Lakshmi Electrical Control Systems Ltd,Active,X ,10.00,INE284C01018,Equity,,,,,
504273,MODULEX CONSTRUCTION TECHNOLOGIES LIMITED,MODULEX,Modulex Construction Technologies Ltd,Active,Z ,10.00,INE064R01012,Equity,,,,,
504286,DELTA MANUFACTURING LIMITED ,DELTAMAGNT,Delta Manufacturing Ltd,Active,B ,10.00,INE393A01011,Equity,,,,,
504340,Longspur International Ventures Limited,LONGSPUR,Longspur International Ventures Ltd,Active,X ,10.00,INE180M01033,Equity,,,,,
504341,RAVINDRA ENERGY LIMITED,RELTD,Ravindra Energy Ltd,Active,B ,10.00,INE206N01018,Equity,,,,,
504351,Empower India Limited,EMPOWER,Empower India Ltd,Active,B ,1.00,INE507F01023,Equity,,,,,
504356,Multipurpose Trading & Agencies Ltd,ZMULTIPU,Multipurpose Trading & Agencies Ltd,Active,X ,10.00,INE017P01014,Equity,,,,,
504365,Ridhi Synthetics Ltd.,RIDHISYN,Ridhi Synthetics Ltd,Active,XT,10.00,INE07LK01010,Equity,,,,,
504369,Grandma Trading & Agencies Ltd.,GRANDMA,Grandma Trading & Agencies Ltd ,Active,XT,1.00,INE927M01029,Equity,,,,,
504370,Ardi Alliances Limited,ARDIALL,Ardi Alliances Ltd,Active,XT,10.00,INE0LKP01014,Equity,,,,,
504375,IDream Film Infrastructure Company Limited,IDREAM,IDream Film Infrastructure Company Ltd,Active,P ,10.00,INE459E01012,Equity,,,,,
504378,Nyssa Corporation Limited,NYSSACORP,Nyssa Corporation Ltd,Active,X ,1.00,INE812K01027,Equity,,,,,
504380,FLOMIC GLOBAL LOGISTICS LIMITED,FLOMIC,Flomic Global Logistics Ltd,Active,X ,10.00,INE952M01019,Equity,,,,,
504392,Krishna Ventures Limited,KRISHNA,Krishna Ventures Ltd,Active,XT,10.00,INE537L01010,Equity,,,,,
504397,Ganesh Holding Ltd.,GANHOLD,Ganesh Holdings Ltd,Active,XT,10.00,INE932M01011,Equity,,,,,
504605,Uni-Abex Alloy Products Ltd.,UNIABEXAL,Uni Abex Alloy Products Ltd,Active,X ,10.00,INE361D01012,Equity,,,,,
504614,Sarda Energy & Minerals Ltd,SARDAEN,Sarda Energy & Minerals Ltd-$,Active,A ,1.00,INE385C01021,Equity,,,,,
504646,Bhagwati Autocast Limited,BGWTATO,Bhagwati Autocast Ltd,Active,XT,10.00,INE106G01014,Equity,,,,,
504648,Bombay Wire Ropes Ltd.,BOMBWIR,Bombay Wire Ropes Ltd,Active,X ,1.00,INE089T01023,Equity,,,,,
504697,Galada Power & Communication Ltd.,GALADA,Galada Power & Telecommunication Ltd,Active,XT,10.00,INE255C01026,Equity,,,,,
504731,AZAD INDIA MOBILITY LIMITED,AZADIND,Azad India Mobility Ltd,Active,B ,10.00,INE566M01017,Equity,,,,,
504741,Indian Hume Pipe Co. Ltd.,INDIANHUME,Indian Hume Pipe Company Ltd,Active,B ,2.00,INE323C01030,Equity,,,,,
504746,Indian Link Chain Mnfrs. Ltd.,INLCM,Indian Link Chain Manufacturers Ltd,Active,X ,10.00,INE359D01024,Equity,,,,,
504786,Investment & Precision Castings Ltd,INVPRECQ,Investment & Precision Castings Ltd,Active,T ,10.00,INE155E01016,Equity,,,,,
504810,Informed Technologies India Ltd.,INFORTEC,Informed Technologies India Ltd,Active,X ,10.00,INE123E01014,Equity,,,,,
504840,Kaira Can Co. Ltd.,KAIRA,Kaira Can Company Ltd,Active,X ,10.00,INE375D01012,Equity,,,,,
504879,ORIENT CERATECH LIMITED,ORIENTCER,Orient Ceratech Ltd-$,Active,B ,1.00,INE569C01020,Equity,,,,,
504882,National Standard (India) Limited,NATIONSTD,National Standard (India) Ltd,Active,B ,10.00,INE166R01015,Equity,,,,,
504903,Rathi Steel & Power Ltd,RATHIST,Rathi Steel & Power Ltd-$,Active,XT,10.00,INE336C01016,Equity,,,,,
504908,Duncan Engineering Limited,DUNCANENG,Duncan Engineering Ltd-$,Active,X ,10.00,INE340F01011,Equity,,,,,
504918,Sandur Manganese & Iron Ores Ltd.,SANDUMA,Sandur Manganese & Iron Ores Ltd,Active,A ,10.00,INE149K01016,Equity,,,,,
504959,Stovec Industries Ltd.,STOVACQ,Stovec Industries Ltd,Active,X ,10.00,INE755D01015,Equity,,,,,
504973,CHOLAMANDALAM FINANCIAL HOLDINGS LIMITED,CHOLAHLDNG,Cholamandalam Financial Holdings Ltd,Active,A ,1.00,INE149A01033,Equity,,,,,
504988,Welcast Steels Ltd.,ZWELCAST,Welcast Steels Ltd,Active,X ,10.00,INE380G01015,Equity,,,,,
504998,Western Ministil Ltd.,WMINIMT,Western Ministil Ltd,Active,P ,10.00,INE187U01015,Equity,,,,,
505010,Automotive Axles Ltd.,AUTOAXLES,Automotive Axles Ltd,Active,B ,10.00,INE449A01011,Equity,,,,,
505029,Atlas Cycles (Haryana) Ltd.,ATLASCYCLE,Atlas Cycles (Haryana) Ltd,Active,B ,5.00,INE446A01025,Equity,,,,,
505036,Automobile Corpn. of Goa Ltd.,ACGL,Automobile Corporation of Goa Ltd-$,Active,B ,10.00,INE451C01013,Equity,,,,,
505075,Setco Automotive Limited,SETCO,Setco Automotive Ltd,Active,T ,2.00,INE878E01021,Equity,,,,,
505160,Talbros Automotive Components Ltd.,TALBROAUTO,Talbros Automotive Components Ltd,Active,B ,2.00,INE187D01029,Equity,,,,,
505163,Z.F. Steering Gear (India) Limited,ZFSTEERING,ZF Steering Gear India Ltd-$,Active,B ,10.00,INE116C01012,Equity,,,,,
505192,SML Mahindra Limited,SMLMAH,SML Mahindra Ltd,Active,A ,10.00,INE294B01019,Equity,,,,,
505196,TIL Ltd.,TIL,TIL Ltd,Active,T ,10.00,INE806C01018,Equity,,,,,
505200,Eicher Motors Ltd.,EICHERMOT,Eicher Motors Ltd,Active,A ,1.00,INE066A01021,Equity,,,,,
505212,JAINEX AAMCOL LTD.,JAINEX,Jainex Aamcol Ltd,Active,X ,10.00,INE280F01019,Equity,,,,,
505216,Alfred Herbert (India) Ltd.,ALFREDHE,Alfred Herbert India Ltd,Active,B ,10.00,INE782D01027,Equity,,,,,
505232,Veljan Denison Limited,VELJAN,Veljan Denison Ltd,Active,T ,10.00,INE232E01013,Equity,,,,,
505242,Dynamatic Technologies Ltd.,DYNAMATECH,Dynamatic Technologies Ltd-$,Active,A ,10.00,INE221B01012,Equity,,,,,
505250,G. G. Dandekar Properties Limited,GGDPROP,G. G. Dandekar Properties Ltd,Active,X ,1.00,INE631D01026,Equity,,,,,
505255,GMM Pfaudler Ltd.,GMMPFAUDLR,GMM Pfaudler Ltd,Active,A ,2.00,INE541A01023,Equity,,,,,
505283,Kirloskar Pneumatic Co.Ltd.,KIRLPNU,Kirloskar Pneumatic Company Ltd,Active,A ,1.00,INE811A01038,Equity,,,,,
505299,KPT INDUSTRIES LIMITED,KPT,KPT Industries Ltd,Active,X ,5.00,INE731D01024,Equity,,,,,
505302,LAKSHMI ENGINEERING AND WAREHOUSING LIMITED,LAKSHMIEW,Lakshmi Engineering And Warehousing Ltd,Active,X ,100.00,INE718M01022,Equity,,,,,
505324,Manugraph India Ltd,MANUGRAPH,Manugraph India Ltd-$,Active,B ,2.00,INE867A01022,Equity,,,,,
505336,HARSHIL AGROTECH LIMITED,HARSHILAGR,Harshil Agrotech Ltd,Active,XT,1.00,INE098E01026,Equity,,,,,
505343,Monotype India Ltd.,MONOT,Monotype India Ltd ,Active,X ,1.00,INE811D01024,Equity,,,,,
505355,Nesco Ltd,NESCO,NESCO Ltd,Active,A ,2.00,INE317F01035,Equity,,,,,
505358,Integra Engineering India Ltd.,INTEGRAEN,Integra Engineering India Ltd,Active,X ,1.00,INE984B01023,Equity,,,,,
505368,Semac Construction Limited,SEMAC,Semac Construction Ltd-$,Active,B ,10.00,INE617A01013,Equity,,,,,
505400,Texmaco Infrastructure & Holdings Ltd,TEXINFRA,Texmaco Infrastructure & Holdings Ltd,Active,B ,1.00,INE435C01024,Equity,,,,,
505412,Wendt (India) Ltd.,WENDT,Wendt (India) Ltd,Active,B ,10.00,INE274C01019,Equity,,,,,
505502,PS IT Infrastructure & Services Limited,PSITINFRA,PS IT Infrastructure & Services Ltd,Active,XT,10.00,INE953M01033,Equity,,,,,
505504,GHV INFRA PROJECTS LIMITED,GHVINFRA,GHV Infra Projects Ltd,Active,XT,5.00,INE809Q01020,Equity,,,,,
505509,Responsive Industries Ltd,RESPONIND,Responsive Industries Ltd,Active,B ,1.00,INE688D01026,Equity,,,,,
505515,Shyamkamal Investments Ltd.,SHYMINV,Shyamkamal Investments Ltd ,Active,X ,10.00,INE203N01015,Equity,,,,,
505520,HEM Holdings and Trading Ltd.,ZHEMHOLD,Hem Holdings & Trading Ltd,Active,XT,10.00,INE721U01011,Equity,,,,,
505523,Maharashtra Corporation Ltd.,MAHACORP,Maharashtra Corporation Ltd,Active,X ,1.00,INE272E01027,Equity,,,,,
505526,DOLAT ALGOTECH LIMITED,DOLATALGO,Dolat Algotech Ltd,Active,B ,1.00,INE966A01022,Equity,,,,,
505533,WESTLIFE FOODWORLD LIMITED,WESTLIFE,Westlife Foodworld Ltd,Active,A ,2.00,INE274F01020,Equity,,,,,
505537,Zee Entertainment Enterprises Ltd.,ZEEL,Zee Entertainment Enterprises Ltd,Active,A ,1.00,INE256A01028,Equity,,,,,
505585,Kovalam Inv. & Trading Co.Ltd.,ZKOVALIN,Kovalam Investment & Trading Company Ltd ,Active,X ,10.00,INE735U01011,Equity,,,,,
505590,SVP GLOBAL TEXTILES LIMITED,SVPGLOB,SVP Global Textiles Ltd,Active,B ,1.00,INE308E01029,Equity,,,,,
505594,Multiplus Holdings Ltd.,MULTIIN,Multiplus Holdings Ltd,Active,XT,10.00,INE886E01016,Equity,,,,,
505650,Skyline Millars Ltd,SKYLMILAR,Skyline Millars Ltd,Active,X ,1.00,INE178E01026,Equity,,,,,
505681,Bimetal Bearings Ltd,BIMETAL,Bimetal Bearings Ltd-$,Active,B ,10.00,INE469A01019,Equity,,,,,
505685,Taparia Tools Ltd.,TAPARIA,Taparia Tools Ltd,Active,XT,10.00,INE614R01014,Equity,,,,,
505688,Bharat Gears Ltd.,BHARATGEAR,Bharat Gears Ltd,Active,T ,10.00,INE561C01019,Equity,,,,,
505690,Brady & Morris Engineering Co. Ltd.,BRADYM,Brady & Morris Engineering Company Ltd,Active,X ,10.00,INE856A01017,Equity,,,,,
505693,La Tim Metal & Industries Limited,LATIMMETAL,La Tim Metal & Industries Ltd,Active,X ,1.00,INE501N01020,Equity,,,,,
505700,Elecon Engineering Co.Ltd.,ELECON,Elecon Engineering Company Ltd,Active,A ,1.00,INE205B01031,Equity,,,,,
505710,Grauer & Weil (India) Ltd.,GRAUWEIL,Grauer & Weil India Ltd-$,Active,B ,1.00,INE266D01021,Equity,,,,,
505712,HIM TEKNOFORGE LIMITED,HIMTEK,Him Teknoforge Ltd,Active,XT,2.00,INE705G01021,Equity,,,,,
505714,Gabriel India Ltd.,GABRIEL,Gabriel India Ltd-$,Active,A ,1.00,INE524A01029,Equity,,,,,
505720,Hercules Investments Limited,HERCULES,Hercules Investments Ltd,Active,X ,1.00,INE688E01024,Equity,,,,,
505725,ALGOQUANT FINTECH LIMITED,ALGOQUANT,Algoquant Fintech Ltd,Active,B ,1.00,INE598D01035,Equity,,,,,
505726,IFB Industries Limited,IFBIND,IFB Industries Ltd,Active,B ,10.00,INE559A01017,Equity,,,,,
505729,Singer India Limited,SINGERIND,Singer India Ltd,Active,B ,2.00,INE638A01035,Equity,,,,,
505737,International Combustion (India) Lt,INTLCOMBQ,International Combustion India Ltd,Active,X ,10.00,INE403C01014,Equity,,,,,
505744,Federal-Mogul Goetze (India) Ltd,FMGOETZE,Federal-Mogul Goetze (India) Ltd,Active,B ,10.00,INE529A01010,Equity,,,,,
505750,Josts Engineering Co. Ltd.,JOSTS,Josts Engineering Company Ltd,Active,X ,1.00,INE636D01041,Equity,,,,,
505790,Schaeffler India Limited,SCHAEFFLER,Schaeffler India Ltd,Active,A ,2.00,INE513A01022,Equity,,,,,
505797,Mipco Seamless Rings (Gujarat) Ltd.,MPCOSEMB,Mipco Seamless Rings Gujarat Ltd,Active,X ,10.00,INE860N01012,Equity,,,,,
505800,Rane Holdings Ltd.,RANEHOLDIN,Rane Holdings Ltd,Active,B ,10.00,INE384A01010,Equity,,,,,
505807,Rolcon Engineering Co. Ltd.,ROLCOEN,Rolcon Engineering Company Ltd,Active,P ,10.00,INE775R01013,Equity,,,,,
505827,SNL Bearings Ltd.,SNL,SNL Bearings Ltd,Active,X ,10.00,INE568F01017,Equity,,,,,
505840,Jaipan Industries Ltd,JAIPAN,Jaipan Industries Ltd,Active,XT,10.00,INE058D01030,Equity,,,,,
505850,Mangal Credit and Fincorp Limited,MANCREDIT,Mangal Credit and Fincorp Ltd,Active,B ,10.00,INE545L01039,Equity,,,,,
505854,TRF Ltd,TRF,TRF Ltd-$,Active,B ,10.00,INE391D01019,Equity,,,,,
505872,WPIL Ltd,WPIL,WPIL Ltd,Active,B ,1.00,INE765D01022,Equity,,,,,
505890,Kennametal India Limtied,KENNAMET,Kennametal India Ltd-$,Active,B ,10.00,INE717A01029,Equity,,,,,
505893,HINDUSTAN HARDY LIMITED,HINDHARD,Hindustan Hardy Ltd,Active,X ,10.00,INE724D01011,Equity,,,,,
505978,Triton Valves Ltd.,TRITONV,Triton Valves Ltd,Active,B ,10.00,INE440G01017,Equity,,,,,
506003,Sudal Industries Limited,SUDAI,Sudal Industries Ltd,Active,X ,10.00,INE618D01015,Equity,,,,,
506022,Prakash Industries Ltd.,PRAKASH,Prakash Industries Ltd,Active,B ,10.00,INE603A01013,Equity,,,,,
506024,HARIYANA VENTURES LIMITED,HVL,Hariyana Ventures Ltd,Active,ZP,10.00,INE219D01012,Equity,,,,,
506042,Prabhu Steel Industries Ltd.,ZPRBHSTE,Prabhu Steel Industries Ltd,Active,XT,10.00,INE821R01015,Equity,,,,,
506074,Arshiya Limited,ARSHIYA,Arshiya Ltd,Active,Z ,2.00,INE968D01022,Equity,,,,,
506076,Grindwell Norton Ltd.,GRINDWELL,Grindwell Norton Ltd-$,Active,A ,5.00,INE536A01023,Equity,,,,,
506079,Lakshmi Precision Screws Ltd.,LAKPRE,Lakshmi Precision Screws Ltd,Active,Z ,10.00,INE651C01018,Equity,,,,,
506105,Stanrose Mafatlal Investments & Fin,STANROS,Stanrose Mafatlal Investments & Finance Ltd,Active,X ,10.00,INE441L01015,Equity,,,,,
506109,Genesys International Corporation Ltd.,GENESYS,Genesys International Corporation Ltd,Active,B ,5.00,INE727B01026,Equity,,,,,
506120,Alna Trading & Exports Ltd.,ALNATRD,Alna Trading & Exports Ltd,Active,P ,10.00,INE07I701011,Equity,,,,,
506122,Kairosoft AI Solutions Limited,VOLKAI,Kairosoft AI Solutions Ltd,Active,XT,1.00,INE820M01026,Equity,,,,,
506128,Parnax Lab Limited,PARNAXLAB,Parnax Lab Ltd,Active,B ,10.00,INE383L01019,Equity,,,,,
506134,GOURMET GATEWAY INDIA LIMITED,GOURMET,Gourmet Gateway India Ltd,Active,XT,1.00,INE512D01028,Equity,,,,,
506146,Visagar Polytex Ltd,VIVIDHA,Visagar Polytex Ltd,Active,B ,1.00,INE370E01029,Equity,,,,,
506161,Ishwarshakti Holdings & Traders Ltd,ISHWATR,Ishwarshakti Holdings & Traders Ltd,Active,XT,10.00,INE073I01012,Equity,,,,,
506162,Terraform Magnum Limited,TERRAFORM,Terraform Magnum Ltd,Active,P ,10.00,INE122V01010,Equity,,,,,
506166,Apis India Ltd,APIS,Apis India Ltd,Active,B ,10.00,INE070K01014,Equity,,,,,
506178,Velox Shipping and Logistics Limited,VELOX,Velox Shipping and Logistics Ltd,Active,XT,10.00,INE092P01017,Equity,,,,,
506180,EMERGENT INDUSTRIAL SOLUTIONS LIMITED,EMERGENT,Emergent Industrial Solutions Ltd,Active,XT,10.00,INE668L01013,Equity,,,,,
506184,Kanani Industries Ltd,KANANIIND,Kanani Industries Ltd,Active,B ,1.00,INE879E01037,Equity,,,,,
506186,GALAXY SUPERMARKET LIMITED,GSLTD,Galaxy Supermarket Ltd-$,Active,X ,10.00,INE403B01016,Equity,,,,,
506190,Sarvamangal Mercantile Co. Ltd.,ZSARVAMA,Sarvamangal Mercantile Company Ltd ,Active,XT,10.00,INE978L01016,Equity,,,,,
506194,Arihant Superstructures Limited,ARIHANTSUP,Arihant Superstructures Ltd,Active,B ,10.00,INE643K01018,Equity,,,,,
506196,Viksit Engineering Ltd,VIKSHEN,Viksit Engineering Ltd,Active,XT,10.00,INE965V01020,Equity,,,,,
506197,Bliss GVS Pharma Limited,BLISSGVS,Bliss GVS Pharma Ltd,Active,T ,1.00,INE416D01022,Equity,,,,,
506222,Styrenix Performance Materials Limited,STYRENIX,Styrenix Performance Materials Ltd,Active,B ,10.00,INE189B01011,Equity,,,,,
506235,Alembic  Ltd,ALEMBICLTD,Alembic Ltd,Active,B ,2.00,INE426A01027,Equity,,,,,
506248,Amines & Plasticizers Ltd,AMNPLST,Amines & Plasticizers Ltd,Active,B ,2.00,INE275D01022,Equity,,,,,
506260,Anuh Pharma Ltd.,ANUHPHR,Anuh Pharma Ltd,Active,B ,5.00,INE489G01022,Equity,,,,,
506261,MODISON LIMITED,MODISONLTD,Modison Ltd-$,Active,T ,1.00,INE737D01021,Equity,,,,,
506285,Bayer CropScience Limited.,BAYERCROP,Bayer CropScience Ltd,Active,A ,10.00,INE462A01022,Equity,,,,,
506313,Sashwat Technocrats Limited,SASHWAT,Sashwat Technocrats Ltd,Active,P ,10.00,INE789D01014,Equity,,,,,
506365,STARSOURCE MULTITRADE LIMITED,STARSOURCE,Star Source Multi Trade Ltd,Active,X ,10.00,INE320M01019,Equity,,,,,
506390,Sudarshan Colorants India Limited,SUDARCOLOR,Sudarshan Colorants India Ltd,Active,B ,10.00,INE492A01029,Equity,,,,,
506395,Coromandel International Limited,COROMANDEL,Coromandel International Ltd,Active,A ,1.00,INE169A01031,Equity,,,,,
506401,Deepak Nitrite Limited,DEEPAKNTR,Deepak Nitrite Ltd-$,Active,A ,2.00,INE288B01029,Equity,,,,,
506405,DMCC SPECIALITY CHEMICALS LIMITED,DMCC,DMCC Speciality Chemicals Ltd,Active,B ,10.00,INE505A01010,Equity,,,,,
506414,FERMENTA BIOTECH LIMITED,FERMENTA,Fermenta Biotech Ltd,Active,B ,5.00,INE225B01021,Equity,,,,,
506480,GOCL Corporation Limited,GOCLCORP,GOCL Corporation Ltd-$,Active,B ,2.00,INE077F01035,Equity,,,,,
506520,Jayshree Chemicals Ltd.,JAYCH,Jayshree Chemicals Ltd,Active,X ,10.00,INE693E01016,Equity,,,,,
506525,Kanoria Chemicals & Industries Ltd.,KANORICHEM,Kanoria Chemicals & Industries Ltd,Active,T ,5.00,INE138C01024,Equity,,,,,
506528,Keltech Energies Ltd.,KELENRG,KELTECH Energies Ltd,Active,XT,10.00,INE881E01017,Equity,,,,,
506530,Kemp & Company Limited,KEMP,Kemp & Company Ltd,Active,X ,10.00,INE060E01018,Equity,,,,,
506532,Nitta Gelatin India Ltd,NITTAGELA,Nitta Gelatin India Ltd-$,Active,B ,10.00,INE265B01019,Equity,,,,,
506543,M.P. Agro Industries Ltd.,MPAGI,MP Agro Industries Ltd,Active,XT,10.00,INE468C01017,Equity,,,,,
506579,AG VENTURES LIMITED,AGVENTURES,AG Ventures Ltd-$,Active,X ,10.00,INE321D01016,Equity,,,,,
506580,PB Global Limited,PBGLOBAL,PB Global Ltd,Active,XT,10.00,INE615W01011,Equity,,,,,
506590,PCBL Chemical Limited,PCBL,PCBL Chemical Ltd,Active,A ,1.00,INE602A01031,Equity,,,,,
506597,Amal Ltd,AMAL,Amal Ltd,Active,B ,10.00,INE841D01013,Equity,,,,,
506605,Polychem Ltd,POLYCHEM,Polychem Ltd,Active,X ,10.00,INE752B01024,Equity,,,,,
506618,Punjab Chemicals and Crop Protection Ltd.,PUNJABCHEM,Punjab Chemicals & Crop Protection Ltd-$,Active,B ,10.00,INE277B01014,Equity,,,,,
506640,ZR2 BIOENERGY LIMITED,ZR2,ZR2 Bioenergy Ltd,Active,X ,1.00,INE218N01021,Equity,,,,,
506642,Sadhana Nitrochem Ltd.,SADHNANIQ,Sadhana Nitro Chem Ltd,Active,T ,1.00,INE888C01040,Equity,,,,,
506655,Sudarshan Chemical Indus. Ltd.,SUDARSCHEM,Sudarshan Chemical Industries Ltd,Active,A ,2.00,INE659A01023,Equity,,,,,
506680,Tecil Chemicals & Hydro Power Limit,TECILCHEM,Tecil Chemicals & Hydro Power Ltd,Active,B ,10.00,INE014B01011,Equity,,,,,
506685,Ultramarine & Pigments Ltd.,ULTRAMAR,Ultramarine & Pigments Ltd-$,Active,B ,2.00,INE405A01021,Equity,,,,,
506687,Transpek Industry Ltd.,TRANSPEK,Transpek Industry Ltd-$,Active,T ,10.00,INE687A01016,Equity,,,,,
506690,Unichem Laboratories Ltd.,UNICHEMLAB,Unichem Laboratories Ltd,Active,B ,2.00,INE351A01035,Equity,,,,,
506734,Mysore Petro Chemicals Ltd.,MYSORPETRO,Mysore Petro Chemicals Ltd-$,Active,T ,10.00,INE741A01011,Equity,,,,,
506767,Alkyl Amines Chemicals Ltd.,ALKYLAMINE,Alkyl Amines Chemicals Ltd-$,Active,A ,2.00,INE150B01039,Equity,,,,,
506808,TUTICORIN ALKALI CHEMICALS AND FERTILIZERS LIMITED,TUTIALKA,Tuticorin Alkali Chemicals And Fertilizers Ltd,Active,B ,10.00,INE400A01014,Equity,,,,,
506820,AstraZeneca Pharma India Ltd.,ASTRAZEN,AstraZeneca Pharma India Ltd,Active,A ,2.00,INE203A01020,Equity,,,,,
506852,Primo Chemicals Limited,PRIMO,Primo Chemicals Ltd,Active,B ,2.00,INE607A01022,Equity,,,,,
506854,TANFAC Industries Ltd.,TANFACIND,TANFAC Industries Ltd-$,Active,B ,5.00,INE639B01023,Equity,,,,,
506858,Gujarat Petrosynthese Ltd.,GUJPETR,Gujarat Petrosynthese Ltd,Active,X ,10.00,INE636P01011,Equity,,,,,
506863,Swadeshi Industries Leasing Co. Ltd,SWADEIN,Swadeshi Industries & Leasing Ltd,Active,X ,10.00,INE716M01034,Equity,,,,,
506879,Gujarat Themis Biosyn Ltd.,GUJTHEM,Gujarat Themis Biosyn Ltd,Active,B ,1.00,INE942C01045,Equity,,,,,
506906,Saptak Chem And Business Limited,SCBL,Saptak Chem And Business Ltd,Active,XT,10.00,INE467X01023,Equity,,,,,
506919,Makers Laboratories Ltd.,MAKERSL,Makers Laboratories Ltd-$,Active,B ,10.00,INE987A01010,Equity,,,,,
506935,Continental Chemicals Ltd.,CONTCHM,Continental Chemicals Ltd,Active,X ,10.00,INE423K01015,Equity,,,,,
506945,Indo Gulf Industries  Ltd.,IGLFXPL-B,Indo Gulf Industries Ltd,Active,P ,1.00,INE684U01011,Equity,,,,,
506947,Advance Petrochemicals Ltd.,ADVPETR-B,Advance Petrochemicals Ltd,Active,XT,10.00,INE334N01018,Equity,,,,,
506975,Rajasthan Petro Synthetics Ltd.,RAJSPTR,Rajasthan Petro Synthetics Ltd,Active,P ,10.00,INE374C01017,Equity,,,,,
506979,Apt Packaging Ltd,APTPACK,Apt Packaging Ltd,Active,X ,10.00,INE046E01025,Equity,,,,,
506981,Blue Chip Tex Industries Ltd.,BLUECHIPT,Bluechip Tex Industries Ltd,Active,X ,10.00,INE472D01017,Equity,,,,,
507155,Jagatjit Industries Ltd.,JAGAJITIND,Jagatjit Industries Ltd,Active,X ,10.00,INE574A01016,Equity,,,,,
507180,Kesar Enterprises Ltd.,KESARENT,Kesar Enterprises Ltd-$,Active,XT,1.00,INE133B01027,Equity,,,,,
507205,Tilaknagar Industries Ltd,TI,Tilaknagar Industries Ltd-$,Active,A ,10.00,INE133E01013,Equity,,,,,
507265,Emerald Leisures Limited,EMERALL,Emerald Leisures Ltd,Active,XT,5.00,INE044N01021,Equity,,,,,
507300,The Ravalgaon Sugar Farm Limited,RAVALSUGAR,The Ravalgaon Sugar Farm Ltd,Active,X ,10.00,INE615A01025,Equity,,,,,
507315,Sakthi Sugars Ltd.,SAKHTISUG,Sakthi Sugars Ltd,Active,B ,10.00,INE623A01011,Equity,,,,,
507410,Walchandnagar Industries Ltd,WALCHANNAG,Walchandnagar Industries Ltd,Active,B ,2.00,INE711A01022,Equity,,,,,
507438,IFB Agro Industries Ltd,IFBAGRO,IFB Agro Industries Ltd,Active,B ,10.00,INE076C01018,Equity,,,,,
507474,Kothari Fermanatation & Biochem Ltd,KFBL,Kothari Fermentation & Biochem Ltd,Active,X ,10.00,INE991B01010,Equity,,,,,
507486,Caprolactam Chemicals ltd.,CAPRO,Caprolactam Chemicals Ltd,Active,X ,10.00,INE470N01010,Equity,,,,,
507488,G.M. Breweries Ltd.,GMBREW,GM Breweries Ltd,Active,B ,10.00,INE075D01018,Equity,,,,,
507490,Rana Sugars Ltd.,RANASUG,Rana Sugars Ltd,Active,B ,10.00,INE625B01014,Equity,,,,,
507498,Piccadily Sugar  & Allied Ltd.,PICCASUG,Piccadily Sugar & Allied Industries Ltd,Active,X ,10.00,INE544C01023,Equity,,,,,
507514,Som Distilleries & Breweries Ltd.,SDBL,Som Distilleries & Breweries Ltd,Active,B ,2.00,INE480C01038,Equity,,,,,
507515,C.J. Gelatine Products Ltd.,CJGEL,CJ Gelatine Products Ltd,Active,X ,10.00,INE557D01015,Equity,,,,,
507526,Associated Alcohols & Breweries Ltd,ASALCBR,Associated Alcohols & Breweries Ltd,Active,B ,10.00,INE073G01016,Equity,,,,,
507530,THAKKERS GROUP LIMITED,THAKKERS,Thakkers Group Ltd,Active,X ,10.00,INE04VT01017,Equity,,,,,
507543,Coromandel Agro Products & Oils Ltd,CORAGRO,Coromandel Agro Products & Oils Ltd,Active,P ,10.00,INE495D01018,Equity,,,,,
507552,Foods & Inns Ltd.,FOODSIN,Foods & Inns Ltd,Active,B ,1.00,INE976E01023,Equity,,,,,
507580,IVP Ltd.,IVP,IVP Ltd,Active,T ,10.00,INE043C01018,Equity,,,,,
507598,KOVILPATTI LAKSHMI ROLLER FLOUR MILLS  LTD,KLRFM,Kovilpatti Lakshmi Roller Flour Mills Ltd,Active,X ,10.00,INE014E01015,Equity,,,,,
507609,Olympic Oil Industries Ltd.,OLYOI,Olympic Oil Industries Ltd,Active,X ,10.00,INE286E01019,Equity,,,,,
507621,Milkfood Ltd.,MLKFOOD,Milkfood Ltd,Active,B ,5.00,INE588G01021,Equity,,,,,
507645,Polson Ltd.,POLSON,Polson Ltd,Active,X ,50.00,INE339F01021,Equity,,,,,
507663,SIGNATURE GREEN CORPORATION LIMITED,SIGNGCL,Signature Green Corporation Ltd,Active,X ,10.00,INE131O01024,Equity,,,,,
507685,Wipro  Ltd.,WIPRO,Wipro Ltd,Active,A ,2.00,INE075A01022,Equity,,,,,
507690,Orient Beverages Ltd.,ORIBEVER,Orient Beverages Ltd,Active,X ,10.00,INE247F01018,Equity,,,,,
507717,Dhanuka Agritech Ltd.,DHANUKA,Dhanuka Agritech Ltd,Active,B ,2.00,INE435G01025,Equity,,,,,
507747,TTK Healthcare Ltd.,TTKHLTCARE,TTK Healthcare Ltd-$,Active,B ,10.00,INE910C01018,Equity,,,,,
507753,TGV SRAAC LIMITED,TGVSL,TGV Sraac Ltd,Active,B ,10.00,INE284B01028,Equity,,,,,
507759,Lime Chemicals Ltd.,LIMECHM,Lime Chemicals Ltd,Active,X ,10.00,INE891G01011,Equity,,,,,
507779,Kanpur Plastipack Limited,KANPRPLA,Kanpur Plastipack Ltd,Active,B ,10.00,INE694E01014,Equity,,,,,
507785,Tainwala Chemicals & Plastics Ltd,TAINWALCHM,Tainwala Chemicals and Plastics (India) Ltd,Active,B ,10.00,INE123C01018,Equity,,,,,
507789,Jagsonpal Pharmaceuticals Limited,JAGSNPHARM,Jagsonpal Pharmaceuticals Ltd,Active,B ,2.00,INE048B01035,Equity,,,,,
507794,Khaitan Chemicals & Fertilizers Ltd,KHAICHEM,Khaitan Chemicals & Fertilizers Ltd,Active,B ,1.00,INE745B01028,Equity,,,,,
507808,United Leasing & Industries Ltd,UNTTEMI,United Leasing & Industries Ltd,Active,P ,10.00,INE357P01014,Equity,,,,,
507813,National Oxygen Ltd.,NOL,National Oxygen Ltd,Active,X ,10.00,INE296D01010,Equity,,,,,
507815,Gillette India Ltd.,GILLETTE,Gillette India Ltd,Active,A ,10.00,INE322A01010,Equity,,,,,
507817,Wires & Fabriks (SA) Ltd.,WIREFABR,Wires & Fabriks SA Ltd,Active,X ,10.00,INE469D01013,Equity,,,,,
507828,ANSAL HOUSING LIMITED,ANSALHSG,Ansal Housing Ltd-$,Active,X ,10.00,INE880B01015,Equity,,,,,
507833,Computer Point Ltd.,COMPUPN,Computer Point Ltd,Active,X ,10.00,INE607B01012,Equity,,,,,
507836,Mac Charles (India) Ltd.,MCCHRLS-B,Mac Charles India Ltd,Active,B ,10.00,INE435D01014,Equity,,,,,
507852,Addi Industries Ltd.,ADDIND,Addi Industries Ltd-$,Active,B ,5.00,INE757C01021,Equity,,,,,
507864,Pioneer Investcorp Ltd,PIONRINV,Pioneer Investcorp Ltd,Active,T ,10.00,INE746D01014,Equity,,,,,
507872,Ashnoor Textiles Mills Ltd.,ASHNOOR,Ashnoor Textile Mills Ltd,Active,X ,10.00,INE372I01018,Equity,,,,,
507878,Unitech Ltd.,UNITECH,Unitech Ltd,Active,B ,2.00,INE694A01020,Equity,,,,,
507880,V.I.P. Industries Ltd.,VIPIND,VIP Industries Ltd-$,Active,A ,2.00,INE054A01027,Equity,,,,,
507910,FIBERWEB (INDIA) LTD.,FIBERWEB,Fiberweb India Ltd,Active,B ,10.00,INE296C01020,Equity,,,,,
507912,GYFTR LIMITED,GYFTR,Gyftr Ltd,Active,B ,10.00,INE724A01017,Equity,,,,,
507917,East Buildtech Limited,EASTBUILD,East Buildtech Ltd,Active,XT,10.00,INE706N01017,Equity,,,,,
507938,Manipal Finance Corporation Ltd.,MNPLFIN,Manipal Finance Corporation Ltd,Active,P ,10.00,INE798E01013,Equity,,,,,
507944,Bajaj Steel Industries Ltd.,BAJAJST,Bajaj Steel Industries Ltd,Active,B ,5.00,INE704G01024,Equity,,,,,
507946,Kiduja  India  Ltd,KIDUJA,Kiduja India Ltd,Active,X ,1.00,INE845A01028,Equity,,,,,
507948,Key Corp Ltd,KEYCORP,Key Corporation Ltd,Active,X ,10.00,INE130F01016,Equity,,,,,
507952,Shikhar Leasing and Trading Ltd.,SHIKHARLETR,Shikhar Leasing & Trading Ltd,Active,XT,10.00,INE02BV01019,Equity,,,,,
507960,Gujarat Hotels Ltd.,GUJHOTE,Gujarat Hotels Ltd,Active,X ,10.00,INE621C01011,Equity,,,,,
507962,FYNX CAPITAL LIMITED,FYNX,Fynx Capital Ltd,Active,XT,1.00,INE455H01021,Equity,,,,,
507966,Ras Resorts & Apart Hotels Ltd.,RASRESOR,Ras Resorts & Apart Hotels Ltd,Active,X ,10.00,INE651D01016,Equity,,,,,
507968,Jolly Plastic Industries Ltd.,JOLYPLS,Jolly Plastic Industries Ltd,Active,X ,10.00,INE289M01016,Equity,,,,,
507970,Paramount Cosmetics (India) Ltd,PARMCOS-B,Paramount Cosmetics India Ltd,Active,X ,10.00,INE143I01013,Equity,,,,,
507981,Jindal Hotels Ltd.,JINDHOT,Jindal Hotels Ltd,Active,X ,10.00,INE726D01016,Equity,,,,,
507987,Jupiter Industries & Leasing Ltd.,JPTRLES,Jupiter Industries & Leasing Ltd,Active,P ,10.00,INE990E01016,Equity,,,,,
507998,Simmonds-Marshall Ltd,SIMMOND,Simmonds Marshall Ltd,Active,X ,2.00,INE657D01021,Equity,,,,,
508136,B & A Ltd.,BNALTD,B & A Ltd,Active,T ,10.00,INE489D01011,Equity,,,,,
508486,Hawkins Cooker Ltd.,HAWKINCOOK,Hawkins Cookers Ltd-$,Active,B ,10.00,INE979B01015,Equity,,,,,
508494,Warren Tea Ltd.,WARRENTEA,Warren Tea Ltd-$,Active,X ,10.00,INE712A01012,Equity,,,,,
508571,Cochin Malabar Estates & Indus. Ltd,COCHMAL,Cochin Malabar Estates & Industries Ltd,Active,X ,10.00,INE788M01017,Equity,,,,,
508664,Best Eastern Hotels Limited,BESTEAST,Best Eastern Hotels Ltd,Active,XT,1.00,INE553F01035,Equity,,,,,
508670,Neelamalai Agro Industries Ltd.,NEAGI,Neelamalai Agro Industries Ltd,Active,B ,10.00,INE605D01012,Equity,,,,,
508807,IST Limited,ISTLTD,I S T Ltd,Active,B ,5.00,INE684B01029,Equity,,,,,
508814,Cosmo First Limited,COSMOFIRST,Cosmo First Ltd,Active,B ,10.00,INE757A01017,Equity,,,,,
508867,NEW MARKETS AVENUE LIMITED,NEWMKTAVE,New Markets Avenue Ltd,Active,XT,10.00,INE800K01014,Equity,,,,,
508869,Apollo Hospitals Enterprises Ltd.,APOLLOHOSP,Apollo Hospitals Enterprise Ltd,Active,A ,5.00,INE437A01024,Equity,,,,,
508875,Nitin Castings Limited,NITINCAST,Nitin Castings Ltd,Active,XT,5.00,INE861H01020,Equity,,,,,
508905,NEXOME CAPITAL MARKETS LIMITED,NEXOME,Nexome Capital Markets Ltd,Active,XT,10.00,INE641A01013,Equity,,,,,
508906,Everest Industries Ltd.,EVERESTIND,Everest Industries Ltd,Active,T ,10.00,INE295A01018,Equity,,,,,
508918,IRONWOOD EDUCATION LIMITED,IRONWOOD,Ironwood Education Ltd,Active,X ,10.00,INE791H01011,Equity,,,,,
508933,AYM Syntex Limited,AYMSYNTEX,AYM Syntex Ltd,Active,B ,10.00,INE193B01039,Equity,,,,,
508941,Panasonic Carbon India Co.Ltd,PANCARBON,Panasonic Carbon India Company Ltd-$,Active,X ,10.00,INE013E01017,Equity,,,,,
508954,Finkurve Financial Services Limited,FINKURVE,Finkurve Financial Services Ltd,Active,B ,1.00,INE734I01027,Equity,,,,,
508956,HB Leasing & Finance Co. Ltd.,HBLEAS,HB Leasing & Finance Company Ltd,Active,X ,10.00,INE549B01016,Equity,,,,,
508961,Shricon Industries Ltd.,SHRICON,Shricon Industries Ltd,Active,XT,10.00,INE753D01010,Equity,,,,,
508963,TRUSTWAVE SECURITIES LIMITED,TRUSTWAVE,Trustwave Securities Ltd,Active,XT,10.00,INE668Y01024,Equity,,,,,
508969,Sulabh Engineers & Services Limited,SULABEN,Sulabh Engineers & Services Ltd,Active,X ,1.00,INE673M01029,Equity,,,,,
508980,Frontier Capital Limited,FRONTCAP,Frontier Capital Ltd,Active,XT,10.00,INE977E01013,Equity,,,,,
508989,Navneet Education Limited,NAVNETEDUL,Navneet Education Ltd,Active,B ,2.00,INE060A01024,Equity,,,,,
509003,Transoceanic Properties Ltd.,TRANOCE,Transoceanic Properties Ltd,Active,XT,10.00,INE074J01018,Equity,,,,,
509009,AuSom Enterprise Limited,AUSOMENT,AuSom Enterprise Ltd,Active,B ,10.00,INE218C01016,Equity,,,,,
509015,Thakral Services (India) Limited,THAKRAL,Thakral Services India Ltd,Active,X ,3.00,INE190F01028,Equity,,,,,
509020,Ruchi Infrastructure Ltd,RUCHINFRA,Ruchi Infrastructure Ltd,Active,B ,1.00,INE413B01023,Equity,,,,,
509024,Golden Legand Leasing & Finance Ltd,GOLDLEG,Golden Legand Leasing & finance Ltd,Active,X ,10.00,INE088E01019,Equity,,,,,
509026,VJTF Eduservices Limited,VJTFEDU,VJTF Eduservices Ltd,Active,X ,10.00,INE117F01013,Equity,,,,,
509038,Voltaire Leasing & Finance Ltd.,VOLLF,Voltaire Leasing & Finance Ltd ,Active,XT,10.00,INE763D01019,Equity,,,,,
509040,Netlink Solutions (India) Ltd.,NETLINK,Netlink Solutions India Ltd,Active,X ,10.00,INE040F01033,Equity,,,,,
509046,TRILIANCE POLYMERS LIMITED,TRILIANCE,Triliance Polymers Ltd,Active,X ,10.00,INE778N01016,Equity,,,,,
509048,Lancor Holdings Ltd.,LANCORHOL,Lancor Holdings Ltd,Active,T ,2.00,INE572G01025,Equity,,,,,
509051,Indian Infotech And Software Ltd.,INDINFO,Indian Infotech & Software Ltd,Active,X ,1.00,INE300B01022,Equity,,,,,
509053,Banas Finance Limited,BANASFN,Banas Finance Ltd,Active,X ,10.00,INE521L01030,Equity,,,,,
509055,Visaka Industries Ltd.,VISAKAIND,Visaka Industries Ltd,Active,B ,2.00,INE392A01021,Equity,,,,,
509069,Infomedia Press Limited,INFOMEDIA,Infomedia Press Ltd,Active,B ,10.00,INE669A01022,Equity,,,,,
509073,Hathway Bhawani Cabletel & Datacom,HATHWAYB,Hathway Bhawani Cabletel & Datacom Ltd,Active,X ,10.00,INE525B01016,Equity,,,,,
509079,Gufic BioSciences Ltd.,GUFICBIO,Gufic Biosciences Ltd,Active,B ,1.00,INE742B01025,Equity,,,,,
509152,GRP Limited,GRPLTD,GRP Ltd,Active,B ,10.00,INE137I01015,Equity,,,,,
509162,Indag Rubber Ltd.,INDAG,Indag Rubber Ltd-$,Active,XT,2.00,INE802D01023,Equity,,,,,
509196,M.M. Rubber Company Ltd.,MMRUBBR-B,MM Rubber Company Ltd,Active,X ,2.00,INE159E01026,Equity,,,,,
509220,PTL Enterprises Ltd,PTL,PTL Enterprises Ltd-$,Active,B ,1.00,INE034D01049,Equity,,,,,
509243,TVS Srichakra Ltd.,TVSSRICHAK,TVS Srichakra Ltd-$,Active,B ,10.00,INE421C01016,Equity,,,,,
509423,Sanathnagar Enterprises Limited,SEL,Sanathnagar Enterprises Ltd,Active,X ,10.00,INE367E01033,Equity,,,,,
509438,Benares Hotels Ltd,BENARAS,Benares Hotels Ltd,Active,B ,10.00,INE664D01019,Equity,,,,,
509449,Bhagwati Oxygen Ltd.,BHAGWOX,Bhagawati Oxygen Ltd,Active,X ,10.00,INE026I01010,Equity,,,,,
509470,BOMBAY OXYGEN INVESTMENTS LIMITED,BOMOXY-B1,Bombay Oxygen Investments Ltd,Active,X ,100.00,INE01TL01014,Equity,,,,,
509472,Cravatex Ltd.,CRAVATEX,Cravatex Ltd,Active,B ,10.00,INE145E01017,Equity,,,,,
509480,Berger Paints India Ltd,BERGEPAINT,Berger Paints India Ltd,Active,A ,1.00,INE463A01038,Equity,,,,,
509486,Caprihans India Ltd.,CAPRIHANS,Caprihans India Ltd-$,Active,XT,10.00,INE479A01018,Equity,,,,,
509488,Graphite India Ltd.,GRAPHITE,Graphite India Ltd,Active,A ,2.00,INE371A01025,Equity,,,,,
509496,Cemindia Projects Limited,CEMPRO,Cemindia Projects Ltd,Active,A ,1.00,INE686A01026,Equity,,,,,
509525,Empire Industries Ltd.,EMPIND,Empire Industries Ltd,Active,B ,10.00,INE515H01014,Equity,,,,,
509546,GRAVISS HOSPITALITY LIMITED,GRAVISSHO,Graviss Hospitality Ltd,Active,T ,2.00,INE214F01026,Equity,,,,,
509557,GARWARE TECHNICAL FIBRES LIMITED,GARFIBRES,Garware Technical Fibres Ltd,Active,A ,10.00,INE276A01018,Equity,,,,,
509563,Garware Marine Industries Ltd.,GARWAMAR,Garware Marine Industries Ltd,Active,X ,10.00,INE925D01014,Equity,,,,,
509567,Goa Carbon Ltd.,GOACARBON,Goa Carbon Ltd-$,Active,B ,10.00,INE426D01013,Equity,,,,,
509597,Hardcastle & Waud Mfg. Co. Ltd.,HARDCAS,Hardcastle & Waud Manufacturing Company Ltd,Active,X ,10.00,INE722D01015,Equity,,,,,
509631,HEG Advanced Materials Limited,HEGAM,HEG Advanced Materials Ltd,Active,A ,2.00,INE545A01024,Equity,,,,,
509635,Hindustan Composites Ltd,HINDCOMPOS,Hindustan Composites Ltd,Active,B ,5.00,INE310C01029,Equity,,,,,
509650,Hindustan Housing Co. Ltd.,ZHINDHSG,Hindustan Housing Company Ltd ,Active,XT,25.00,INE083O01019,Equity,,,,,
509675,BIRLANU LIMITED,BIRLANU,Birlanu Ltd,Active,B ,10.00,INE557A01011,Equity,,,,,
509692,Indian Card Clothing Ltd,INDIANCARD,Indian Card Clothing Company Ltd,Active,B ,10.00,INE061A01014,Equity,,,,,
509709,International Conveyors Ltd.,INTLCONV,International Conveyors Ltd,Active,B ,1.00,INE575C01027,Equity,,,,,
509715,Jay Shree Tea & Industries Ltd.,JAYSREETEA,Jay Shree Tea & Industries Ltd,Active,B ,5.00,INE364A01020,Equity,,,,,
509732,Kothari Industrial Corpn. Ltd.,KOTIC,Kothari Industrial Corporation Ltd,Active,B ,5.00,INE972A01020,Equity,,,,,
509760,Modern Shares and Stockbrokers Ltd.,MODRNSH,Modern Shares & Stockbrokers Ltd,Active,XT,10.00,INE370A01019,Equity,,,,,
509762,Mapro Industries Ltd,MAPROIN,Mapro Industries Ltd,Active,XT,10.00,INE848M01019,Equity,,,,,
509782,Oseaspre Consultants Ltd.,OSEASPR,Oseaspre Consultants Ltd,Active,XT,10.00,INE880P01015,Equity,,,,,
509820,HUHTAMAKI INDIA LIMITED,HUHTAMAKI,Huhtamaki India Ltd,Active,B ,2.00,INE275B01026,Equity,,,,,
509835,Premier Synthetics Ltd.,PREMSYN,Premier Synthetics Ltd,Active,X ,10.00,INE940N01012,Equity,,,,,
509845,R.J. Shah & Co. Ltd.,RJSHAH,RJ Shah & Company Ltd,Active,P ,10.00,INE712Z01019,Equity,,,,,
509870,Shah Construction Co. Ltd.,SHAHCON,Shah Construction Company Ltd,Active,X ,100.00,INE02C301011,Equity,,,,,
509874,Shalimar Paints Ltd.,SHALPAINTS,Shalimar Paints Ltd-$,Active,T ,2.00,INE849C01026,Equity,,,,,
509887,Sinnar Bidi Udyog Ltd.,SINNAR,Sinnar Bidi Udyog Ltd,Active,XT,5.00,INE896E01023,Equity,,,,,
509895,Hindoostan Mills Ltd.,HINDMILL,Hindoostan Mills Ltd,Active,X ,10.00,INE832D01020,Equity,,,,,
509910,The Southern Gas Limited,ZSOUTGAS,Southern Gas Ltd,Active,P ,100.00,INE532U01012,Equity,,,,,
509917,Technojet Consultants Ltd.,TECHCON,Technojet Consultants Ltd,Active,XT,10.00,INE881P01013,Equity,,,,,
509930,Supreme Industries Ltd.,SUPREMEIND,Supreme Industries Ltd,Active,A ,2.00,INE195A01028,Equity,,,,,
509945,Thacker & Co. Ltd.,THACKER,Thacker & Company Ltd,Active,B ,1.00,INE077P01034,Equity,,,,,
509953,Trade Wings Ltd.,TRADWIN,Trade Wings Ltd,Active,XT,10.00,INE961E01017,Equity,,,,,
509960,U.P. Hotels Ltd.,UPHOT,UP Hotels Ltd,Active,B ,10.00,INE726E01014,Equity,,,,,
509966,VST Industries Ltd.,VSTIND,VST Industries Ltd,Active,B ,10.00,INE710A01016,Equity,,,,,
510245,Swasti Vinayaka Synthetics Ltd.,SWASTIVI,Swasti Vinayaka Synthetics Ltd,Active,X ,1.00,INE804A01025,Equity,,,,,
511000,MSL GLOBAL LIMITED,MSLGLOBAL,Msl Global Ltd,Active,X ,10.00,INE856D01011,Equity,,,,,
511012,Yamini Investments Company Limited,YAMNINV,Yamini Investments Company Ltd,Active,XT,1.00,INE457N01025,Equity,,,,,
511016,Premier Capital Services Ltd.,PREMCAP,Premier Capital Services Ltd,Active,XT,1.00,INE946K01023,Equity,,,,,
511018,MILGREY FINANCE & INVESTMENT LTD,ZMILGFIN,Milgrey Finance & Investments Ltd,Active,X ,10.00,INE679T01013,Equity,,,,,
511034,Jindal Drilling & Industries Ltd.,JINDRILL,Jindal Drilling & Industries Ltd,Active,B ,5.00,INE742C01031,Equity,,,,,
511038,Arco Leasing Ltd.,ZARCOLEA,Arco Leasing Ltd,Active,XT,10.00,INE955S01019,Equity,,,,,
511048,Kusam Electrical Industies Ltd.,KUSUMEL,Kusam Electrical Industries Ltd,Active,XT,10.00,INE175Q01018,Equity,,,,,
511060,Jumbo Finance Ltd.,JUMBFNL,Jumbo Finance Ltd,Active,XT,10.00,INE122N01017,Equity,,,,,
511066,Sakthi Finance Ltd.,SAKTHIFIN,Sakthi Finance Ltd,Active,X ,10.00,INE302E01014,Equity,,,,,
511074,EASY FINCORP LIMITED,EASYFIN,Easy Fincorp Ltd,Active,Z ,10.00,INE407F01018,Equity,,,,,
511076,AEROFLEX ENTERPRISES LIMITED,AEROENTER,Aeroflex Enterprises Ltd-$,Active,B ,2.00,INE065D01027,Equity,,,,,
511092,JMD Ventures Limited,JMDVL,JMD Ventures Ltd,Active,XT,10.00,INE047E01031,Equity,,,,,
511096,Tivoli Construction Ltd.,TVOLCON,Tivoli Construction Ltd,Active,XT,10.00,INE747V01014,Equity,,,,,
511108,Shiva Texyarn Ltd.,SHIVATEX,Shiva Texyarn Ltd,Active,B ,10.00,INE705C01020,Equity,,,,,
511110,V.B.Desai Financial Services Ltd,VBDESAI,V B Desai Financial Services Ltd,Active,X ,10.00,INE848D01018,Equity,,,,,
511116,Quadrant Televentures Limited,QUADRANT,Quadrant Televentures Ltd-$,Active,XT,1.00,INE527B01020,Equity,,,,,
511122,First Custodian Fund (India) Ltd.,1STCUS,First Custodian Fund India Ltd,Active,X ,10.00,INE609B01018,Equity,,,,,
511131,Kamanwala Housing Construction Ltd,KAMANWALA,Kamanwala Housing Construction Ltd,Active,B ,10.00,INE344D01018,Equity,,,,,
511144,AXIS SOLUTIONS LIMITED,AXISOL,Axis Solutions Ltd,Active,XT,10.00,INE520G01024,Equity,,,,,
511147,WSFX Global Pay Limited,WSFX,WSFx Global Pay Ltd,Active,X ,10.00,INE549D01012,Equity,,,,,
511153,Anjani Foods Limited,ANJANIFOODS,Anjani Foods Ltd,Active,XT,2.00,INE096I01021,Equity,,,,,
511169,RKD AGRI & RETAIL LIMITED,RKDAGRRTL,RKD Agri & Retail Ltd,Active,X ,1.00,INE552N01023,Equity,,,,,
511176,Parshwanath Corporation Limited,PARSHWANA,Parshwanath Corporation Ltd,Active,XT,10.00,INE635I01018,Equity,,,,,
511185,RAJVI LOGITRADE LIMITED,RAJVI,Rajvi Logitrade Ltd,Active,XT,10.00,INE381N01019,Equity,,,,,
511187,Millennium Online Solutions (India) Ltd,MILLENNIUM,Millennium Online Solutions ( India ) Ltd,Active,X ,1.00,INE570N01025,Equity,,,,,
511194,ICDS Ltd.,ICDSLTD,ICDS Ltd,Active,T ,10.00,INE613B01010,Equity,,,,,
511196,Can Fin Homes Ltd.,CANFINHOME,Can Fin Homes Ltd,Active,A ,2.00,INE477A01020,Equity,,,,,
511200,Munoth Capital Market Ltd,MUNCAPM,Munoth Capital Markets Ltd,Active,XT,5.00,INE910G01027,Equity,,,,,
511208,IL & FS Investment Managers Ltd.,IVC,IL&FS Investment Managers Ltd,Active,B ,2.00,INE050B01023,Equity,,,,,
511218,Shriram Finance Limited,SHRIRAMFIN,Shriram Finance Ltd,Active,A ,2.00,INE721A01047,Equity,,,,,
511243,Cholamandalam Investment and Finance Company Ltd,CHOLAFIN,Cholamandalam Investment and Finance Company Ltd,Active,A ,2.00,INE121A01024,Equity,,,,,
511246,BOMBAY TALKIES LIMITED,BOMTALKIES,Bombay Talkies Ltd,Active,X ,1.00,INE910D01024,Equity,,,,,
511254,Sagar Systech Ltd.,SAGARSYST,Sagar Systech Ltd,Active,XT,10.00,INE771Z01015,Equity,,,,,
511260,ICONIK SPORTS AND EVENTS LIMITED,ICONIKSPEV,Iconik Sports And Events Ltd,Active,X ,10.00,INE088P01015,Equity,,,,,
511333,VLS Finance Limited,VLSFINANCE,VLS Finance Ltd,Active,B ,10.00,INE709A01018,Equity,,,,,
511355,India Cements Capital Limited,INDCEMCAP,India Cements Capital Ltd,Active,XT,10.00,INE429D01017,Equity,,,,,
511359,AD-Manum Finance Ltd,ADMANUM,Ad-Manum Finance Ltd,Active,X ,10.00,INE556D01017,Equity,,,,,
511377,Mehta Integrated Finance Ltd.,MEHIF,Mehta Integrated Finance Ltd,Active,X ,10.00,INE240B01012,Equity,,,,,
511391,Inter Globe Finance Ltd.,INTRGLB,Inter Globe Finance Ltd,Active,X ,10.00,INE661M01016,Equity,,,,,
511401,MUNOTH COMMUNICATION LIMITED,MCLTD,Munoth Communication Ltd,Active,X ,10.00,INE410E01015,Equity,,,,,
511411,SHRISTI INFRASTRUCTURE DEVELOPMENT CORPORATION LTD.,SHRISTI,Shristi Infrastructure Development Corporation Ltd,Active,X ,10.00,INE472C01027,Equity,,,,,
511413,CREST VENTURES LIMITED,CREST,Crest Ventures Ltd,Active,B ,10.00,INE559D01011,Equity,,,,,
511431,Vakrangee Limited,VAKRANGEE,Vakrangee Ltd-$,Active,B ,1.00,INE051B01021,Equity,,,,,
511441,Gujarat Credit Corporation Ltd.,GUJCRED,Gujarat Credit Corporation Ltd,Active,X ,10.00,INE034B01019,Equity,,,,,
511447,Sylph Industries Limited,SYLPH,Sylph Industries Ltd,Active,X ,1.00,INE706F01021,Equity,,,,,
511451,Dharani Finance Ltd.,DHARFIN,Dharani Finance Ltd,Active,XT,10.00,INE899D01011,Equity,,,,,
511463,Alexander Stamps And Coin Limited,ALEXANDER,Alexander Stamps And Coin Ltd,Active,X ,10.00,INE191N01012,Equity,,,,,
511473,Indbank Merchant Banking Services L,INDBANK,Indbank Merchant Banking Services Ltd,Active,B ,10.00,INE841B01017,Equity,,,,,
511493,SHRYDUS INDUSTRIES LIMITED,SHRYDUS,Shrydus Industries Ltd,Active,XT,10.00,INE488C01015,Equity,,,,,
511501,BHARAT BHUSHAN FINANCE & COMMODITY BROKERS LIMITED,BHARAT,Bharat Bhushan Finance & Commodity Brokers Ltd,Active,X ,10.00,INE900A01013,Equity,,,,,
511505,Capital Trust Ltd.,CAPTRUST,Capital Trust Ltd,Active,T ,10.00,INE707C01018,Equity,,,,,
511507,Ushakiran Finance Ltd.,USHAKIRA,Ushakiran Finance Ltd,Active,X ,10.00,INE697C01011,Equity,,,,,
511509,Vivo Bio tech Ltd.,VIVOBIOT,Vivo Bio Tech Ltd,Active,B ,10.00,INE380K01017,Equity,,,,,
511523,Veerhealth Care Limited,VEERHEALTH,Veerhealth Care Ltd,Active,XT,10.00,INE882C01035,Equity,,,,,
511525,Pan India Corporation Ltd,PANINDIAC,Pan India Corporation Ltd,Active,X ,10.00,INE376A01032,Equity,,,,,
511533,Sahara HousingFina Corporation Ltd.,SAHARAHOUS,Sahara Housingfina Corporation Ltd,Active,X ,10.00,INE135C01012,Equity,,,,,
511535,NDA Securities ltd.,NDASEC,NDA Securities Ltd,Active,X ,10.00,INE026C01013,Equity,,,,,
511539,Supra Trends Limited,SUPRATRE,Supra Trends Ltd,Active,X ,10.00,INE533B01028,Equity,,,,,
511543,GSB Finance Ltd.,GSBFIN,GSB Finance Ltd,Active,XT,10.00,INE777C01011,Equity,,,,,
511549,Morarka Finance Ltd.,MORARKFI,Morarka Finance Ltd,Active,X ,10.00,INE367A01015,Equity,,,,,
511551,Monarch Networth Capital Limited,MONARCH,Monarch Networth Capital Ltd,Active,B ,10.00,INE903D01011,Equity,,,,,
511557,Pro Fin Capital Services Ltd,PROFINC,Pro Fin Capital Services Ltd,Active,Z ,1.00,INE732K01027,Equity,,,,,
511559,TEAM INDIA GUARANTY LIMITED,TEAMGTY,Team India Guaranty Ltd,Active,B ,10.00,INE289C01025,Equity,,,,,
511563,Sanchay Finvest Ltd,SANCF,Sanchay Finvest Ltd,Active,Z ,10.00,INE654D01010,Equity,,,,,
511571,Crescentis Capital Limited,CRESCENTIS,Crescentis Capital Ltd,Active,X ,10.00,INE754C01010,Equity,,,,,
511577,Mantra Capital Limited,MANTRA,Mantra Capital Ltd,Active,X ,10.00,INE304E01010,Equity,,,,,
511585,BEFOUND MOVEMENT LIMITED,BEFOUNDMOL,Befound Movement Ltd,Active,XT,1.00,INE425F01028,Equity,,,,,
511589,Avonmore Capital & Management Services Limited,AVONMORE,Avonmore Capital & Management Services Ltd,Active,B ,1.00,INE323B01024,Equity,,,,,
511593,Libord Finance Limited,LIBORDFIN,Libord Finance Ltd,Active,X ,10.00,INE212B01011,Equity,,,,,
511601,Yash Management & Satellite Ltd.,YASHMGM,Yash Management & Satellite Ltd,Active,X ,10.00,INE216B01012,Equity,,,,,
511605,Arihant Capital Markets Ltd.,ARIHANTCAP,Arihant Capital Markets Ltd,Active,B ,1.00,INE420B01036,Equity,,,,,
511609,ISL Consulting Ltd,ISLCONSUL,ISL Consulting Ltd,Active,X ,5.00,INE569B01022,Equity,,,,,
511611,DCM Financial Services Ltd.,DCMFINSERV,DCM Financial Services Ltd,Active,B ,10.00,INE891B01012,Equity,,,,,
511626,R.R.Financial Consultants Ltd.,RRFIN,RR Financial Consultants Ltd,Active,XT,10.00,INE229D01011,Equity,,,,,
511628,FEDDERS HOLDING LIMITED,FEDDERSHOL,Fedders Holding Ltd,Active,B ,1.00,INE417D01020,Equity,,,,,
511630,Sambhaav Media Ltd.,SAMBHAAV,Sambhaav Media Ltd,Active,B ,1.00,INE699B01027,Equity,,,,,
511644,Omega Interactive Technologies Ltd.,OMEGAIN,Omega Interactive Technologies Ltd,Active,X ,1.00,INE113B01037,Equity,,,,,
511654,Sugal & Damani Share Brokers Ltd.,SUGALDAM,Sugal & Damani Share Brokers Ltd,Active,X ,10.00,INE309D01011,Equity,,,,,
511658,Nettlinx Ltd.,NETTLINX,Nettlinx Ltd,Active,X ,10.00,INE027D01019,Equity,,,,,
511664,BGIL Films & Technologies Ltd,BGIL,BGIL Films & Technologies Ltd,Active,X ,10.00,INE443D01018,Equity,,,,,
511672,Scan Steels Limited,SCANSTL,Scan Steels Ltd,Active,T ,10.00,INE099G01011,Equity,,,,,
511676,GIC Housing Finance Ltd.,GICHSGFIN,GIC Housing Finance Ltd,Active,B ,10.00,INE289B01019,Equity,,,,,
511692,Ajcon Global Services Ltd.,AJCON,Ajcon Global Services Ltd,Active,X ,1.00,INE759C01027,Equity,,,,,
511696,Chartered Capital & Investment Ltd.,CHRTEDCA,Chartered Capital & Investment Ltd,Active,X ,10.00,INE953B01010,Equity,,,,,
511700,Standard Capital Markets Ltd.,STANCAP,Standard Capital Markets Ltd,Active,X ,1.00,INE625D01028,Equity,,,,,
511702,YOGI LIMITED,YOGI,YOGI Ltd,Active,B ,10.00,INE290E01011,Equity,,,,,
511710,Cubical Financial Services Ltd.,CUBIFIN,Cubical Financial Services Ltd,Active,XT,2.00,INE717D01023,Equity,,,,,
511712,Relic Technologies Ltd.,RELICTEC,Relic Technologies Ltd,Active,X ,10.00,INE452B01013,Equity,,,,,
511714,Nimbus Projects Limited,NIMBSPROJ,Nimbus Projects Ltd,Active,B ,10.00,INE875B01015,Equity,,,,,
511716,Invigorated Business Consulting Limited,INVIGO,Invigorated Business Consulting Ltd,Active,XT,10.00,INE359A01012,Equity,,,,,
511724,BAID FINSERV LIMITED,BAIDFIN,Baid Finserv Ltd,Active,B ,2.00,INE020D01022,Equity,,,,,
511726,Vipul Limited,VIPULLTD,Vipul Ltd,Active,T ,1.00,INE946H01037,Equity,,,,,
511728,K.Z.Leasing & Finance Ltd.,KZLFIN,KZ Leasing & Finance Ltd,Active,X ,10.00,INE006C01015,Equity,,,,,
511734,Pasupati Fincap Ltd.,PASUFIN,Pasupati Fincap Ltd,Active,XT,10.00,INE527C01010,Equity,,,,,
511738,Mehta Securities Ltd.,MEHSECU,Mehta Securities Ltd,Active,X ,10.00,INE241B01010,Equity,,,,,
511740,RUPAREL FOOD PRODUCTS LIMITED,RFL,Ruparel Food Products Ltd,Active,X ,10.00,INE239B01014,Equity,,,,,
511742,UGRO CAPITAL LIMITED,UGROCAP,Ugro Capital Ltd,Active,B ,10.00,INE583D01011,Equity,,,,,
511754,Shalibhadra Finance Ltd.,SAHLIBHFI,Shalibhadra Finance Ltd,Active,B ,10.00,INE861D01011,Equity,,,,,
511756,Abirami Financial Services (India),ABIRAFN,Abirami Financial Services India Ltd,Active,Z ,10.00,INE195I01013,Equity,,,,,
511758,Mansi Finance (Chennai) Ltd,MANSIFIN,Mansi Finance (Chennai) Ltd,Active,X ,10.00,INE094E01017,Equity,,,,,
511764,Aastamangalam Finance Limited,AASTAFIN,Aastamangalam Finance Ltd,Active,X ,10.00,INE819K01014,Equity,,,,,
511766,Muthoot Capital Services Ltd.,MUTHOOTCAP,Muthoot Capital Services Ltd,Active,B ,10.00,INE296G01013,Equity,,,,,
511768,Master Trust Ltd.,MASTERTR,Master Trust Ltd,Active,B ,1.00,INE677D01037,Equity,,,,,
512004,Nilkanth Engineering Ltd.,ZNILKENG,Nilkanth Engineering Ltd,Active,P ,10.00,INE582V01015,Equity,,,,,
512008,EFC (I) LIMITED,EFCIL,EFC (I) Ltd,Active,B ,2.00,INE886D01026,Equity,,,,,
512014,Sobhagya Mercantile Ltd.,SOBME,Sobhagya Mercantile Ltd,Active,X ,10.00,INE754D01018,Equity,,,,,
512018,TOMORROW TECHNOLOGIES GLOBAL INNOVATIONS LIMITED,TTGIL,Tomorrow Technologies Global Innovations Ltd,Active,X ,1.00,INE135H01029,Equity,,,,,
512020,Saraswati Commercial (India) Ltd.,ZSARACOM,Saraswati Commercial India Ltd,Active,B ,10.00,INE967G01019,Equity,,,,,
512022,Winro Commercial (India) Ltd.,WINROC,Winro Commercial India Ltd,Active,XT,10.00,INE837E01019,Equity,,,,,
512025,ASGARD ALCOBEV LIMITED,ASGARD,Asgard Alcobev Ltd,Active,X ,1.00,INE767M01029,Equity,,,,,
512026,VEGA JEWELLERS LIMITED,VEGA,Vega Jewellers Ltd,Active,XT,10.00,INE603D01017,Equity,,,,,
512036,SKYBIOTECH HEALTHCARE LIMITED,SKYBIOTECH,Skybiotech Healthcare Ltd,Active,X ,10.00,INE393H01016,Equity,,,,,
512038,TCC CONCEPT LIMITED,TCC,TCC Concept Ltd,Active,B ,2.00,INE887D01024,Equity,,,,,
512047,Royal India Corporation Limited,ROYALIND,Royal India Corporation Ltd,Active,X ,10.00,INE510H01015,Equity,,,,,
512048,DHANSAFAL FINSERVE LIMITED,DHANSAFAL,Dhansafal Finserve Ltd,Active,X ,1.00,INE195E01020,Equity,,,,,
512060,Ventura Guaranty Ltd.,SHYAM,Ventura Guaranty Ltd,Active,P ,10.00,INE139J01019,Equity,,,,,
512062,TANDHAN INDUSTRIES LIMITED,TANDHANIN,Tandhan Industries Ltd,Active,XT,10.00,INE896J01014,Equity,,,,,
512063,WARDWIZARD HEALTHCARE LIMITED,WARDHEALTH,Wardwizard Healthcare Ltd,Active,P ,10.00,INE048E01013,Equity,,,,,
512064,VISHVPRABHA VENTURES LIMITED,VISVEN,Vishvprabha Ventures Ltd,Active,X ,10.00,INE762D01011,Equity,,,,,
512065,Mrugesh Trading Ltd.,MRUTR,Mrugesh Trading Ltd,Active,XT,1.00,INE738D01029,Equity,,,,,
512068,Deccan Gold Mines Ltd.,DECNGOLD,Deccan Gold Mines Ltd,Active,B ,1.00,INE945F01025,Equity,,,,,
512070,UPL Limited,UPL,UPL Ltd,Active,A ,2.00,INE628A01036,Equity,,,,,
512091,GLOBAL DEFENCE INDUSTRIES LIMITED,GDIL,Global Defence Industries Ltd,Active,XT,10.00,INE425H01016,Equity,,,,,
512093,Cranes Software International Ltd.,CRANESSOFT,Cranes Software International Ltd,Active,Z ,2.00,INE234B01023,Equity,,,,,
512097,Saianand Commercial Limited,SAICOM,Saianand Commercial Ltd,Active,X ,1.00,INE092G01024,Equity,,,,,
512099,EYANTRA VENTURES LIMITED,EY,Eyantra Ventures Ltd,Active,XT,10.00,INE750G01019,Equity,,,,,
512101,Triochem Products Ltd.,TRIPR,Triochem Products Ltd,Active,XT,10.00,INE331E01013,Equity,,,,,
512103,Nidhi Granites Limited,NIDHGRN,Nidhi Granites Ltd,Active,X ,10.00,INE276H01013,Equity,,,,,
512109,Aviva Industries Limited,AVIVA,Aviva Industries Ltd,Active,X ,10.00,INE461H01011,Equity,,,,,
512115,Rose Merc.Limited,ROSEMER,Rose Merc Ltd,Active,X ,10.00,INE649C01012,Equity,,,,,
512117,Twin Roses Trades & Agencies Ltd.,TWIROST,Twin Roses Trades & Agencies Ltd,Active,XT,10.00,INE436U01016,Equity,,,,,
512131,Signet Industries Limited,SIGIND,Signet Industries Ltd,Active,T ,10.00,INE529F01035,Equity,,,,,
512147,Kajal Synthetics and Silk Mills Ltd,KAJALSY,Kajal Synthetics & Silk Mills Ltd,Active,XT,10.00,INE956V01011,Equity,,,,,
512149,Avance Technologies Ltd.,AVANCE,Avance Technologies Ltd,Active,B ,1.00,INE758A01072,Equity,,,,,
512153,M LAKHAMSI INDUSTRIES LIMITED,MLINDLTD,M Lakhamsi Industries Ltd,Active,XT,10.00,INE808W01012,Equity,,,,,
512157,Terraform Realstate Limited,TERRAREAL,Terraform Realstate Ltd,Active,P ,10.00,INE123V01018,Equity,,,,,
512161,SECUREKLOUD TECHNOLOGIES LIMITED,SECURKLOUD,Securekloud Technologies Ltd,Active,B ,5.00,INE650K01021,Equity,,,,,
512165,ABans Enterprises Limited,ABANSENT,Abans Enterprises Ltd,Active,B ,2.00,INE365O01028,Equity,,,,,
512169,Capricorn Systems Global Solutions Ltd.,CAPRICORN,Capricorn Systems Global Solutions Ltd,Active,XT,10.00,INE968E01012,Equity,,,,,
512175,Vama Industries Limited,VAMA,Vama Industries Ltd,Active,X ,2.00,INE685D01022,Equity,,,,,
512179,Sunteck Realty Ltd,SUNTECK,Sunteck Realty Ltd,Active,B ,1.00,INE805D01034,Equity,,,,,
512195,Bentley Commercial Enterprises Ltd.,BENTCOM,Bentley Commercial Enterprises Ltd,Active,P ,10.00,INE496M01017,Equity,,,,,
512197,Silver oak Commercial Ltd.,SILVERO,Silveroak Commercials Ltd,Active,Z ,10.00,INE798C01017,Equity,,,,,
512213,Classic Electricals Ltd.,CLASELE,Classic Electricals Ltd,Active,XT,10.00,INE02BR01017,Equity,,,,,
512217,Prism Medico and Pharmacy Ltd.,PRISMMEDI,Prism Medico and Pharmacy Ltd,Active,X ,10.00,INE730E01016,Equity,,,,,
512221,SPV GLOBAL TRADING LIMITED,SPVGLOBAL,SPV Global Trading Ltd,Active,XT,10.00,INE177E01010,Equity,,,,,
512229,Veritas (India) Limited,VERITAS,Veritas (India) Ltd,Active,XT,1.00,INE379J01029,Equity,,,,,
512237,Jai Corp Limited,JAICORPLTD,Jai Corp Ltd,Active,B ,1.00,INE070D01027,Equity,,,,,
512245,Nivi Trading Ltd.,ZNIVITRD,Nivi Trading Ltd,Active,P ,10.00,INE552F01011,Equity,,,,,
512247,Ashirwad Capital Ltd.,ASHCAP,Ashirwad Capital Ltd,Active,X ,1.00,INE894A01026,Equity,,,,,
512257,Swasti Vinayaka Art And Heritage Corporation Ltd,SVARTCORP,Swasti Vinayaka Art And Heritage Corporation Ltd,Active,X ,1.00,INE895A01023,Equity,,,,,
512261,Bajaj Global Ltd,BAJGLOB,Bajaj Global Ltd,Active,XT,10.00,INE553H01015,Equity,,,,,
512265,Avon Mercantile Ltd.,AVONMERC,Avon Mercantile Ltd,Active,XT,10.00,INE471D01019,Equity,,,,,
512267,Media Matrix Worldwide Ltd.,MMWL,Media Matrix Worldwide Ltd,Active,B ,1.00,INE200D01020,Equity,,,,,
512271,Tashi India Ltd.,TASHIND,Tashi India Ltd,Active,XT,10.00,INE552H01017,Equity,,,,,
512277,Autoriders International Ltd,AUTOINT,Autoriders International Ltd,Active,X ,10.00,INE340U01010,Equity,,,,,
512291,Speedage Commercials Ltd.,ZSPEEDCO,Speedage Commercials Ltd,Active,P ,10.00,INE497M01015,Equity,,,,,
512296,Bhagyanagar India Limited,BHAGYANGR,Bhagyanagar India Ltd,Active,B ,2.00,INE458B01036,Equity,,,,,
512301,Chambal Breweries & Distilleries Li,CHMBBRW,Chambal Breweries & Distilleries Ltd,Active,XT,10.00,INE417N01011,Equity,,,,,
512303,Mansoon Trading Co. Ltd.,ZMANSOON,Mansoon Trading Company Ltd,Active,P ,10.00,INE776V01013,Equity,,,,,
512307,Typhoon Holdings Ltd.,TYPHOON,Typhoon Holdings Ltd,Active,XT,10.00,INE2L3M01012,Equity,,,,,
512329,SG MART LIMITED,SGMART,SG Mart Ltd,Active,B ,1.00,INE385F01024,Equity,,,,,
512344,Aravali Securities & Finance Ltd.,ARAVALIS,Aravali Securities & Finance Ltd,Active,X ,10.00,INE068C01015,Equity,,,,,
512345,LEXORA GLOBAL LIMITED,LEXGLOBAL,Lexora Global Ltd,Active,XT,10.00,INE745A01012,Equity,,,,,
512359,Sword-Edge Commercials Limited,SWORDEDGE,Sword-Edge Commercials Ltd,Active,X ,1.00,INE093G01022,Equity,,,,,
512361,CUPID BREWERIES AND DISTILLERIES LIMITED,CUPIDALBV,Cupid Breweries And Distilleries Ltd,Active,X ,10.00,INE108G01010,Equity,,,,,
512367,Sheraton Properties & Finance Ltd.,ZSHERAPR,Sheraton Properties & Finance Ltd,Active,P ,10.00,INE495M01019,Equity,,,,,
512377,Magnanimous Trade & Finance Ltd.,MAGANTR,Magnanimous Trade & finance Ltd,Active,XT,10.00,INE664N01018,Equity,,,,,
512379,CRESSANDA RAILWAY SOLUTIONS LIMITED,CRSL,Cressanda Railway Solutions Ltd,Active,T ,1.00,INE716D01033,Equity,,,,,
512381,STARTECK FINANCE LIMITED,STARTECK,Starteck Finance Ltd,Active,B ,10.00,INE992I01013,Equity,,,,,
512393,Shardul Securities Ltd.,SHARDUL,Shardul Securities Ltd,Active,T ,2.00,INE037B01020,Equity,,,,,
512399,SERA INVESTMENTS & FINANCE INDIA LIMITED,SERA,Sera Investments & Finance India Ltd,Active,X ,2.00,INE017I01027,Equity,,,,,
512404,Bengal Steel Industries Ltd.,BENGALS,Bengal Steel Industries Ltd,Active,P ,10.00,INE523W01017,Equity,,,,,
512408,Uniworth Securities Limited,UNIWSEC,Uniworth Securities Ltd,Active,XT,10.00,INE728J01019,Equity,,,,,
512415,Mercury Trade Links Ltd.,MERCTRD,Mercury Trade Links Ltd,Active,X ,10.00,INE319T01016,Equity,,,,,
512425,Nirav Commercials Ltd.,NIRAVCOM,Nirav Commercials Ltd,Active,X ,10.00,INE242B01018,Equity,,,,,
512431,White Hall Commercial Co.Ltd.,WHITHAL,White Hall Commercial Company Ltd,Active,XT,10.00,INE416X01012,Equity,,,,,
512433,Asutosh Enterprise Ltd.,ASUTENT,Asutosh Enterprise Ltd,Active,P ,10.00,INE508W01018,Equity,,,,,
512437,Apollo Finvest (India) Ltd.,APOLLOFI,Apollo Finvest India Ltd,Active,XT,10.00,INE412D01013,Equity,,,,,
512439,Esquire Money Guarantees Ltd,ESQRMON,Esquire Money Guarantees Ltd,Active,XT,10.00,INE0HMN01013,Equity,,,,,
512441,Enbee Trade & Finance Ltd.,ENBETRD,Enbee Trade & Finance Ltd,Active,X ,1.00,INE993I01029,Equity,,,,,
512443,Ganon Products Limited,GANONPRO,Ganon Products Ltd,Active,X ,10.00,INE162L01017,Equity,,,,,
512445,Devinsu Trading Ltd.,DEVITRD,Devinsu Trading Ltd,Active,XT,10.00,INE07LH01016,Equity,,,,,
512453,Shri Jagdamba Polymers Ltd,SHRJAGP,Shri Jagdamba Polymers Ltd,Active,B ,1.00,INE564J01026,Equity,,,,,
512455,Lloyds Metals and Energy Limited,LLOYDSME,Lloyds Metals and Energy Ltd,Active,A ,1.00,INE281B01032,Equity,,,,,
512461,Punctual Trading Ltd.,PUNCTRD,Punctual Trading Ltd,Active,P ,10.00,INE07NX01019,Equity,,,,,
512463,LLOYDS ENTERPRISES LIMITED,LLOYDSENT,Lloyds Enterprises Ltd,Active,A ,1.00,INE080I01025,Equity,,,,,
512477,Betex India Ltd.,BETXIND,Betex India Ltd,Active,X ,10.00,INE765L01017,Equity,,,,,
512479,VIRYA RESOURCES LIMITED,VIRYA,Virya Resources Ltd,Active,XT,10.00,INE661K01010,Equity,,,,,
512485,Dhanlaxmi Cotex Ltd.,DHANCOT,Dhanlaxmi Cotex Ltd,Active,XT,10.00,INE977F01010,Equity,,,,,
512489,Oasis Securities Limited,OASISEC,Oasis Securities Ltd,Active,XT,1.00,INE876A01023,Equity,,,,,
512493,Garnet International Limited,GARNETINT,Garnet International Ltd,Active,X ,10.00,INE590B01010,Equity,,,,,
512499,Shalimar Productions Ltd.,SHALPRO,Shalimar Productions Ltd,Active,XT,1.00,INE435E01020,Equity,,,,,
512505,Meenakshi Steel Industries Ltd.,MEENST,Meenakshi Steel Industries Ltd,Active,Z ,10.00,INE721V01019,Equity,,,,,
512511,Varun Mercantile Ltd.,VARUNME,Varun Mercantile Ltd,Active,XT,10.00,INE442U01014,Equity,,,,,
512517,Vinayak Vanijya Ltd.,VINVANI,Vinayak Vanijya Ltd,Active,XT,10.00,INE132V01019,Equity,,,,,
512519,Donear Industries Ltd,DONEAR,Donear Industries Ltd-$,Active,B ,2.00,INE668D01028,Equity,,,,,
512527,Super Sales India Ltd.,SUPER,Super Sales India Ltd-$,Active,XT,10.00,INE091C01017,Equity,,,,,
512529,VIYASH SCIENTIFIC LIMITED,VIYASH,Viyash Scientific Ltd,Active,A ,2.00,INE807F01027,Equity,,,,,
512531,State Trading Corporation of India,STCINDIA,State Trading Corporation of India Ltd,Active,B ,10.00,INE655A01013,Equity,,,,,
512553,Zenith Exports Ltd.,ZENITHEXPO,Zenith Exports Ltd,Active,B ,10.00,INE058B01018,Equity,,,,,
512559,Kohinoor Foods Ltd,KOHINOOR,Kohinoor Foods Ltd,Active,B ,10.00,INE080B01012,Equity,,,,,
512565,NEELKANTH LIMITED,NEELKANTH,Neelkanth Ltd-$,Active,X ,10.00,INE581D01015,Equity,,,,,
512573,Avanti Feeds ltd.,AVANTIFEED,Avanti Feeds Ltd-$,Active,A ,1.00,INE871C01038,Equity,,,,,
512587,Zodiac-JRD-MKJ Ltd.,ZODJRDMKJ,Zodiac-JRD-MKJ Ltd,Active,X ,10.00,INE077B01018,Equity,,,,,
512589,Sita Enterprises LTD.,SITAENT,Sita Enterprises Ltd,Active,X ,10.00,INE579D01019,Equity,,,,,
512591,Pulsar International Limited,PULSRIN,Pulsar International Ltd,Active,X ,1.00,INE183U01022,Equity,,,,,
512595,KD Green Industries Limited,KDGREEN,KD Green Industries Ltd,Active,B ,1.00,INE348N01042,Equity,,,,,
512597,KEYNOTE FINANCIAL SERVICES LIMITED,KEYFINSERV,Keynote Financial Services Ltd,Active,B ,10.00,INE681C01015,Equity,,,,,
512599,Adani Enterprises Ltd.,ADANIENT,Adani Enterprises Ltd,Active,A ,1.00,INE423A01024,Equity,,,,,
512600,ASTAL LABORATORIES LIMITED,ASTALLTD,Astal Laboratories Ltd,Active,X ,10.00,INE307N01014,Equity,,,,,
512604,Haria Exports Ltd.,HARIAEXPO,Haria Exports Ltd-$,Active,XT,10.00,INE772B01014,Equity,,,,,
512608,Bhandari Hosiery Exports Ltd.,BHANDARI,Bhandari Hosiery Exports Ltd,Active,B ,1.00,INE474E01029,Equity,,,,,
512618,RLF Ltd.,RLF,RLF Ltd,Active,X ,10.00,INE629C01014,Equity,,,,,
512624,Regent Enterprises Limited,REGENTRP,Regent Enterprises Ltd,Active,X ,10.00,INE769D01016,Equity,,,,,
512626,Orbit Exports Ltd.,ORBTEXP,Orbit Exports Ltd,Active,T ,10.00,INE231G01010,Equity,,,,,
512634,Savera Industries Ltd.,SAVERA,Savera Industries Ltd,Active,X ,10.00,INE104E01014,Equity,,,,,
513005,Chrome Silicon Limited,CHROME,Chrome Silicon Ltd-$,Active,X ,10.00,INE114E01013,Equity,,,,,
513012,Jeet Machine Tools Ltd.,ZJEETMAC,Jeet Machine Tools Ltd,Active,XT,10.00,INE987E01012,Equity,,,,,
513023,NAVA LIMITED,NAVA,Nava Ltd,Active,A ,1.00,INE725A01030,Equity,,,,,
513039,Hindusthan Udyog Ltd,ZHINUDYP,Hindusthan Udyog Ltd,Active,XT,10.00,INE582K01018,Equity,,,,,
513043,Remi Edelstahl Tubulars Limited,REMIEDEL,Remi Edelstahl Tubulars Ltd,Active,X ,10.00,INE158G01015,Equity,,,,,
513059,G.S. Auto International Ltd.,GSAUTO,GS Auto International Ltd,Active,XT,5.00,INE736H01024,Equity,,,,,
513063,Trans-Freight Containers Ltd.,TRANSFRE,Trans Freight Containers Ltd,Active,X ,10.00,INE360D01014,Equity,,,,,
513097,Shivalik Bimetal Controls Ltd.,SBCL,Shivalik Bimetal Controls Ltd,Active,B ,2.00,INE386D01027,Equity,,,,,
513108,Gandhi Special Tubes Ltd.,GANDHITUBE,Gandhi Special Tubes Ltd-$,Active,B ,5.00,INE524B01027,Equity,,,,,
513117,Amforge Industries Ltd.,AMFORG,Amforge Industries Ltd,Active,X ,2.00,INE991A01020,Equity,,,,,
513119,ONIX SOLAR ENERGY LIMITED,ONIXSOLAR,Onix Solar Energy Ltd,Active,B ,10.00,INE173M01012,Equity,,,,,
513121,Oricon Enterprises Ltd.,ORICONENT,Oricon Enterprises Ltd-$,Active,B ,2.00,INE730A01022,Equity,,,,,
513149,Acrow (India) Ltd.,ACROW,Acrow India Ltd,Active,X ,10.00,INE950D01012,Equity,,,,,
513173,Steel Strips Infrastructures Limited,STLSTRINF,Steel Strips Infrastructures Ltd,Active,B ,10.00,INE205F01016,Equity,,,,,
513228,Pennar Industries Ltd.,PENIND,Pennar Industries Ltd-$,Active,A ,5.00,INE932A01024,Equity,,,,,
513250,Jyoti Structures Ltd.,JYOTISTRUC,Jyoti Structures Ltd,Active,B ,2.00,INE197A01024,Equity,,,,,
513252,Jay Ushin Ltd.,JAYUSH,Jay Ushin Ltd,Active,X ,10.00,INE289D01015,Equity,,,,,
513262,Steel Strips & Wheels Ltd,SSWL,Steel Strips Wheels Ltd-$,Active,B ,1.00,INE802C01033,Equity,,,,,
513269,Man Industries (India) Ltd,MANINDS,Man Industries (India) Ltd-$,Active,B ,5.00,INE993A01026,Equity,,,,,
513295,IMEC SERVICES LIMITED,IMEC,Imec Services Ltd,Active,X ,10.00,INE611C01020,Equity,,,,,
513303,Modern Steels Limited,MDRNSTL,Modern Steels Ltd-$,Active,X ,10.00,INE001F01019,Equity,,,,,
513307,BELDING INDIA LIMITED,BELDING,Belding India Ltd,Active,X ,10.00,INE363L01045,Equity,,,,,
513337,Gujarat Toolroom Ltd.,GUJTLRM,Gujarat Toolroom Ltd,Active,B ,1.00,INE145J01032,Equity,,,,,
513343,Grand Foundry Ltd.,GFSTEELS,Grand Foundry Ltd,Active,T ,4.00,INE534A01028,Equity,,,,,
513349,Ajmera Realty & Infra India Limited,AJMERA,Ajmera Realty & Infra India Ltd,Active,B ,2.00,INE298G01035,Equity,,,,,
513353,Cochin Minerals & Rutile Ltd.,COCHINM,Cochin Minerals & Rutiles Ltd-$,Active,X ,10.00,INE105D01013,Equity,,,,,
513361,India Homes Limited,INDIAHOMES,India Homes Ltd,Active,X ,1.00,INE072A01029,Equity,,,,,
513369,KRISHANVEER FORGE LIMITED,KVFORGE,Krishanveer Forge Ltd,Active,XT,10.00,INE013J01016,Equity,,,,,
513375,Carborundum Universal Ltd.,CARBORUNIV,Carborundum Universal Ltd,Active,A ,1.00,INE120A01034,Equity,,,,,
513377,MMTC Ltd.,MMTC,MMTC Ltd,Active,B ,1.00,INE123F01029,Equity,,,,,
513397,Vallabh Steels ltd,VALLABHSQ,Vallabh Steels Ltd-$,Active,XT,10.00,INE457E01016,Equity,,,,,
513418,Smiths & Founders (India) Limited,SMFIL,Smiths & Founders (India) Ltd,Active,XT,1.00,INE728B01032,Equity,,,,,
513422,Bloom Industries Ltd,BLOIN,Bloom Industries Ltd,Active,X ,10.00,INE373E01015,Equity,,,,,
513430,Maitri Enterprises Limited,MAITRI,Maitri Enterprises Ltd,Active,XT,10.00,INE501L01024,Equity,,,,,
513436,Shah Alloys Limited,SHAHALLOYS,Shah Alloys Ltd,Active,T ,10.00,INE640C01011,Equity,,,,,
513452,Elango Industries Ltd,ELANGO,Elango Industries Ltd,Active,XT,10.00,INE594D01018,Equity,,,,,
513456,Kanishk Steel Industries Ltd,KANSHST,Kanishk Steel Industries Ltd,Active,X ,10.00,INE791E01018,Equity,,,,,
513460,Mahalaxmi Seamless Ltd.,MAHALXSE,Mahalaxmi Seamless Ltd-$,Active,Z ,10.00,INE257F01017,Equity,,,,,
513472,Simplex Castings Ltd.,SIMPLEXCAS,Simplex Castings Ltd,Active,X ,2.00,INE658D01029,Equity,,,,,
513488,Shree Steel Wire Ropes Ltd.,SSWRL,Shree Steel Wire Ropes Ltd,Active,XT,10.00,INE387D01025,Equity,,,,,
513496,SIZEMASTERS TECHNOLOGY LIMITED,SIZEMASTER,Sizemasters Technology Ltd,Active,XT,10.00,INE235U01012,Equity,,,,,
513498,Southern Magnesium And Chemicals Lt,SOUTHMG,Southern Magnesium & Chemicals Ltd,Active,X ,10.00,INE308N01012,Equity,,,,,
513502,Baroda Extrusion Ltd.,BAROEXT,Baroda Extrusion Ltd,Active,X ,1.00,INE927K01023,Equity,,,,,
513507,Gujarat Containers Ltd.,GUJCONT,Gujarat Containers Ltd,Active,P ,10.00,INE276I01011,Equity,,,,,
513509,Kalyani Forge Ltd.,KALYANIFRG,Kalyani Forge Ltd,Active,T ,10.00,INE314G01014,Equity,,,,,
513511,Panchmahal Steel Ltd.,PANCHMAHQ,Panchmahal Steel Ltd,Active,B ,10.00,INE798F01010,Equity,,,,,
513513,Aditya Ispat Ltd.,ADITYA,Aditya Ispat Ltd,Active,X ,10.00,INE570B01012,Equity,,,,,
513517,Steelcast Ltd.,STEELCAS,Steelcast Ltd,Active,B ,1.00,INE124E01038,Equity,,,,,
513519,PITTI ENGINEERING LIMITED,PITTIENG,Pitti Engineering Ltd-$,Active,B ,5.00,INE450D01021,Equity,,,,,
513528,Glittek Granites Ltd.,GLITTEKG,Glittek Granites Ltd,Active,XT,5.00,INE741B01027,Equity,,,,,
513532,Pradeep Metals Ltd.,PRADPME,Pradeep Metals Ltd,Active,T ,10.00,INE770A01010,Equity,,,,,
513536,Gujarat Natural Resources Limited,GNRL,Gujarat Natural Resources Ltd,Active,B ,10.00,INE207H01018,Equity,,,,,
513540,Tamilnadu Steel Tubes Ltd.,TNSTLTU,Tamilnadu Steel Tubes Ltd,Active,P ,10.00,INE176E01012,Equity,,,,,
513544,Mardia Samyoung Capillary Tubes Co.,MSCTC,Mardia Samyoung Capillary Tubes Company Ltd,Active,XT,10.00,INE277E01026,Equity,,,,,
513548,Sharda Ispat Ltd.,SHRDAIS,Sharda Ispat Ltd,Active,X ,10.00,INE385M01012,Equity,,,,,
513554,Mahamaya Steel Industries Limited,MAHASTEEL,Mahamaya Steel Industries Ltd,Active,T ,10.00,INE451L01014,Equity,,,,,
513566,Nova Iron & Steel Ltd.,NOVIS,Nova Iron & Steel Ltd,Active,XT,10.00,INE608C01026,Equity,,,,,
513575,Sterling Powergensys Limited,STERPOW,Sterling Powergensys Ltd,Active,X ,10.00,INE067E01013,Equity,,,,,
513579,Foundry Fuel Products Ltd.,FFPL,Foundry Fuel Products Ltd,Active,Z ,10.00,INE617C01027,Equity,,,,,
513599,Hindustan Copper Ltd.,HINDCOPPER,Hindustan Copper Ltd,Active,A ,5.00,INE531E01026,Equity,,,,,
513629,Tulsyan NEC Ltd,TULSYAN,Tulsyan NEC Ltd-$,Active,X ,10.00,INE463D01016,Equity,,,,,
513642,Axel Polymers Ltd.,AXELPOLY,Axel Polymers Ltd,Active,X ,10.00,INE197C01012,Equity,,,,,
513683,NLC India Limited,NLCINDIA,NLC India Ltd,Active,A ,10.00,INE589A01014,Equity,,,,,
513687,Spectra Industries Ltd.,SPECTRA,Spectra Industries Ltd,Active,Z ,10.00,INE848B01012,Equity,,,,,
513693,KIC Metaliks Ltd.,KAJARIR,KIC Metaliks Ltd,Active,X ,2.00,INE434C01027,Equity,,,,,
513699,Solid Stone Company Ltd.,SOLIDSTON,Solid Stone Company Ltd,Active,X ,10.00,INE584G01012,Equity,,,,,
513709,Shilp Gravures Ltd.,SHILGRAVQ,Shilp Gravures Ltd-$,Active,B ,10.00,INE960A01017,Equity,,,,,
513713,White Organic Agro Limited,WHITEORG,White Organic Agro Ltd,Active,X ,10.00,INE146C01019,Equity,,,,,
513721,MFS Intercorp Limited,MFSINTRCRP,MFS Intercorp Ltd,Active,X ,10.00,INE614F01019,Equity,,,,,
513729,Aro Granite Industries Ltd.,AROGRANITE,Aro Granite Industries Ltd-$,Active,B ,10.00,INE210C01013,Equity,,,,,
514010,RUDRA ECOVATION LIMITED,RUDRAECO,Rudra Ecovation Ltd,Active,XT,1.00,INE723D01021,Equity,,,,,
514028,Rajkamal Synthetics Ltd.,RAJKSYN,Rajkamal Synthetics Ltd,Active,X ,10.00,INE376L01013,Equity,,,,,
514030,Deepak Spinners Ltd.,DEEPAKSP,Deepak Spinners Ltd-$,Active,X ,10.00,INE272C01013,Equity,,,,,
514036,Loyal Textiles Mills Ltd,LOYALTEX,Loyal Textile Mills Ltd-$,Active,B ,10.00,INE970D01010,Equity,,,,,
514043,Himatsingka Seide Ltd.,HIMATSEIDE,Himatsingka Seide Ltd,Active,B ,5.00,INE049A01027,Equity,,,,,
514045,BSL Ltd.,BSL,BSL Ltd,Active,B ,10.00,INE594B01012,Equity,,,,,
514060,NEWTRAC FOODS & BEVERAGES LIMITED,NEWTRAC,Newtrac Foods & Beverages Ltd,Active,XT,10.00,INE229N01010,Equity,,,,,
514087,P.B.M. Polytex Ltd.,PBMPOLY,PBM Polytex Ltd-$,Active,B ,10.00,INE501F01018,Equity,,,,,
514113,Adinath Textiles Ltd.,ADINATH,Adinath Textiles Ltd,Active,X ,10.00,INE207C01019,Equity,,,,,
514138,Suryalata Spinning Mills Ltd.,SURYALA,Suryalata Spinning Mills Ltd-$,Active,B ,10.00,INE132C01027,Equity,,,,,
514142,T T Ltd,TTL,T T Ltd-$,Active,B ,1.00,INE592B01024,Equity,,,,,
514162,WELSPUN LIVING LIMITED,WELSPUNLIV,Welspun Living Ltd,Active,A ,1.00,INE192B01031,Equity,,,,,
514165,Indian Acrylics Ltd,INDIANACRY,Indian Acrylics Ltd,Active,X ,10.00,INE862B01013,Equity,,,,,
514167,Ganesha Ecosphere Limited,GANECOS,Ganesha Ecosphere Ltd,Active,B ,10.00,INE845D01014,Equity,,,,,
514171,Ceeta Industries Ltd.,CEETAIN,Ceeta Industries Ltd,Active,X ,1.00,INE760J01012,Equity,,,,,
514175,Vardhman Polytex Ltd.,VARDMNPOLY,Vardhman Polytex Ltd,Active,B ,1.00,INE835A01029,Equity,,,,,
514177,IMPERA WORLDWIDE LIMITED,IMPERA,Impera Worldwide Ltd,Active,XT,10.00,INE351D01013,Equity,,,,,
514183,Black Rose Industries Ltd,BLACKROSE,Black Rose Industries Ltd,Active,T ,1.00,INE761G01016,Equity,,,,,
514197,S & T Corporation Limited,STCORP,S & T Corporation Ltd,Active,X ,2.00,INE110Q01023,Equity,,,,,
514211,Sumeet Industries Ltd,SUMEETINDS,Sumeet Industries Ltd-$,Active,B ,2.00,INE235C01036,Equity,,,,,
514223,Ramgopal Polytex Ltd,RAMGOPOLY,Ramgopal Polytex Ltd,Active,XT,10.00,INE410D01017,Equity,,,,,
514234,Sangam (India) Ltd,SANGAMIND,Sangam India Ltd,Active,B ,10.00,INE495C01010,Equity,,,,,
514236,TTL ENTERPRISES LIMITED,TTLEL,TTL Enterprises Ltd,Active,XT,10.00,INE664X01025,Equity,,,,,
514238,MKVENTURES CAPITAL LIMITED,MKVENTURES,Mkventures Capital Ltd,Active,X ,10.00,INE874A01010,Equity,,,,,
514240,Kush Industries Limited,KUSHIND,Kush Industries Ltd,Active,X ,10.00,INE979D01011,Equity,,,,,
514248,Sree chem Resins Ltd,SRECR,Sreechem Resins Ltd,Active,P ,10.00,INE377C01010,Equity,,,,,
514260,Surbhi Industries Limited,SURBHIN,Surbhi Industries Ltd,Active,XT,10.00,INE899E01019,Equity,,,,,
514264,Seasons Textiles Ltd,SEASONST,Seasons Textiles Ltd-$,Active,X ,10.00,INE707B01010,Equity,,,,,
514266,Zenith Fibres Limited,ZENIFIB,Zenith Fibres Ltd-$,Active,X ,10.00,INE106C01013,Equity,,,,,
514272,Bhilwara Spinners Ltd,BHILSPIN,Bhilwara Spinners Ltd,Active,X ,10.00,INE436C01014,Equity,,,,,
514274,VARVEE GLOBAL LIMITED,VGL,Varvee Global Ltd,Active,B ,5.00,INE273D01027,Equity,,,,,
514280,Sanrhea Technical Textiles Ltd.,SANTETX,Sanrhea Technical Textiles Ltd,Active,X ,10.00,INE589J01015,Equity,,,,,
514286,Ashima Ltd,ASHIMASYN,Ashima Ltd,Active,B ,10.00,INE440A01010,Equity,,,,,
514300,Pioneer Embroideries Ltd.,PIONEEREMB,Pioneer Embroideries Ltd-$,Active,B ,10.00,INE156C01018,Equity,,,,,
514302,Vippy Spinpro Ltd.,VIPPYSP,Vippy Spinpro Ltd,Active,X ,10.00,INE660D01017,Equity,,,,,
514312,JAIHIND INDUSTRIES LIMITED,JAIHIND,Jaihind Industries Ltd,Active,X ,10.00,INE156E01014,Equity,,,,,
514316,Raghuvir Synthetics Ltd.,RAGHUSYN,Raghuvir Synthetics Ltd,Active,X ,1.00,INE969C01022,Equity,,,,,
514318,Jattashankar Industries Limited,JATTAINDUS,Jattashankar Industries Ltd,Active,X ,10.00,INE722N01014,Equity,,,,,
514322,Kamadgiri Fashion Limited,KAMADGIRI,Kamadgiri Fashion Ltd-$,Active,X ,10.00,INE535C01013,Equity,,,,,
514324,Omnitex Industries (India) Ltd.,OMNITEX,Omnitex Industries India Ltd,Active,X ,10.00,INE814D01010,Equity,,,,,
514326,Patspin India Ltd.,PATSPINLTD,Patspin India Ltd,Active,X ,10.00,INE790C01014,Equity,,,,,
514330,ONE GLOBAL SERVICE PROVIDER LIMITED,ONEGLOBAL,One Global Service Provider Ltd,Active,B ,10.00,INE670O01013,Equity,,,,,
514332,Neo Infracon Ltd.,NEOINFRA,Neo Infracon Ltd,Active,X ,10.00,INE216I01017,Equity,,,,,
514336,CCME GLOBAL LIMITED,CCME,CCME Global Ltd,Active,X ,10.00,INE194N01016,Equity,,,,,
514354,Premier Polyfilm Ltd.,PREMIERPOL,Premier Polyfilm Ltd,Active,B ,1.00,INE309M01020,Equity,,,,,
514358,EVERLON FINANCIALS LIMITED,EVERFIN,Everlon Financials Ltd,Active,X ,10.00,INE339D01034,Equity,,,,,
514360,K&R RAIL ENGINEERING LIMITED,KRRAIL,K&R Rail Engineering Ltd,Active,X ,10.00,INE078T01026,Equity,,,,,
514378,Yarn Syndicate Ltd.,YARNSYN,Yarn Syndicate Ltd,Active,X ,10.00,INE564C01013,Equity,,,,,
514386,Gujarat Cotex Ltd,GUJCOTEX,Gujarat Cotex Ltd,Active,X ,5.00,INE004C01028,Equity,,,,,
514400,Garware Synthetics Ltd.,GARWSYN,Garware Synthetics Ltd,Active,X ,10.00,INE340D01016,Equity,,,,,
514402,ECO HOTELS AND RESORTS LIMITED,ECOHOTELS,Eco Hotels And Resorts Ltd,Active,X ,10.00,INE638N01012,Equity,,,,,
514414,Oxford Industries ltd.,OXFORDIN,Oxford Industries Ltd,Active,XT,10.00,INE114D01015,Equity,,,,,
514418,Mangalam Organics Limited,MANORG,Mangalam Organics Ltd,Active,B ,10.00,INE370D01013,Equity,,,,,
514428,Hindustan Adhesives Ltd.,HINDADH,Hindustan Adhesives Ltd,Active,B ,10.00,INE074C01013,Equity,,,,,
514440,Blue Pearl Agriventures Limited,BPAGRI,Blue Pearl Agriventures Ltd,Active,B ,1.00,INE439N01031,Equity,,,,,
514442,Sri KPR Industries Ltd,SRIKPRIND,Sri KPR Industries Ltd,Active,T ,10.00,INE009C01019,Equity,,,,,
514448,Jyoti Resins & Adhesives Ltd,JYOTIRES,Jyoti Resins & Adhesives Ltd,Active,B ,10.00,INE577D01013,Equity,,,,,
514450,Mahalaxmi Rubtech Ltd.,MHLXMIRU,Mahalaxmi Rubtech Ltd,Active,T ,10.00,INE112D01035,Equity,,,,,
514454,Southern Latex Ltd.,SOUTLAT,Southern Latex Ltd,Active,XT,10.00,INE410M01018,Equity,,,,,
514470,Winsome Textile Industries Ltd,WINSOMTX,Winsome Textile Industries Ltd-$,Active,X ,10.00,INE837B01031,Equity,,,,,
515008,Modern Insulators Ltd.,MODINSU,Modern Insulators Ltd,Active,XT,10.00,INE219W01012,Equity,,,,,
515018,Regency Ceramics Ltd,REGENCERAM,Regency Ceramics Ltd,Active,B ,10.00,INE277C01012,Equity,,,,,
515030,Asahi India Glass Ltd.,ASAHIINDIA,Asahi India Glass Ltd,Active,A ,1.00,INE439A01020,Equity,,,,,
515037,Murudeshwar Ceramics Ltd.,MURUDCERA,Murudeshwar Ceramics Ltd,Active,B ,10.00,INE692B01014,Equity,,,,,
515043,Saint-Gobain Sekurit India Ltd.,SEKURITIND,Saint Gobain Sekurit India Ltd,Active,B ,10.00,INE068B01017,Equity,,,,,
515055,Anant Raj Limited,ANANTRAJ,Anant Raj Ltd-$,Active,A ,2.00,INE242C01024,Equity,,,,,
515059,Madhusudan Industries Ltd.,MADHUDIN,Madhusudan Industries Ltd,Active,X ,5.00,INE469C01023,Equity,,,,,
515085,Restile Ceramics Ltd.,RESTILE,Restile Ceramics Ltd,Active,X ,10.00,INE298E01022,Equity,,,,,
515093,Madhav Marbles & Granites Ltd.,MADHAV,Madhav Marbles & Granites Ltd,Active,B ,10.00,INE925C01016,Equity,,,,,
515147,Haldyn Glass Limited,HALDYNGL,Haldyn Glass Ltd-$,Active,T ,1.00,INE506D01020,Equity,,,,,
516003,DUROPLY INDUSTRIES LIMITED,DUROPLY,Duroply Industries Ltd,Active,X ,10.00,INE932D01010,Equity,,,,,
516016,Shreyans Industries Limited.,SHREYANIND,Shreyans Industries Ltd-$,Active,B ,10.00,INE231C01019,Equity,,,,,
516020,Agio Paper & Industries Limited,AGIOPAPER,Agio Paper & Industries Ltd-$,Active,X ,10.00,INE112C01011,Equity,,,,,
516022,Star Paper Mills Ltd.,STARPAPER,Star Paper Mills Ltd,Active,B ,10.00,INE733A01018,Equity,,,,,
516030,PAKKA LIMITED,PAKKA,Pakka Ltd-$,Active,B ,10.00,INE551D01018,Equity,,,,,
516032,TAHMAR ENTERPRISES LIMITED,TAHMARENT,Tahmar Enterprises Ltd,Active,X ,1.00,INE385D01029,Equity,,,,,
516038,KS Smart Technologies Limited,KSSMART,KS Smart Technologies Ltd,Active,X ,10.00,INE737E01011,Equity,,,,,
516062,National Plywood Industries Ltd.,NATPLY,National Plywood Industries Ltd,Active,Z ,10.00,INE497C01016,Equity,,,,,
516064,Arrow Greentech Limited,ARROWGREEN,Arrow Greentech Ltd,Active,B ,10.00,INE570D01018,Equity,,,,,
516072,Vishnu Chemicals Limited,VISHNU,Vishnu Chemicals Ltd,Active,B ,2.00,INE270I01022,Equity,,,,,
516078,Jumbo Bag ltd.,JUMBO,Jumbo Bag Ltd,Active,XT,10.00,INE699D01015,Equity,,,,,
516082,N.R.Agarwal Industries Ltd.,NRAIL,NR Agarwal Industries Ltd,Active,B ,10.00,INE740D01017,Equity,,,,,
516092,3P LAND HOLDINGS LTD.,3PLAND,3P Land Holdings Ltd,Active,B ,2.00,INE105C01023,Equity,,,,,
516096,Sangal Papers Ltd.,SANPA,Sangal Papers Ltd,Active,X ,10.00,INE384D01022,Equity,,,,,
516098,Ventura Textiles Ltd.,VENTURA,Ventura Textiles Ltd,Active,X ,10.00,INE810C01044,Equity,,,,,
516106,Shree Karthik Papers Ltd.,SHKARTP,Shree Karthik Papers Ltd,Active,X ,5.00,INE538D01015,Equity,,,,,
516108,South India Paper Mills Ltd.,STHINPA,South India Paper Mills Ltd,Active,X ,10.00,INE088G01014,Equity,,,,,
516110,FAMILY CARE HOSPITALS LIMITED,FAMILYCARE,Family Care Hospitals Ltd,Active,X ,10.00,INE146N01016,Equity,,,,,
517015,Vindhya Telelinks Ltd.,VINDHYATEL,Vindhya Telelinks Ltd,Active,B ,10.00,INE707A01012,Equity,,,,,
517035,RIR POWER ELECTRONICS LIMITED,RIR,RIR Power Electronics Ltd,Active,B ,2.00,INE302D01024,Equity,,,,,
517041,Ador Welding Ltd.,ADOR,Ador Welding Ltd,Active,B ,10.00,INE045A01017,Equity,,,,,
517059,Salzer Electronics Ltd.,SALZERELEC,Salzer Electronics Ltd-$,Active,B ,10.00,INE457F01013,Equity,,,,,
517063,Jetking Infotrain Ltd.,JETKINGQ,Jetking Infotrain Ltd,Active,X ,10.00,INE919C01019,Equity,,,,,
517077,Ind-Agiv Commerce Ltd.,INDAGIV,Ind Agiv Commerce Ltd,Active,XT,10.00,INE115E01010,Equity,,,,,
517096,Aplab Ltd.,APLAB,Aplab Ltd-$,Active,X ,10.00,INE273A01015,Equity,,,,,
517119,PCS Technology Ltd.,PCS,PCS Technology Ltd,Active,X ,10.00,INE834B01012,Equity,,,,,
517146,Usha Martin Ltd.,USHAMART,Usha Martin Ltd,Active,A ,1.00,INE228A01035,Equity,,,,,
517168,Subros Ltd.,SUBROS,Subros Ltd,Active,B ,2.00,INE287B01021,Equity,,,,,
517170,Edvenswa Enterprises Limited,EDVENSWA,Edvenswa Enterprises Ltd,Active,X ,10.00,INE125G01014,Equity,,,,,
517172,Pervasive Commodities Limited,PERVASIVE,Pervasive Commodities Ltd,Active,XT,1.00,INE443P01038,Equity,,,,,
517174,Honeywell Automation India Ltd.,HONAUT,Honeywell Automation India Ltd,Active,A ,10.00,INE671A01010,Equity,,,,,
517201,Switching Technologies Gunther Ltd.,SWITCHTE,Switching Technologies Gunther Ltd,Active,XT,10.00,INE311D01017,Equity,,,,,
517206,Lumax Industries Ltd.,LUMAXIND,Lumax Industries Ltd,Active,B ,10.00,INE162B01018,Equity,,,,,
517214,DIGISPICE TECHNOLOGIES LIMITED,DIGISPICE,Digispice Technologies Ltd-$,Active,B ,3.00,INE927C01020,Equity,,,,,
517230,AURIQUE LIMITED,AURIQUE,Aurique Ltd,Active,XT,10.00,INE766A01026,Equity,,,,,
517236,Calcom Vision Ltd.,CALCOM,Calcom Vision Ltd,Active,X ,10.00,INE216C01010,Equity,,,,,
517238,Dynavision Limited,DYNAVSN,Dynavision Ltd,Active,X ,10.00,INE083E01010,Equity,,,,,
517246,BCC Fuba India Ltd.,BCCFUBA,BCC Fuba India Ltd,Active,XT,10.00,INE788D01016,Equity,,,,,
517258,Precision Electronics Ltd.,PRECISIO,Precision Electronics Ltd,Active,XT,10.00,INE143C01024,Equity,,,,,
517264,Fine-line Circuits Ltd.,FINELINE,Fine Line Circuits Ltd,Active,X ,10.00,INE087E01011,Equity,,,,,
517271,HBL ENGINEERING LIMITED,HBLENGINE,HBL Engineering Ltd-$,Active,A ,1.00,INE292B01021,Equity,,,,,
517273,S & S Power Switchgears Ltd.,S&SPOWER,S&S Power Switchgear Ltd,Active,B ,10.00,INE902B01017,Equity,,,,,
517286,RNIT AI SOLUTIONS LIMITED,RNITAI,Rnit Ai Solutions Ltd,Active,XT,10.00,INE335Q01026,Equity,,,,,
517288,Gujarat Poly Electronics Limited,GUJARATPOLY,Gujarat Poly Electronics Ltd,Active,XT,10.00,INE541F01022,Equity,,,,,
517300,Gujarat Industries Power Co. Ltd,GIPCL,Gujarat Industries Power Company Ltd,Active,B ,10.00,INE162A01010,Equity,,,,,
517320,MAGNUS STEEL AND INFRA LIMITED,MAGNUS,Magnus Steel and Infra Ltd,Active,X ,10.00,INE898E01011,Equity,,,,,
517334,Samvardhana Motherson International Limited,MOTHERSON,Samvardhana Motherson International Ltd,Active,A ,1.00,INE775A01035,Equity,,,,,
517336,Modern Malleables Limited,MODMA,Modern Malleables Ltd,Active,P ,1.00,INE834C01028,Equity,,,,,
517344,Mindteck (India) Ltd,MINDTECK,Mindteck (India) Ltd,Active,B ,10.00,INE110B01017,Equity,,,,,
517354,Havells India Limited,HAVELLS,Havells India Ltd,Active,A ,1.00,INE176B01034,Equity,,,,,
517356,ACI Infocom Ltd.,ACIIN,ACI Infocom Ltd,Active,XT,1.00,INE167B01025,Equity,,,,,
517360,SBEC Systems (Ind) Ltd.,SBECSYS,SBEC Systems India Ltd,Active,X ,10.00,INE689V01018,Equity,,,,,
517370,Incap Ltd,INCAP,Incap Ltd,Active,X ,10.00,INE437C01012,Equity,,,,,
517372,Gujarat Intrux Limited,GUJINTRX,Gujarat Intrux Ltd-$,Active,X ,10.00,INE877E01015,Equity,,,,,
517380,Igarashi Motors India Ltd.,IGARASHI,Igarashi Motors India Ltd,Active,B ,10.00,INE188B01013,Equity,,,,,
517385,Symphony Limited,SYMPHONY,Symphony Ltd,Active,B ,2.00,INE225D01027,Equity,,,,,
517393,REGANTO ENTERPRISES LIMITED,REGANTO,Reganto Enterprises Ltd,Active,Z ,1.00,INE043B01028,Equity,,,,,
517397,Pan Electronics India Ltd.,PANELEC,Pan Electronics India Ltd,Active,X ,10.00,INE648E01010,Equity,,,,,
517399,VXL Instruments Ltd.,VXLINSTR,VXL Instruments Ltd,Active,X ,10.00,INE756A01019,Equity,,,,,
517411,Shyam Telecom Ltd.,SHYAMTEL,Shyam Telecom Ltd,Active,B ,10.00,INE635A01023,Equity,,,,,
517415,Lee & Nee Softwares (Exports) Ltd.,LEENEE,Lee & Nee Softwares Exports Ltd,Active,T ,10.00,INE791B01014,Equity,,,,,
517417,Patels Airtemp (I) Ltd.,PATELSAI,Patels Airtemp India Ltd,Active,X ,10.00,INE082C01024,Equity,,,,,
517421,Butterfly Gandhimathi Appliances Limited,BUTTERFLY,Butterfly Gandhimathi Appliances Ltd,Active,B ,10.00,INE295F01017,Equity,,,,,
517429,Athena Global Technologies Limited,ATHENAGLO,Athena Global Technologies Ltd-$,Active,X ,10.00,INE576B01019,Equity,,,,,
517431,Narmada Macplast Drip Irrigation Sy,NARMP,Narmada Macplast Drip Irrigation Systems Ltd,Active,X ,2.00,INE060D01028,Equity,,,,,
517437,Dutron  Polymers Ltd.,DUTRON,Dutron Polymers Ltd-$,Active,X ,10.00,INE940C01015,Equity,,,,,
517447,R S Software India Ltd.,RSSOFTWARE,R.S. Software (India) Ltd,Active,B ,5.00,INE165B01029,Equity,,,,,
517449,Magna Electro Castings Ltd.,MAGNAELQ,Magna Electro Castings Ltd-$,Active,X ,10.00,INE437D01010,Equity,,,,,
517467,MARSONS LIMITED,MARSONS,Marsons Ltd,Active,B ,1.00,INE415B01044,Equity,,,,,
517477,Elnet Technologies Ltd.,ELNET,Elnet Technologies Ltd-$,Active,X ,10.00,INE033C01019,Equity,,,,,
517494,ACCEL LIMITED,ACCEL,Accel Ltd,Active,X ,2.00,INE258C01038,Equity,,,,,
517498,Websol Energy System Limited,WEBELSOLAR,Websol Energy System Ltd,Active,A ,1.00,INE855C01023,Equity,,,,,
517500,Roto Pumps Ltd.,ROTO,Roto Pumps Ltd,Active,B ,1.00,INE535D01037,Equity,,,,,
517506,TTK Prestige Ltd.,TTKPRESTIG,TTK Prestige Ltd,Active,B ,1.00,INE690A01028,Equity,,,,,
517514,D & H India Limited,DHINDIA,D & H India Ltd-$,Active,X ,10.00,INE589D01018,Equity,,,,,
517522,Rajratan Global Wire Ltd,RAJRATAN,Rajratan Global Wire Ltd,Active,B ,2.00,INE451D01029,Equity,,,,,
517530,Surana Telecom And Power Limited,SURANAT&P,Surana Telecom and Power Ltd,Active,B ,1.00,INE130B01031,Equity,,,,,
517536,Onward Technologies Ltd.,ONWARDTEC,Onward Technologies Ltd,Active,B ,10.00,INE229A01017,Equity,,,,,
517544,Centum Electronics Ltd,CENTUM,Centum Electronics Ltd,Active,B ,10.00,INE320B01020,Equity,,,,,
517546,Alfa Transformers ltd.,ALFATRAN,Alfa Transformers Ltd,Active,X ,10.00,INE209C01015,Equity,,,,,
517554,NHC FOODS LIMITED,NHCFOODS,NHC Foods Ltd,Active,XT,1.00,INE141C01036,Equity,,,,,
517556,PVP Ventures Ltd,PVP,PVP Ventures Ltd,Active,B ,10.00,INE362A01016,Equity,,,,,
517562,Trigyn Technologies Ltd.,TRIGYN,Trigyn Technologies Ltd,Active,B ,10.00,INE948A01012,Equity,,,,,
517569,KEI Industries Ltd.,KEI,KEI Industries Ltd,Active,A ,2.00,INE878B01027,Equity,,,,,
518011,Keerthi Industries Ltd,KEERTHI,Keerthi Industries Ltd,Active,X ,10.00,INE145L01012,Equity,,,,,
518053,Sri Chakra Cement Limited,SRICC,Sri Chakra Cement Ltd,Active,X ,10.00,INE827D01020,Equity,,,,,
518075,Suraj Products Ltd.,SURAJ,Suraj Products Ltd,Active,Z ,10.00,INE069E01019,Equity,,,,,
518091,Anjani Portland Cement Ltd.,APCL,Anjani Portland Cement Ltd-$,Active,B ,10.00,INE071F01012,Equity,,,,,
519003,Modi Naturals Limited,MODINATUR,Modi Naturals Ltd,Active,B ,10.00,INE537F01012,Equity,,,,,
519014,Prashant India Ltd,PRSNTIN,Prashant India Ltd,Active,X ,10.00,INE100E01012,Equity,,,,,
519031,Shah Foods Ltd,SHAHFOOD,Shah Foods Ltd,Active,XT,10.00,INE455D01012,Equity,,,,,
519091,Tasty Bite Eatables Ltd.,TASTYBITE,Tasty Bite Eatables Ltd,Active,B ,10.00,INE488B01017,Equity,,,,,
519097,Ritesh International Ltd,RITESHIN,Ritesh International Ltd,Active,XT,10.00,INE534D01014,Equity,,,,,
519105,AVT Natural Products Ltd.,AVTNPL,AVT Natural Products Ltd,Active,B ,1.00,INE488D01021,Equity,,,,,
519126,Hindustan Foods Ltd.,HNDFDS,Hindustan Foods Ltd,Active,B ,2.00,INE254N01026,Equity,,,,,
519136,Nahar Industrial Enterprises Ltd,NAHARINDUS,Nahar Industrial Enterprises Ltd-$,Active,B ,10.00,INE289A01011,Equity,,,,,
519152,Vadilal Enterprises Ltd.,VADILENT,Vadilal Enterprises Ltd,Active,B ,10.00,INE693D01018,Equity,,,,,
519156,Vadilal Industries Ltd.,VADILALIND,Vadilal Industries Ltd-$,Active,B ,10.00,INE694D01016,Equity,,,,,
519174,Ashiana Agro Industries Ltd,ASHAI,Ashiana Agro Industries Ltd,Active,X ,10.00,INE709D01012,Equity,,,,,
519183,ADF Foods Limited.,ADFFOODS,Adf Foods Ltd-$,Active,B ,2.00,INE982B01027,Equity,,,,,
519191,Retro Green Revolution Limited,RGRL,Retro Green Revolution Ltd,Active,Z ,10.00,INE601N01010,Equity,,,,,
519214,Williamson Financial Services ltd.,WILLIMFI,Williamson Financial Services Ltd,Active,X ,10.00,INE188E01017,Equity,,,,,
519216,Ajanta Soya Limited,AJANTSOY,Ajanta Soya Ltd,Active,X ,2.00,INE601B01023,Equity,,,,,
519224,William Magor & Company Limited,WILLAMAGOR,Williamson Magor & Company Ltd,Active,B ,10.00,INE210A01017,Equity,,,,,
519230,KISAAN PARIVAR INDUSTRIES LIMITED,KISAAN,Kisaan Parivar Industries Ltd,Active,X ,5.00,INE102C01020,Equity,,,,,
519234,Superior Industrial Enterprises Limited,SIEL,Superior Industrial Enterprises Ltd,Active,B ,10.00,INE843L01012,Equity,,,,,
519238,Saptarishi Agro Industries Ltd,SPTRSHI,Saptarishi Agro Industries Ltd,Active,XT,10.00,INE233P01017,Equity,,,,,
519242,FRESITA PROTEINS LIMITED,FRESITA,Fresita Proteins Ltd,Active,X ,10.00,INE995U01011,Equity,,,,,
519260,SANWARIA CONSUMER LIMITED,SANWARIA,Sanwaria Consumer Ltd-$,Active,Z ,1.00,INE890C01046,Equity,,,,,
519262,Prima Agro Ltd.,PRIMAGR,Prima Agro Ltd,Active,X ,10.00,INE297D01018,Equity,,,,,
519279,Madhur Industries Limited,MADHURIND,Madhur Industries Ltd,Active,X ,10.00,INE110C01015,Equity,,,,,
519285,Tarai Foods Ltd.,TARAI,Tarai Foods Ltd,Active,Z ,10.00,INE906C01016,Equity,,,,,
519287,Modern Dairies Ltd.,MODAIRY,Modern Dairies Ltd,Active,XT,10.00,INE617B01011,Equity,,,,,
519295,Bambino Agro Industries Ltd,BAMBINO,Bambino Agro Industries Ltd,Active,X ,10.00,INE921D01013,Equity,,,,,
519299,Prime Industries Ltd.,PRIMIND,Prime Industries Ltd,Active,X ,5.00,INE543F01028,Equity,,,,,
519307,Vikas WSP Ltd.,VIKASWSP,Vikas WSP Ltd,Active,Z ,1.00,INE706A01022,Equity,,,,,
519331,VSF Projects Limited,VSFPROJ,VSF Projects Ltd,Active,X ,10.00,INE923K01014,Equity,,,,,
519353,NOVYRA PHARMACHEM LIMITED,NOVYRA,Novyra Pharmachem Ltd,Active,ZP,10.00,INE856E01019,Equity,,,,,
519359,Poona Dal And Oil Industries Ltd.,POONADAL,Poona Dal & Oil Industries Ltd,Active,X ,10.00,INE809E01018,Equity,,,,,
519367,Transglobe Foods Ltd.,TRANSFD,Transglobe Foods Ltd,Active,X ,10.00,INE213P01027,Equity,,,,,
519383,Anik Industries Limited,ANIKINDS,Anik Industries Ltd,Active,B ,10.00,INE087B01017,Equity,,,,,
519397,Sharat Industries Ltd.,SHINDL,Sharat Industries Ltd,Active,B ,10.00,INE220Z01013,Equity,,,,,
519413,DATIWARE MARITIME INFRA LIMITED,DATIWARE,Datiware Maritime Infra Ltd,Active,P ,10.00,INE673U01014,Equity,,,,,
519415,KMG Milk Food Limited,KMGMILK,KMG Milk Food Ltd,Active,P ,10.00,INE873N01015,Equity,,,,,
519421,KSE Ltd.,KSE,KSE Ltd-$,Active,B ,1.00,INE953E01022,Equity,,,,,
519439,Pioneer Agro Extracts ltd.,PIONAGR,Pioneer Agro Extracts Ltd,Active,XT,10.00,INE062E01014,Equity,,,,,
519457,Virat Crane Industries Ltd,VIRATCRA,Virat Crane Industries Ltd,Active,X ,10.00,INE295C01014,Equity,,,,,
519463,IB Infotech Enterprises Ltd,IBINFO,IB Infotech Enterprises Ltd,Active,X ,1.00,INE678B01039,Equity,,,,,
519471,Ambar Protein Industries Limited,AMBARPIL,Ambar Protein Industries Ltd,Active,XT,10.00,INE072V01017,Equity,,,,,
519475,Chordia Food Products Ltd,CHORDIA,Chordia Food Products Ltd,Active,XT,10.00,INE975C01011,Equity,,,,,
519477,CIAN Agro Industries & Infrastructure Limited,CIANAGRO,CIAN Agro Industries & Infrastructure Ltd,Active,B ,10.00,INE052V01019,Equity,,,,,
519479,Omega Ag-Seeds (Punjab) ltd.,OMEAG,Omega Ag-Seeds Punjab Ltd,Active,X ,10.00,INE112B01013,Equity,,,,,
519483,Tai Industries Ltd.,TAIIND,TAI Industries Ltd-$,Active,X ,10.00,INE358D01018,Equity,,,,,
519494,N.K.Industries Ltd.,NKIND,NK Industries Ltd,Active,B ,10.00,INE542C01019,Equity,,,,,
519500,BKV Industries Ltd.,BKV,BKV Industries Ltd,Active,X ,1.00,INE356C01022,Equity,,,,,
519506,NCC Bluewater Products Ltd.,NCCBLUE,NCC Bluewater Products Ltd,Active,P ,10.00,INE630N01019,Equity,,,,,
519528,Norben Tea & Exports Ltd,NORBTEAEXP,Norben Tea & Exports Ltd,Active,B ,10.00,INE369C01017,Equity,,,,,
519532,Asian Tea & Exports Ltd.,ASIANTNE,Asian Tea & Exports Ltd-$,Active,B ,10.00,INE822B01017,Equity,,,,,
519552,Heritage Foods Limited,HERITGFOOD,Heritage Foods Ltd,Active,B ,5.00,INE978A01027,Equity,,,,,
519566,Simran Farms Ltd.,SIMRAN,Simran Farms Ltd,Active,X ,10.00,INE354D01017,Equity,,,,,
519574,Hindustan Agrigenetics Ltd.,HINDUST,Hindustan Agrigenetics Ltd,Active,X ,10.00,INE092301014,Equity,,,,,
519600,CCL Products (India) Ltd.,CCL,CCL Products (India) Ltd,Active,A ,2.00,INE421D01022,Equity,,,,,
519602,Kellton Tech Solutions Ltd.,KELLTONTEC,Kellton Tech Solutions Ltd,Active,B ,1.00,INE164B01030,Equity,,,,,
519604,Suryo Foods & Industries Ltd.,SURFI,Suryo Foods & Industries Ltd,Active,X ,10.00,INE565E01016,Equity,,,,,
519606,Integrated Proteins Ltd.,INTEGFD,Integrated Proteins Ltd,Active,XT,1.00,INE177M01021,Equity,,,,,
519612,LAKE SHORE REALTY LIMITED,LAKESHORE,Lake Shore Realty Ltd,Active,X ,10.00,INE734D01010,Equity,,,,,
520008,RICO Auto Industries Ltd.,RICOAUTO,Rico Auto Industries Ltd,Active,B ,1.00,INE209B01025,Equity,,,,,
520021,Omax Autos Ltd.,OMAXAUTO,Omax Autos Ltd,Active,B ,10.00,INE090B01011,Equity,,,,,
520043,Munjal Showa Ltd.,MUNJALSHOW,Munjal Showa Ltd,Active,B ,2.00,INE577A01027,Equity,,,,,
520051,Jamna Auto Industries Ltd.,JAMNAAUTO,Jamna Auto Industries Ltd,Active,A ,1.00,INE039C01032,Equity,,,,,
520056,TVS Holdings Limited,TVSHLTD,TVS Holdings Ltd,Active,A ,5.00,INE105A01035,Equity,,,,,
520057,JTEKT India Limited,JTEKTINDIA,Jtekt India Ltd,Active,B ,1.00,INE643A01035,Equity,,,,,
520059,Munjal Auto Industries Ltd.,MUNJALAU,Munjal Auto Industries Ltd,Active,B ,2.00,INE672B01032,Equity,,,,,
520066,Jay Bharat Maruti Ltd.,JAYBARMARU,Jay Bharat Maruti Ltd,Active,B ,2.00,INE571B01036,Equity,,,,,
520073,RACL Geartech Limited,RACLGEAR,RACL Geartech Ltd,Active,B ,10.00,INE704B01017,Equity,,,,,
520075,Samkrg Pistons and Rings Ltd.,SAMKRG,Samkrg Pistons & Rings Ltd-$,Active,X ,10.00,INE706B01012,Equity,,,,,
520081,East Coast Steel Ltd,ECSTSTL,Eastcoast Steel Ltd,Active,P ,10.00,INE315F01013,Equity,,,,,
520086,Sical Logistics Limited,SICALLOG,Sical Logistics Ltd,Active,T ,10.00,INE075B01020,Equity,,,,,
520111,Ratnamani Metals & Tubes Ltd,RATNAMANI,Ratnamani Metals & Tubes Ltd-$,Active,A ,2.00,INE703B01027,Equity,,,,,
520113,Vesuvius India Ltd.,VESUVIUS,Vesuvius India Ltd,Active,A ,1.00,INE386A01023,Equity,,,,,
520119,Automotive Stampings and Assemblies Ltd.,ASAL,Automotive Stampings and Assemblies Ltd,Active,B ,10.00,INE900C01027,Equity,,,,,
520121,Arcee Indusrtries ltd.,ARCEEIN,Arcee Industries Ltd,Active,X ,10.00,INE276D01012,Equity,,,,,
520123,ABC India Ltd.,ABCINDQ,ABC India Ltd-$,Active,X ,10.00,INE125D01011,Equity,,,,,
520127,Balurghat Technologies Ltd.,BALTE,Balurghat Technologies Ltd,Active,X ,10.00,INE654B01014,Equity,,,,,
520131,Coastal Roadways Ltd.,COARO,Coastal Roadways Ltd,Active,P ,10.00,INE229E01019,Equity,,,,,
520141,Sibar Auto Parts Ltd.,SIBARAUT,Sibar Auto Parts Ltd,Active,X ,10.00,INE441C01014,Equity,,,,,
520151,TRANSWORLD SHIPPING LINES LIMITED,TRANSWORLD,Transworld Shipping Lines Ltd,Active,T ,10.00,INE757B01015,Equity,,,,,
520155,Starlog Enterprises Limited,STARLOG,Starlog Enterprises Ltd,Active,X ,10.00,INE580C01019,Equity,,,,,
521003,Shiva Suitings Ltd.,SHVSUIT,Shiva Suitings Ltd,Active,P ,10.00,INE02Z901011,Equity,,,,,
521005,TITAN INTECH LIMITED,TITANIN,Titan Intech Ltd,Active,X ,1.00,INE807M01031,Equity,,,,,
521014,Eurotex Industries & Exports Ltd.,EUROTEXIND,Eurotex Industries and Exports Ltd,Active,T ,10.00,INE022C01012,Equity,,,,,
521016,Indo Count Industries Ltd,ICIL,Indo Count Industries Ltd,Active,A ,2.00,INE483B01026,Equity,,,,,
521018,Maral Overseas Ltd.,MARALOVER,Maral Overseas Ltd,Active,B ,10.00,INE882A01013,Equity,,,,,
521034,Soma Textile & Industries Ltd,SOMATEX,Soma Textiles & Industries Ltd,Active,B ,10.00,INE314C01013,Equity,,,,,
521036,Source Industries (India) Ltd,SOURCEIND,Source Industries (India) Ltd,Active,XT,10.00,INE695C01015,Equity,,,,,
521048,Advance Lifestyles Ltd.,ADVLIFE,Advance Lifestyles Ltd,Active,X ,10.00,INE900E01015,Equity,,,,,
521054,Kakatiya Textiles Ltd.,KAKTEX,Kakatiya Textiles Ltd,Active,X ,10.00,INE092E01011,Equity,,,,,
521062,Perfect-Octave Media Projects Ltd,OCTAVE,Perfect-Octave Media Projects Ltd,Active,X ,10.00,INE814L01013,Equity,,,,,
521064,Trident Ltd,TRIDENT,Trident Ltd,Active,A ,1.00,INE064C01022,Equity,,,,,
521068,Hisar Spinning Mills Ltd,HISARSP,Hisar Spinning Mills Ltd,Active,P ,10.00,INE689E01014,Equity,,,,,
521070,Alok Industries Ltd.,ALOKINDS,Alok Industries Ltd,Active,A ,1.00,INE270A01029,Equity,,,,,
521080,Pasari Spinning Mills Ltd.,PASARI,Pasari Spinning Mills Ltd,Active,X ,10.00,INE604F01010,Equity,,,,,
521097,Amarjothi Spinning Mills Ltd,AMARJOTHI,Amarjothi Spinning Mills Ltd,Active,B ,10.00,INE484D01012,Equity,,,,,
521105,Olympia Industries Ltd.,OLYMPTX,Olympia Industries Ltd,Active,X ,10.00,INE482O01021,Equity,,,,,
521109,Nagreeka Exports Ltd.,NAGREEKEXP,Nagreeka Exports Ltd-$,Active,B ,5.00,INE123B01028,Equity,,,,,
521113,Suditi Industries Ltd.,SUDTIND-B,Suditi Industries Ltd,Active,X ,10.00,INE691D01012,Equity,,,,,
521131,Shree Bhavya Fabrics Limited,SBFL,Shree Bhavya Fabrics Ltd,Active,X ,10.00,INE363D01018,Equity,,,,,
521133,Gem Spinners India Ltd,GEMSPIN,Gem Spinners India Ltd,Active,P ,5.00,INE165F01020,Equity,,,,,
521137,Eureka Industries Ltd.,EUREKAI,Eureka Industries Ltd,Active,XT,10.00,INE958A01011,Equity,,,,,
521141,Aditya Spinners Ltd.,ADITYASP,Aditya Spinners Ltd,Active,X ,10.00,INE122D01026,Equity,,,,,
521149,Prime Urban Development India Ltd,PRIMEURB,Prime Urban Development India Ltd,Active,X ,2.00,INE419E01024,Equity,,,,,
521151,Dhanlaxmi Fabrics Ltd.,DHANFAB,Dhanlaxmi Fabrics Ltd,Active,X ,10.00,INE953D01016,Equity,,,,,
521161,Sri Lakshmi Saraswathi Textiles (Ar,SLSTLQ,Sri Lakshmi Saraswathi Textiles Arni Ltd-$,Active,X ,10.00,INE456D01010,Equity,,,,,
521163,Zodiac Clothing Co. Ltd.,ZODIACLOTH,Zodiac Clothing Company Ltd,Active,B ,10.00,INE206B01013,Equity,,,,,
521167,MAXGROW INDIA LIMITED,MAXGROW,Maxgrow India Ltd,Active,XT,5.00,INE485D01043,Equity,,,,,
521178,Sri Ramakrishna Mills (Coimbatore) Ltd.,SRMCL,Sri Ramakrishna Mills Coimbatore Ltd-$,Active,X ,10.00,INE306D01017,Equity,,,,,
521180,Super Spinning Mills Ltd.,SUPERSPIN,Super Spinning Mills Ltd,Active,T ,1.00,INE662A01027,Equity,,,,,
521194,SIL Investments Ltd,SILINV,SIL Investments Ltd,Active,B ,10.00,INE923A01015,Equity,,,,,
521200,Suryalakshmi Cotton Mills Ltd.,SURYALAXMI,Suryalakshmi Cotton Mills Ltd,Active,B ,10.00,INE713B01026,Equity,,,,,
521206,Samtex Fashions Ltd.,SAMTEX,Samtex Fashions Ltd-$,Active,X ,2.00,INE931D01020,Equity,,,,,
521210,Cityman Limited,CITYMAN,Cityman Ltd,Active,X ,10.00,INE117C01010,Equity,,,,,
521216,Dhanalaxmi Roto Spinners Ltd.,DHANROTO,Dhanalaxmi Roto Spinners Ltd,Active,X ,10.00,INE220C01012,Equity,,,,,
521220,Damodar Industries Limited,DAMODARIND,Damodar Industries Ltd-$,Active,T ,5.00,INE497D01022,Equity,,,,,
521222,Sanblue Corporation Limited,SANBLUE,Sanblue Corporation Ltd,Active,X ,10.00,INE602D01027,Equity,,,,,
521226,Uniroyal Industries Ltd,UNIROYAL,Uniroyal Industries Ltd,Active,X ,10.00,INE980D01019,Equity,,,,,
521228,Tatia Global Vennture Limited,TATIAGLOB,Tatia Global Vennture Ltd,Active,X ,1.00,INE083G01031,Equity,,,,,
521232,Sunil Industries Ltd.,SUNILTX,Sunil Industries Ltd,Active,P ,10.00,INE124M01015,Equity,,,,,
521234,Sri Nachammai Cotton Mills Ltd.,SRINACHA,Sri Nachammai Cotton Mills Ltd-$,Active,X ,10.00,INE443E01016,Equity,,,,,
521238,BHARAT GLOBAL DEVELOPERS LIMITED,BGDL,Bharat Global Developers Ltd,Active,B ,10.00,INE893C01032,Equity,,,,,
521240,Sambandam Spinning Mills Ltd.,SAMBANDAM,Sambandam Spinning Mills Ltd-$,Active,B ,10.00,INE304D01012,Equity,,,,,
521244,MKP Mobility Limited,MKPMOB,MKP Mobility Ltd,Active,X ,10.00,INE676G01024,Equity,,,,,
521246,Paras Petrofils Ltd.,PARASPETRO,Paras Petrofils Ltd,Active,B ,1.00,INE162C01024,Equity,,,,,
521248,Kitex Garmenets Ltd.,KITEX,Kitex Garments Ltd,Active,A ,1.00,INE602G01020,Equity,,,,,
522001,Cranex Ltd.,CRANEX,Cranex Ltd,Active,XT,10.00,INE608B01010,Equity,,,,,
522004,Batliboi Ltd,BATLIBOI,Batliboi Ltd-$,Active,B ,5.00,INE177C01022,Equity,,,,,
522005,Austin Engineering Co. Ltd.,AUSTENG,Austin Engineering Company Ltd,Active,B ,10.00,INE759F01012,Equity,,,,,
522014,United Drilling Tools Ltd.,UNIDT,United Drilling Tools Ltd,Active,B ,10.00,INE961D01019,Equity,,,,,
522017,Fluidomat Ltd.,FLUIDOM,Fluidomat Ltd,Active,X ,10.00,INE459C01016,Equity,,,,,
522027,Ema India Ltd.,EMAINDIA,EMA India Ltd,Active,X ,10.00,INE279D01016,Equity,,,,,
522029,Windsor Machines Limited,WINDMACHIN,Windsor Machines Ltd,Active,B ,2.00,INE052A01021,Equity,,,,,
522034,Shanthi Gears Ltd.,SHANTIGEAR,Shanthi Gears Ltd,Active,B ,1.00,INE631A01022,Equity,,,,,
522036,Miven Machine Tools Ltd.,MIVENMACH,Miven Machine Tools Ltd,Active,X ,10.00,INE338P01014,Equity,,,,,
522064,HONDA INDIA POWER PRODUCTS LIMITED,HONDAPOWER,Honda India Power Products Ltd,Active,B ,10.00,INE634A01018,Equity,,,,,
522073,The Hi-Tech Gears Limited,HITECHGEAR,The Hi-Tech Gears Ltd,Active,T ,10.00,INE127B01011,Equity,,,,,
522074,Elgi Equipments Ltd.,ELGIEQUIP,Elgi Equipments Ltd,Active,A ,1.00,INE285A01027,Equity,,,,,
522091,United Van Der Horst Ltd.,UVDRHOR,United Van Der Horst Ltd,Active,X ,1.00,INE890G01047,Equity,,,,,
522101,Kilburn Engineering Ltd,KLBRENG-B,Kilburn Engineering Ltd,Active,B ,10.00,INE338F01015,Equity,,,,,
522105,Birla Precision Technologies Ltd,BIRLAPREC,Birla Precision Technologies Ltd,Active,T ,2.00,INE372E01025,Equity,,,,,
522108,Yuken India Ltd.,YUKEN,Yuken India Ltd-$,Active,B ,10.00,INE384C01016,Equity,,,,,
522113,Timken India Ltd,TIMKEN,Timken India Ltd,Active,A ,10.00,INE325A01013,Equity,,,,,
522122,Voith Paper Fabrics India Ltd,VOITHPAPR,Voith Paper Fabrics India Ltd-$,Active,B ,10.00,INE285C01015,Equity,,,,,
522134,ARTSON LIMITED,ARTSON,Artson Ltd,Active,X ,1.00,INE133D01023,Equity,,,,,
522152,Solitaire Machine Tools Ltd,SOLIMAC,Solitaire Machine Tools Ltd,Active,X ,10.00,INE410A01013,Equity,,,,,
522163,Diamond Power Infrastructure Limited,DIACABS,Diamond Power Infrastructure Ltd-$,Active,T ,1.00,INE989C01038,Equity,,,,,
522165,Indsil Hydro Power and Manganese Limited,INDSILHYD,Indsil Hydro Power and Manganese Ltd-$,Active,X ,10.00,INE867D01018,Equity,,,,,
522183,ITL Industries Ltd.,ITL,ITL Industries Ltd-$,Active,B ,10.00,INE478D01014,Equity,,,,,
522195,Frontier Springs Ltd.,FRONTSP,Frontier Springs Ltd,Active,B ,10.00,INE572D01014,Equity,,,,,
522205,Praj Industries Ltd.,PRAJIND,Praj Industries Ltd,Active,A ,2.00,INE074A01025,Equity,,,,,
522207,Rasandik Engg. Industries India Ltd,RASANDIK,Rasandik Engineering Industries India Ltd-$,Active,X ,10.00,INE682D01011,Equity,,,,,
522209,Yogi Sung-won (India) Ltd.,YOGISUNG,Yogi Sungwon (India) Ltd,Active,X ,10.00,INE429B01011,Equity,,,,,
522215,HLE GLASCOAT LIMITED,HLEGLAS,HLE Glascoat Ltd,Active,B ,2.00,INE461D01028,Equity,,,,,
522217,Gujarat Apollo Industries Ltd.,GUJAPOLLO,Gujarat Apollo Industries Ltd,Active,B ,10.00,INE826C01016,Equity,,,,,
522229,Taneja Aerospace & Aviation Ltd.,TANAA,Taneja Aerospace & Aviation Ltd-$,Active,B ,5.00,INE692C01020,Equity,,,,,
522231,Conart Engineers Ltd.,CONART,Conart Engineers Ltd-$,Active,X ,5.00,INE714D01020,Equity,,,,,
522235,Minal Industries Limited,MINALIND,Minal Industries Ltd,Active,T ,2.00,INE097E01028,Equity,,,,,
522237,Shivagrico Implements Ltd.,SHIVAGR,Shivagrico Implements Ltd,Active,X ,10.00,INE092H01014,Equity,,,,,
522241,M.M.Forgings Ltd.,MMFL,MM Forgings Ltd-$,Active,B ,10.00,INE227C01017,Equity,,,,,
522249,Mayur Uniquoters ltd.,MAYURUNIQ,Mayur Uniquoters Ltd-$,Active,B ,5.00,INE040D01038,Equity,,,,,
522251,Cenlub Industries Ltd.,CENLUB,Cenlub Industries Ltd,Active,X ,10.00,INE627F01011,Equity,,,,,
522257,Rajoo Engineers Ltd.,RAJOOENG,Rajoo Engineers Ltd-$,Active,T ,1.00,INE535F01024,Equity,,,,,
522261,Dolphin Offshore Enterprises (India) ltd.,DOLPHIN,Dolphin Offshore Enterprises (India) Ltd-$,Active,B ,1.00,INE920A01037,Equity,,,,,
522267,Veejay Lakshmi Engineering Works Lt,VJLAXMIE,Veejay Lakshmi Engineering Works Ltd-$,Active,X ,10.00,INE466D01019,Equity,,,,,
522273,Ahmedabad Steelcraft Ltd.,AHMDSTE,Ahmedabad Steelcraft Ltd,Active,X ,10.00,INE868C01018,Equity,,,,,
522275,GE Vernova T&D India Limited,GVT&D,GE Vernova T&D India Ltd,Active,A ,2.00,INE200A01026,Equity,,,,,
522281,Ram Ratna Wires Ltd.,RAMRAT,Ram Ratna Wires Ltd-$,Active,B ,5.00,INE207E01023,Equity,,,,,
522285,Jayaswal Neco Industries Ltd,JAYNECOIND,Jayaswal Neco Industries Ltd,Active,A ,10.00,INE854B01010,Equity,,,,,
522287,KALPATARU PROJECTS INTERNATIONAL LIMITED,KPIL,Kalpataru Projects International Ltd,Active,A ,2.00,INE220B01022,Equity,,,,,
522289,NMS GLOBAL LIMITED,NMSGLOBAL,NMS Global Ltd,Active,X ,10.00,INE169F01014,Equity,,,,,
522292,CANDOUR TECHTEX LIMITED,CANDOUR,Candour Techtex Ltd,Active,XT,10.00,INE713D01055,Equity,,,,,
522294,T & I Global Ltd.,TIGLOB,T & I Global Ltd,Active,X ,10.00,INE811B01010,Equity,,,,,
522295,CONTROL PRINT LIMITED,CONTROLPR,Control Print Ltd-$,Active,B ,10.00,INE663B01015,Equity,,,,,
522650,Bemco Hydraulics Ltd.,BEMHY,Bemco Hydraulics Ltd ,Active,X ,1.00,INE142E01022,Equity,,,,,
523007,Ansal Buildwell Ltd.,ANSALBU,Ansal Buildwell Ltd-$,Active,B ,10.00,INE030C01015,Equity,,,,,
523011,Weizmann Limited.,WEIZMANIND,Weizmann Ltd,Active,B ,10.00,INE080A01014,Equity,,,,,
523019,B.N.Rathi Securities Ltd.,BNRSEC,BN Rathi Securities Ltd,Active,X ,5.00,INE710D01028,Equity,,,,,
523021,Rishi Techtex Limited,RISHITECH,Rishi Techtex Ltd,Active,X ,10.00,INE989D01010,Equity,,,,,
523023,SINCLAIRS HOTELS LIMITED,SINCLAIR,Sinclairs Hotels Ltd-$,Active,B ,2.00,INE985A01022,Equity,,,,,
523025,Safari Industries (India) Ltd.,SAFARI,Safari Industries India Ltd,Active,A ,2.00,INE429E01023,Equity,,,,,
523031,A.D.S. Diagnostics Ltd.,ADSDIAG,A D S Diagnostics Ltd,Active,Y ,10.00,-,Equity,,,,,
523054,Binayak Tex Processors  Ltd.,ZBINTXPP,Binayak Tex Processors Ltd,Active,XT,10.00,INE626H01019,Equity,,,,,
523062,J.J. Finance Corporation Ltd.,JJFINCOR,JJ Finance Corporation Ltd,Active,XT,10.00,INE584C01011,Equity,,,,,
523100,Cosmo Ferrites Ltd.,COSMOFE,Cosmo Ferrites Ltd-$,Active,X ,10.00,INE124B01018,Equity,,,,,
523105,CROPSTER AGRO LIMITED,CROPSTER,Cropster Agro Ltd,Active,T ,1.00,INE293E01031,Equity,,,,,
523113,Futuristic Securities Ltd,FUTURSEC,Futuristic Securities Ltd,Active,XT,10.00,INE425D01015,Equity,,,,,
523116,Sanco Trans Ltd.,SANCTRN,Sanco Trans Ltd,Active,X ,10.00,INE391G01012,Equity,,,,,
523120,THRIVE FUTURE HABITATS LIMITED,THRIVE,Thrive Future Habitats Ltd,Active,XT,10.00,INE628D01014,Equity,,,,,
523127,EIH Associated Hotels Ltd.,EIHAHOTELS,EIH Associated Hotels Ltd-$,Active,B ,10.00,INE276C01014,Equity,,,,,
523144,Medi-Caps Ltd.,MEDICAPQ,Medi Caps Ltd-$,Active,T ,10.00,INE442D01010,Equity,,,,,
523160,FOSECO CRUCIBLE INDIA LIMITED,FOSECOC,Foseco Crucible (India) Ltd,Active,X ,5.00,INE599F01020,Equity,,,,,
523186,B&A Packaging India Limited,BAPACK,B&A Packaging India Ltd,Active,X ,10.00,INE00FM01013,Equity,,,,,
523204,Aban  Offshore Ltd.,ABAN,Aban Offshore Ltd,Active,T ,2.00,INE421A01028,Equity,,,,,
523207,Kokuyo Camlin Ltd,KOKUYOCMLN,Kokuyo Camlin Ltd-$,Active,B ,1.00,INE760A01029,Equity,,,,,
523222,SRM Energy Limited,SRMENERGY,SRM Energy Ltd,Active,XT,10.00,INE173J01018,Equity,,,,,
523229,Bharat Seats Ltd,BHARATSE,Bharat Seats Ltd-$,Active,B ,2.00,INE415D01024,Equity,,,,,
523232,Continental Petroleums Ltd.,CONTPTR,Continental Petroleums Ltd,Active,X ,5.00,INE369D01023,Equity,,,,,
523242,N.B. Footwear Ltd.,NBFOOT,NB Footwear Ltd,Active,P ,10.00,INE006F01018,Equity,,,,,
523248,Machino Plastics Ltd,MACPLASQ,Machino Plastics Ltd-$,Active,X ,10.00,INE082B01018,Equity,,,,,
523260,Pearl Polymers Ltd.,PEARLPOLY,PEARL Polymers Ltd,Active,B ,10.00,INE844A01013,Equity,,,,,
523261,Venky's (India) ltd.,VENKEYS,Venkys (India) Ltd,Active,B ,10.00,INE398A01010,Equity,,,,,
523269,Advani Hotels & Resorts (India) Ltd.,ADVANIHOTR,Advani Hotels & Resorts (India) Ltd,Active,B ,2.00,INE199C01026,Equity,,,,,
523277,G.V. Films  Ltd.,GVFILM,GV Films Ltd,Active,X ,1.00,INE395B01048,Equity,,,,,
523283,Superhouse limited,SUPERHOUSE,Superhouse Ltd,Active,B ,10.00,INE712B01010,Equity,,,,,
523289,Rama Vision Ltd,RAMAVISION,Rama Vision Ltd,Active,X ,10.00,INE763B01013,Equity,,,,,
523301,TCPL Packaging Limited,TCPLPACK,TCPL Packaging Ltd-$,Active,B ,10.00,INE822C01015,Equity,,,,,
523309,Shri Gang Industries & Allied Products Limited,SHRIGANG,Shri Gang Industries & Allied Products Ltd,Active,X ,10.00,INE241V01018,Equity,,,,,
523315,Purity Flex Pack Ltd,PURITY,Purity Flexpack Ltd,Active,X ,10.00,INE898O01010,Equity,,,,,
523319,BALMER LAWRIE AND COMPANY LIMITED,BALMLAWRIE,Balmer Lawrie & Company Ltd,Active,B ,10.00,INE164A01016,Equity,,,,,
523323,Kovai Medical Center & Hospital Ltd,KOVAI,Kovai Medical Center & Hospital Ltd,Active,B ,10.00,INE177F01017,Equity,,,,,
523329,Eldeco Housing & Ind. Ltd.,ELDEHSG,Eldeco Housing & Industries Ltd,Active,B ,2.00,INE668G01021,Equity,,,,,
523343,Microse India Limited,MICROSE,Microse India Ltd,Active,XT,10.00,INE809F01015,Equity,,,,,
523351,Standard Shoe Sole and Mould (India) Ltd,STDSHOE,Standard Shoe Sole and Mould (India) Ltd,Active,P ,10.00,INE888N01013,Equity,,,,,
523367,DCM Shriram Limited,DCMSHRIRAM,DCM Shriram Ltd,Active,A ,2.00,INE499A01024,Equity,,,,,
523369,DCM Shriram Industries Ltd.,DCMSRIND,DCM Shriram Industries Ltd-$,Active,B ,2.00,INE843D01027,Equity,,,,,
523371,Mawana Sugars Ltd,MAWANASUG,Mawana Sugars Ltd,Active,B ,10.00,INE636A01039,Equity,,,,,
523373,Mini Diamonds (India) Ltd.,MINID,Mini Diamonds India Ltd,Active,X ,2.00,INE281E01028,Equity,,,,,
523384,Maha Rashtra Apex Corporation Ltd,MAHAPEXLTD,Maha Rashtra Apex Corporation Ltd,Active,B ,10.00,INE843B01013,Equity,,,,,
523385,Nilkamal Limited,NILKAMAL,Nilkamal Ltd,Active,B ,10.00,INE310A01015,Equity,,,,,
523387,HOMRE LIMITED,HOM,HOMRE Ltd,Active,X ,1.00,INE982C01033,Equity,,,,,
523391,Nahar Polyfilms Ltd.,NAHARPOLY,Nahar Polyfilms Ltd,Active,B ,5.00,INE308A01027,Equity,,,,,
523395,3M India Ltd.,3MINDIA,3M India Ltd,Active,A ,10.00,INE470A01017,Equity,,,,,
523398,BOSCH HOME COMFORT INDIA LIMITED,BOSCH-HCIL,Bosch Home Comfort India Ltd,Active,B ,10.00,INE782A01015,Equity,,,,,
523405,JM Financial Limited,JMFINANCIL,JM Financial Ltd-$,Active,A ,1.00,INE780C01023,Equity,,,,,
523411,ADC India Communications Limited,ADCINDIA,ADC India Communications Ltd-$,Active,XT,10.00,INE833A01016,Equity,,,,,
523419,Tamilnadu Telecommunications Ltd.,TNTELE,Tamilnadu Telecommunications Ltd,Active,B ,10.00,INE141D01018,Equity,,,,,
523425,Sunraj Diamond Exports Ltd.,SUNRAJDI,Sunraj Diamond Exports Ltd,Active,X ,10.00,INE459D01014,Equity,,,,,
523445,Reliance Industrial Infrastructure,RIIL,Reliance Industrial Infrastructure Ltd,Active,B ,10.00,INE046A01015,Equity,,,,,
523457,Linde India Limited,LINDEINDIA,Linde India Ltd,Active,A ,10.00,INE473A01011,Equity,,,,,
523465,Ind Bank Housing Ltd,INDBNK,Ind Bank Housing Ltd,Active,B ,10.00,INE969D01012,Equity,,,,,
523467,Jai Mata Glass Ltd.,JAIMATAG,Jai Mata Glass Ltd,Active,XT,1.00,INE250C01027,Equity,,,,,
523475,Lotus Chocolate Co. Ltd.,LOTUSCHO,Lotus Chocolate Company Ltd,Active,B ,10.00,INE026D01011,Equity,,,,,
523483,Pacific Industries ltd.,PACIFICI,Pacific Industries Ltd,Active,B ,10.00,INE883C01025,Equity,,,,,
523489,Chennai Meenakshi Multispeciality Hospital Ltd.,CMMHOSP,Chennai Meenakshi Multispeciality Hospital Ltd-$,Active,X ,10.00,INE889F01017,Equity,,,,,
523519,Universal Office Automation Limited,UNIOFFICE,Universal Office Automation Ltd,Active,X ,10.00,INE951C01012,Equity,,,,,
523537,APM Industries Ltd.,APMIN,APM Industries Ltd-$,Active,X ,2.00,INE170D01025,Equity,,,,,
523539,Precision Wires India ltd.,PRECWIRE,Precision Wires India Ltd,Active,B ,1.00,INE372C01037,Equity,,,,,
523550,Krypton Industries Ltd,KRYPTONQ,Krypton Industries Ltd,Active,X ,10.00,INE951B01014,Equity,,,,,
523558,SWISS MILITARY CONSUMER GOODS LIMITED,SWISSMLTRY,Swiss Military Consumer Goods Ltd,Active,T ,2.00,INE010C01025,Equity,,,,,
523566,Martin Burn Ltd,MARBU,Martin Burn Ltd,Active,X ,10.00,INE199D01016,Equity,,,,,
523574,Future Enterprises Limited,FEL,Future Enterprises Ltd,Active,Z ,2.00,INE623B01027,Equity,,,,,
523586,Indian Toners & Developers Ltd.,INDTONER,Indian Toners & Developers Ltd-$,Active,X ,2.00,INE826B01026,Equity,,,,,
523594,Kunststoffe Industries Ltd.,KUNSTOFF,Kunststoffe Industries Ltd,Active,X ,10.00,INE638D01021,Equity,,,,,
523598,Shipping Corporation Of India Ltd,SCI,Shipping Corporation of India Ltd,Active,A ,10.00,INE109A01011,Equity,,,,,
523606,Sika Interplant Systems Ltd.,SIKA,Sika Interplant Systems Ltd,Active,B ,2.00,INE438E01032,Equity,,,,,
523610,ITI Limited (Indian Teleph.Ind.Ltd),ITI,ITI Ltd,Active,B ,10.00,INE248A01017,Equity,,,,,
523618,Dredging Corporation of India Ltd.,DREDGECORP,Dredging Corporation of India Ltd,Active,B ,10.00,INE506A01018,Equity,,,,,
523620,Phaarmasia Limited.,PHRMASI,Phaarmasia Ltd,Active,X ,10.00,INE486I01016,Equity,,,,,
523630,National Fertilizers Ltd.,NFL,National Fertilizers Ltd,Active,B ,10.00,INE870D01012,Equity,,,,,
523638,IP Rings Ltd.,IPRINGLTD,IP Rings Ltd-$,Active,B ,10.00,INE558A01019,Equity,,,,,
523642,PI Industries Limited,PIIND,PI Industries Ltd,Active,A ,1.00,INE603J01030,Equity,,,,,
523648,Plastiblends India Ltd.,PLASTIBLEN,Plastiblends India Ltd-$,Active,B ,5.00,INE083C01022,Equity,,,,,
523650,YASH INNOVENTURES LIMITED,YASHINNO,Yash Innoventures Ltd,Active,X ,10.00,INE823D01011,Equity,,,,,
523660,Waterbase Limited,WATERBASE,Waterbase Ltd,Active,B ,10.00,INE054C01015,Equity,,,,,
523672,Flex Foods Ltd.,FLEXFO,Flex Foods Ltd-$,Active,X ,10.00,INE954B01018,Equity,,,,,
523676,Golkunda Diamonds & Jewellery Ltd.,GOLKUNDIA,Golkunda Diamonds & Jewellery Ltd,Active,X ,10.00,INE798D01015,Equity,,,,,
523694,Apcotex Industries Limited,APCOTEXIND,Apcotex Industries Ltd,Active,B ,2.00,INE116A01032,Equity,,,,,
523696,Fortis Malar Hospitals Limited,FORTISMLR,Fortis Malar Hospitals Ltd,Active,X ,10.00,INE842B01015,Equity,,,,,
523704,Mastek Limited,MASTEK,Mastek Ltd,Active,A ,5.00,INE759A01021,Equity,,,,,
523708,EIMCO Elecon India Ltd.,EIMCOELECO,Eimco Elecon (India) Ltd,Active,B ,10.00,INE158B01016,Equity,,,,,
523710,SAYAJI HOTELS LIMITED,SAYAJIHOTL,Sayaji Hotels Ltd,Active,B ,10.00,INE318C01014,Equity,,,,,
523716,Ashiana Housing Limited,ASHIANA,Ashiana Housing Ltd-$,Active,B ,2.00,INE365D01021,Equity,,,,,
523722,Svam Software Ltd,SVAMSOF,Svam Software Ltd,Active,X ,10.00,INE119B01018,Equity,,,,,
523732,Ecoboard Industries Ltd,ECOBOAR,Ecoboard Industries Ltd,Active,X ,10.00,INE866A01016,Equity,,,,,
523736,Dhunseri Ventures Limited,DVL,Dhunseri Ventures Ltd-$,Active,B ,10.00,INE477B01010,Equity,,,,,
523752,TRANS INDIA HOUSE IMPEX LIMITED,TIHIL,Trans India House Impex Ltd,Active,XT,10.00,INE502D01011,Equity,,,,,
523754,MAHINDRA EPC IRRIGATION LIMITED,MAHEPC,Mahindra EPC Irrigation Ltd,Active,B ,10.00,INE215D01010,Equity,,,,,
523782,Mitshi India Limited,MITSHI,Mitshi India Ltd,Active,X ,10.00,INE844D01017,Equity,,,,,
523790,Shukra Jewellers Limited,SHUKJEW,Shukra Jewellery Ltd,Active,P ,10.00,INE344E01016,Equity,,,,,
523792,Mazda Ltd.,MAZDA,Mazda Ltd-$,Active,T ,2.00,INE885E01042,Equity,,,,,
523796,Viceroy Hotels Ltd.,VHLTD,Viceroy Hotels Ltd,Active,T ,10.00,INE048C01025,Equity,,,,,
523826,Sovereign Diamonds Ltd,SOVERDIA,Sovereign Diamonds Ltd,Active,X ,10.00,INE959D01013,Equity,,,,,
523828,Menon Bearings Ltd,MENONBE,Menon Bearings Ltd-$,Active,T ,1.00,INE071D01033,Equity,,,,,
523832,Mukat Pipes Limited,MUKATPIP,Mukat Pipes Ltd-$,Active,X ,5.00,INE862C01029,Equity,,,,,
523836,Gujarat Raffia Ind. Ltd.,GUJRAFFIA,Gujarat Raffia Industries Ltd,Active,B ,10.00,INE610B01024,Equity,,,,,
523838,Simplex Infrastructures Limited,SIMPLEXINF,Simplex Infrastructures Ltd,Active,B ,2.00,INE059B01024,Equity,,,,,
523840,Innovative Tech Pack Ltd,INNOVTEC,Innovative Tech Pack Ltd,Active,X ,1.00,INE965C01038,Equity,,,,,
523842,Super Tannery Limited,SUPTANERY,Super Tannery Ltd,Active,T ,1.00,INE460D01038,Equity,,,,,
523844,CONSTRONICS INFRA LIMITED,CONSTRONIC,Constronics Infra Ltd,Active,X ,10.00,INE537B01011,Equity,,,,,
523850,Axtel Industries Ltd.,AXTEL,Axtel Industries Ltd,Active,B ,10.00,INE767C01012,Equity,,,,,
523862,GRAND OAK CANYONS DISTILLERY LIMITED,GRANDOAK,Grand Oak Canyons Distillery Ltd,Active,B ,10.00,INE926B01016,Equity,,,,,
523874,East India Drums and Barrels Manufacturing Limited,EASTINDIA,East India Drums and Barrels Manufacturing Ltd,Active,XT,10.00,INE191C01023,Equity,,,,,
523888,MEGAMONT LIMITED,MEGAMONT,Megamont Ltd,Active,X ,10.00,INE317D01014,Equity,,,,,
523890,D.S.Kulkarni Developers Ltd,DSKULKARNI,DS Kulkarni Developers Ltd,Active,T ,10.00,INE891A01022,Equity,,,,,
524000,POONAWALLA FINCORP LIMITED,POONAWALLA,Poonawalla Fincorp Ltd,Active,A ,2.00,INE511C01022,Equity,,,,,
524019,Kingfa Science & Technology (India) Ltd,KINGFA,Kingfa Science & Technology (India) Ltd-$,Active,B ,10.00,INE473D01015,Equity,,,,,
524031,Patidar Buildcon Limited,PATIDAR,Patidar Buildcon Ltd,Active,X ,10.00,INE637N01014,Equity,,,,,
524037,Rama Phosphates Ltd.,RAMAPHO,Rama Phosphates Ltd,Active,B ,5.00,INE809A01032,Equity,,,,,
524038,Venlon Enterprises Ltd.,VENLONENT,Venlon Enterprises Ltd,Active,X ,5.00,INE204D01022,Equity,,,,,
524046,Pet Plastics Ltd.,PETPLST,Pet Plastics Ltd,Active,XT,10.00,INE704F01018,Equity,,,,,
524051,Polyplex Corporation Ltd.,POLYPLEX,Polyplex Corporation Ltd,Active,B ,10.00,INE633B01018,Equity,,,,,
524055,Panther Industrial Products Ltd.,PANIDPR,Panther Industrial Products Ltd,Active,X ,10.00,INE181D01014,Equity,,,,,
524075,Albert David Ltd.,ALBERTDAVD,Albert David Ltd-$,Active,B ,10.00,INE155C01010,Equity,,,,,
524080,Haryana Leather Chemicals Ltd.,HARLETH,Haryana Leather Chemicals Ltd,Active,X ,10.00,INE681F01018,Equity,,,,,
524091,CARYSIL LIMITED,CARYSIL,Carysil Ltd,Active,B ,2.00,INE482D01024,Equity,,,,,
524109,Kabra Extrusion Technik Ltd,KABRAEXTRU,Kabra Extrusiontechnik Ltd,Active,B ,5.00,INE900B01029,Equity,,,,,
524129,Vinyl Chemicals (India) Ltd.,VINYLINDIA,Vinyl Chemicals (India) Ltd,Active,B ,1.00,INE250B01029,Equity,,,,,
524136,Pee Cee Cosma Sope Ltd.,PCCOSMA,Pee Cee Cosma Sope Ltd,Active,XT,10.00,INE417E01010,Equity,,,,,
524156,TCM Ltd.,TCMLMTD,TCM Ltd,Active,X ,10.00,INE034F01010,Equity,,,,,
524164,IOL Chemicals & Pharmaceuticals Ltd,IOLCP,IOL Chemicals & Pharmaceuticals Ltd,Active,B ,2.00,INE485C01029,Equity,,,,,
524174,Kesar Petroproducts Ltd,KESARPE,Kesar Petroproducts Ltd,Active,X ,1.00,INE133C01033,Equity,,,,,
524200,Vinati Organics Ltd.,VINATIORGA,Vinati Organics Ltd-$,Active,A ,1.00,INE410B01037,Equity,,,,,
524202,Lactose (India) Ltd.,LACTOSE,Lactose India Ltd,Active,X ,10.00,INE058I01013,Equity,,,,,
524204,Teesta Agro Industries Ltd,TEEAI,Teesta Agro Industries Ltd,Active,X ,10.00,INE757D01011,Equity,,,,,
524208,Aarti Industries Ltd,AARTIIND,Aarti Industries Ltd,Active,A ,5.00,INE769A01020,Equity,,,,,
524210,Pentokey Organy (India) Ltd.,PNTKYOR,Pentokey Organy India Ltd,Active,X ,10.00,INE702E01015,Equity,,,,,
524212,Wanbury Limited,WANBURY,Wanbury Ltd,Active,B ,10.00,INE107F01022,Equity,,,,,
524218,Resonance Specialties Limited,RESONANCE,Resonance Specialties Ltd-$,Active,XT,10.00,INE486D01017,Equity,,,,,
524226,Gujarat Ambuja Exports Ltd.,GAEL,Gujarat Ambuja Exports Ltd,Active,B ,1.00,INE036B01030,Equity,,,,,
524230,Rashtriya Chemicals & Fertilizers Limited,RCF,Rashtriya Chemicals and Fertilizers Ltd,Active,A ,10.00,INE027A01015,Equity,,,,,
524238,Gujarat Inject (Kerala) Ltd.,GUJINJEC,Gujarat Inject Kerala Ltd,Active,XT,1.00,INE659F01022,Equity,,,,,
524280,Kopran Ltd.,KOPRAN,Kopran Ltd,Active,B ,10.00,INE082A01010,Equity,,,,,
524288,Aimco Pesticides Ltd.,AIMCOPEST,Aimco Pesticides Ltd,Active,X ,10.00,INE008B01013,Equity,,,,,
524314,Gujarat Terce Laboratories Ltd,GUJTERC,Gujarat Terce Laboratories Ltd,Active,X ,10.00,INE499G01013,Equity,,,,,
524322,Kabra Drugs Ltd,KABRADG,Kabra Drugs Ltd,Active,X ,10.00,INE323K01017,Equity,,,,,
524324,Seya Industries Ltd,SEYAIND,Seya Industries Ltd,Active,T ,10.00,INE573R01012,Equity,,,,,
524330,Jayant Agro-Organics Limited.,JAYAGROGN,Jayant Agro Organics Ltd,Active,B ,5.00,INE785A01026,Equity,,,,,
524332,BCL INDUSTRIES LIMITED,BCLIND,BCL Industries Ltd-$,Active,B ,1.00,INE412G01024,Equity,,,,,
524336,Shree Hari Chemicals Export Ltd.,SHHARICH,Shree Hari Chemicals Export Ltd,Active,XT,10.00,INE065E01017,Equity,,,,,
524342,Indo Borax & Chemicals Ltd.,INDOBORAX,Indo Borax & Chemicals Ltd-$,Active,B ,1.00,INE803D01021,Equity,,,,,
524348,Aarti Drugs Limited,AARTIDRUGS,Aarti Drugs Ltd,Active,B ,10.00,INE767A01016,Equity,,,,,
524370,Bodal Chemicals Ltd,BODALCHEM,Bodal Chemicals Ltd,Active,B ,2.00,INE338D01028,Equity,,,,,
524372,Orchid Pharma Limited,ORCHPHARMA,Orchid Pharma Ltd,Active,B ,10.00,INE191A01027,Equity,,,,,
524394,Vimta Labs Ltd.,VIMTALABS,Vimta Labs Ltd-$,Active,B ,2.00,INE579C01029,Equity,,,,,
524396,Biofil Chemicals & Pharmaceuticals,BIOFILCHEM,Biofil Chemicals & Pharmaceuticals Ltd,Active,B ,10.00,INE829A01014,Equity,,,,,
524400,Ishita Drugs & Industries Ltd.,ISHITADR,Ishita Drugs & Industries Ltd,Active,X ,10.00,INE806D01016,Equity,,,,,
524404,Marksans Pharma Ltd.,MARKSANS,Marksans Pharma Ltd,Active,A ,1.00,INE750C01026,Equity,,,,,
524408,Universal Starch-Chem Allied Ltd.,UNIVSTAR,Universal Starch Chem Allied Ltd,Active,XT,10.00,INE113E01015,Equity,,,,,
524412,Aarey Drugs & Pharmaceuticals Ltd,AAREYDRUGS,Aarey Drugs & Pharmaceuticals Ltd,Active,B ,10.00,INE198H01019,Equity,,,,,
524414,Norris Medicines Ltd.,NORRIS,Norris Medicines Ltd,Active,X ,10.00,INE744C01029,Equity,,,,,
524434,Asian Petroproducts & Exports Ltd.,ASINPET,Asian Petroproducts & Exports Ltd,Active,X ,10.00,INE810M01019,Equity,,,,,
524440,Camex  Ltd.,CAMEXLTD,Camex Ltd,Active,X ,10.00,INE198C01010,Equity,,,,,
524444,EVEXIA LIFECARE LIMITED,EVEXIA,Evexia Lifecare Ltd,Active,X ,1.00,INE313M01030,Equity,,,,,
524458,Indo Euro Indchem Limited,INDOEURO,Indo Euro Indchem Ltd,Active,X ,10.00,INE319N01019,Equity,,,,,
524470,Syncom Formulations (India) Ltd.,SYNCOMF,Syncom Formulations India Ltd-$,Active,B ,1.00,INE312C01025,Equity,,,,,
524480,Riddhi Siddhi Gluco Biols Ltd,RIDDHI,Riddhi Siddhi Gluco Biols Ltd-$,Active,X ,10.00,INE249D01019,Equity,,,,,
524488,SVC INDUSTRIES LIMITED,SVCIND,SVC INDUSTRIES Ltd,Active,X ,10.00,INE038B01010,Equity,,,,,
524494,Ipca Laboratories Ltd.,IPCALAB,Ipca Laboratories Ltd,Active,A ,1.00,INE571A01038,Equity,,,,,
524500,Kilitch Drugs (I) Ltd.,KILITCH,Kilitch Drugs India Ltd,Active,T ,10.00,INE729D01010,Equity,,,,,
524502,Raaj Medisafe India Limited,RAAJMEDI,Raaj Medisafe India Ltd,Active,XT,10.00,INE548H01015,Equity,,,,,
524506,Coral Laboratories Ltd.,CORALAB,Coral Laboratories Ltd,Active,XT,10.00,INE683E01017,Equity,,,,,
524514,Tulasee Bio-Ethanol Ltd.,TULASEEBIOE,Tulasee Bio Ethanol Ltd,Active,ZP,10.00,INE276N01011,Equity,,,,,
524516,Bacil Pharma Ltd.,BACPHAR,Bacil Pharma Ltd,Active,XT,10.00,INE711D01018,Equity,,,,,
524518,Krebs Biochemicals & Industries Ltd.,KREBSBIO,Krebs Biochemicals & Industries Ltd-$,Active,B ,10.00,INE268B01013,Equity,,,,,
524520,KMC Speciality Hospitals India Limited,KMCSHIL,KMC Speciality Hospitals (India) Ltd,Active,B ,1.00,INE879K01018,Equity,,,,,
524522,Laffans Petrochemicals Ltd.,LAFFANSQ,Laffans Petrochemicals Ltd-$,Active,X ,10.00,INE919B01011,Equity,,,,,
524534,Bhaskar Agrochemicals Ltd.,BHASKAGR,Bhaskar Agrochemicals Ltd,Active,X ,10.00,INE972C01018,Equity,,,,,
524542,Sukhjit Starch & Chemicals Ltd.,SUKHJITS,Sukhjit Starch & Chemicals Ltd-$,Active,B ,5.00,INE450E01029,Equity,,,,,
524548,Sharma East India Hospitals And Res,SHARMEH,Sharma East India Hospitals & Medical Research Ltd,Active,X ,10.00,INE465H01012,Equity,,,,,
524558,Neuland Laboratories Limited.,NEULANDLAB,Neuland Laboratories Ltd,Active,A ,10.00,INE794A01010,Equity,,,,,
524564,Gayatri BioOrganics Ltd,GAYATRIBI,Gayatri BioOrganics Ltd,Active,XT,10.00,INE052E01015,Equity,,,,,
524570,Poddar Pigments Ltd.,PODDARMENT,Poddar Pigments Ltd-$,Active,B ,10.00,INE371C01013,Equity,,,,,
524572,Pharmaids Pharmaceuticals Ltd.,PHARMAID,Pharmaids Pharmaceuticals Ltd,Active,X ,10.00,INE117D01018,Equity,,,,,
524576,Vivid Global Industries Limited,VIVIDIND,Vivid Global Industries Ltd,Active,X ,5.00,INE737C01023,Equity,,,,,
524580,Priya Limited.,PRIYALT,Priya Ltd-$,Active,X ,10.00,INE686C01014,Equity,,,,,
524582,Tirupati Starch & Chemicals Ltd.,TIRUSTA,Tirupati Starch & Chemicals Ltd,Active,X ,10.00,INE314D01011,Equity,,,,,
524592,JAYSYNTH ORGOCHEM LIMITED,JAYSYNTH,Jaysynth Orgochem Ltd,Active,XT,1.00,INE263B01022,Equity,,,,,
524594,Aeonx Digital Technology Limited,AEONXDIGI,Aeonx Digital Technology Ltd,Active,X ,10.00,INE994D01010,Equity,,,,,
524598,AksharChem (India) Ltd.,AKSHARCHEM,AksharChem India Ltd-$,Active,T ,10.00,INE542B01011,Equity,,,,,
524602,BANDARAM PHARMA PACKTECH LIMITED,BANDARAM,Bandaram Pharma Packtech Ltd,Active,X ,10.00,INE875N01036,Equity,,,,,
524604,ADLINE CHEM LAB LIMITED,ADLINE,Adline Chem Lab Ltd,Active,P ,10.00,INE276T01018,Equity,,,,,
524606,Beryl Drugs Ltd.,BERLDRG,Beryl Drugs Ltd,Active,X ,10.00,INE415H01017,Equity,,,,,
524614,IEL LIMITED,INDXTRA,IEL Ltd,Active,X ,1.00,INE056E01024,Equity,,,,,
524622,iStreet Network Limited,ISTRNETWK,iStreet Network Ltd,Active,X ,4.00,INE532B01020,Equity,,,,,
524624,Gagan Gases Ltd.,GAGAN,Gagan Gases Ltd,Active,X ,10.00,INE076D01016,Equity,,,,,
524628,Parker Agro Chem Export Ltd.,PARKERAC,Parker Agrochem Exports Ltd-$,Active,X ,10.00,INE750B01010,Equity,,,,,
524632,Shukra Pharmaceuticals Limited,SHUKRAPHAR,Shukra Pharmaceuticals Ltd,Active,B ,1.00,INE551C01044,Equity,,,,,
524634,Alufluoride  Ltd.,ALUFLUOR,Alufluoride Ltd,Active,B ,10.00,INE058F01019,Equity,,,,,
524636,OXYGENTA PHARMACEUTICAL LIMITED,OXYGENTAPH,Oxygenta Pharmaceutical Ltd,Active,XT,10.00,INE102E01018,Equity,,,,,
524640,Archit Organosys Limited,ARCHITORG,Archit Organosys Ltd,Active,XT,10.00,INE078I01011,Equity,,,,,
524648,Indo Amines Ltd.,INDOAMIN,Indo Amines Ltd-$,Active,T ,5.00,INE760F01028,Equity,,,,,
524654,Natural Capsules Ltd.,NATCAPSUQ,Natural Capsules Ltd,Active,T ,10.00,INE936B01015,Equity,,,,,
524661,Welcure Drugs & Pharmaceuticals ltd,WELCURE,Welcure Drugs & Pharmaceuticals Ltd,Active,X ,1.00,INE331C01025,Equity,,,,,
524663,Bharat Immunologicals & Biologicals,BIBCL,Bharat Immunologicals & Biologicals Corporation Ltd-$,Active,B ,10.00,INE994B01014,Equity,,,,,
524667,Savita Oil Technologies Limited,SOTL,Savita Oil Technologies Ltd,Active,B ,2.00,INE035D01020,Equity,,,,,
524669,Hester Biosciences Ltd,HESTERBIO,Hester Biosciences Ltd,Active,B ,10.00,INE782E01017,Equity,,,,,
524675,Kabsons Industries Ltd.,KABSON,Kabsons Industries Ltd,Active,X ,10.00,INE645C01010,Equity,,,,,
524687,Basant Agro-Tech (India) Ltd.,BASANTGL,Basant Agro Tech India Ltd-$,Active,X ,1.00,INE473E01021,Equity,,,,,
524703,Sandu Pharmaceuticals Ltd.,SANDUPHQ,Sandu Pharmaceuticals Ltd,Active,X ,10.00,INE751D01014,Equity,,,,,
524709,NACL Industries Limited,NACLIND,NACL Industries Ltd,Active,B ,1.00,INE295D01020,Equity,,,,,
524711,Vista Pharmaceuticals Ltd.,VISTAPH,Vista Pharmaceuticals Ltd,Active,X ,2.00,INE427C01021,Equity,,,,,
524715,Sun Pharmaceutical Industries Ltd.,SUNPHARMA,Sun Pharmaceutical Industries Ltd,Active,A ,1.00,INE044A01036,Equity,,,,,
524717,Titan Bio-Tech Ltd.,TITANBIO,Titan Biotech Ltd,Active,X ,2.00,INE150C01029,Equity,,,,,
524723,Arvaya Healthcare Limited,ARVAYA,Arvaya Healthcare Ltd,Active,XT,10.00,INE491D01017,Equity,,,,,
524727,Span Divergent Limited,SDL,Span Divergent Ltd-$,Active,X ,10.00,INE004E01016,Equity,,,,,
524731,Jenburkt Pharmaceuticals Ltd.,JENBURPH,Jenburkt Pharmaceuticals Ltd,Active,B ,10.00,INE354A01013,Equity,,,,,
524735,Hikal Ltd.,HIKAL,Hikal Ltd,Active,B ,2.00,INE475B01022,Equity,,,,,
524742,Caplin Point Laboratories Ltd.,CAPLIPOINT,Caplin Point Laboratories Ltd,Active,A ,2.00,INE475E01026,Equity,,,,,
524743,FISCHER MEDICAL VENTURES LIMITED,FISCHER,Fischer Medical Ventures Ltd,Active,B ,1.00,INE771F01041,Equity,,,,,
524748,Link Pharma Chem Ltd.,LINKPH,Link Pharma Chem Ltd,Active,X ,10.00,INE302F01011,Equity,,,,,
524752,DECIPHER LABS LIMITED,DECIPHER,Decipher Labs Ltd,Active,X ,10.00,INE643N01012,Equity,,,,,
524768,Emmessar Biotech & Nutrition Ltd.,EMMESSA,Emmessar Biotech & Nutrition Ltd,Active,X ,10.00,INE634B01016,Equity,,,,,
524774,NGL Fine Chem Ltd.,NGLFINE,NGL Fine Chem Ltd,Active,B ,5.00,INE887E01022,Equity,,,,,
524790,Everest Organics Ltd.,EVERESTO,Everest Organics Ltd,Active,X ,10.00,INE334C01029,Equity,,,,,
524804,Aurobindo Pharma Ltd.,AUROPHARMA,Aurobindo Pharma Ltd,Active,A ,1.00,INE406A01037,Equity,,,,,
524808,Phyto Chem (India) Ltd.,PHYTO,Phyto Chem India Ltd,Active,X ,10.00,INE037C01010,Equity,,,,,
524816,Natco Pharma Ltd.,NATCOPHARM,Natco Pharma Ltd,Active,A ,2.00,INE987B01026,Equity,,,,,
524818,Dynamic Industries Ltd.,DYNAMIND,Dynamic Industries Ltd-$,Active,X ,10.00,INE457C01010,Equity,,,,,
524820,Panama Petrochem Ltd.,PANAMAPET,Panama Petrochem Ltd,Active,B ,2.00,INE305C01029,Equity,,,,,
524824,Bal Pharma Ltd.,BALPHARMA,Bal Pharma Ltd,Active,B ,10.00,INE083D01012,Equity,,,,,
524828,BDH Industries Ltd.,BDH,BDH Industries Ltd,Active,X ,10.00,INE278D01018,Equity,,,,,
526001,Jauss Polymers Ltd,JAUSPOL,Jauss Polymers Ltd,Active,X ,10.00,INE593O01017,Equity,,,,,
526025,Globus Constructors & Developers Limited,GLOBUSCON,Globus Constructors & Developers Ltd,Active,X ,10.00,INE064L01015,Equity,,,,,
526027,Cubex Tubings Ltd,CUBEXTUB,Cubex Tubings Ltd,Active,B ,10.00,INE144D01012,Equity,,,,,
526043,Polymechplast Machines Ltd.,POLYCHMP,Polymechplast Machines Ltd,Active,X ,10.00,INE809B01014,Equity,,,,,
526071,STELLANT SECURITIES (INDIA) LIMITED,STELLANT,Stellant Securities (India) Ltd,Active,XT,10.00,INE395F01023,Equity,,,,,
526073,Galaxy Bearings Ltd.,GALXBRG,Galaxy Bearings Ltd,Active,XT,10.00,INE020S01012,Equity,,,,,
526075,Rekvina Laboratories Ltd,VINRKLB,Rekvina Laboratories Ltd,Active,XT,5.00,INE092O01028,Equity,,,,,
526081,SC Agrotech Limited,SCAGRO,SC Agrotech Ltd,Active,XT,10.00,INE895E01017,Equity,,,,,
526095,Ravileela Granites Limited,RALEGRA,Ravileela Granites Ltd,Active,X ,10.00,INE427E01027,Equity,,,,,
526113,Uniroyal Marine Exports Ltd.,UNRYLMA,Uniroyal Marine Exports Ltd,Active,XT,10.00,INE602H01010,Equity,,,,,
526115,Karan Woo-sin ltd.,KARANWO,Karan Woo Sin Ltd,Active,X ,10.00,INE327D01013,Equity,,,,,
526117,Shervani Industrial syndicate Ltd,SHERVANI,Shervani Industrial Syndicate Ltd,Active,B ,10.00,INE011D01013,Equity,,,,,
526125,BN AGROCHEM LIMITED,BNAGROCHEM,BN Agrochem Ltd,Active,B ,10.00,INE00HZ01011,Equity,,,,,
526133,Supertex Industries Ltd,SUPERTEX,Supertex Industries Ltd,Active,X ,10.00,INE881B01054,Equity,,,,,
526137,Shetron Ltd.,SHETR,Shetron Ltd,Active,X ,10.00,INE278C01010,Equity,,,,,
526139,Transgene Biotek Ltd.,TRABI,Transgene Biotek Ltd,Active,X ,10.00,INE773D01018,Equity,,,,,
526143,MPL Plastics Limited,MPL,Mpl Plastics Ltd,Active,X ,10.00,INE343A01016,Equity,,,,,
526159,Nikhil Adhesives Ltd.,NIKHILAD,Nikhil Adhesives Ltd-$,Active,X ,1.00,INE926C01022,Equity,,,,,
526161,Spenta International Ltd.,SPENTA,Spenta International Ltd,Active,XT,10.00,INE175C01018,Equity,,,,,
526169,Multibase India Ltd,MULTIBASE,Multibase India Ltd,Active,X ,10.00,INE678F01014,Equity,,,,,
526173,Andrew Yule & Company Ltd,ANDREWYU,Andrew Yule & Company Ltd,Active,B ,2.00,INE449C01025,Equity,,,,,
526179,Ludlow Jute & Specialities Ltd,LUDLOWJUT,Ludlow Jute & Specialities Ltd,Active,X ,10.00,INE983C01015,Equity,,,,,
526187,Ashram Online.com Ltd,ASHRAM,Ashram Online.Com Ltd,Active,X ,10.00,INE293C01019,Equity,,,,,
526193,Royal Cushion Vinyl Products Ltd.,ROYALCU,Royal Cushion Vinyl Products Ltd-$,Active,X ,10.00,INE618A01011,Equity,,,,,
526211,Suraj Industries Limited.,SURJIND,Suraj Industries Ltd,Active,X ,10.00,INE170U01011,Equity,,,,,
526217,Hitech Corporation Limited,HITECHCORP,Hitech Corporation Ltd-$,Active,T ,10.00,INE120D01012,Equity,,,,,
526227,Filatex India Ltd.,FILATEX,Filatex India Ltd-$,Active,B ,1.00,INE816B01035,Equity,,,,,
526231,Standard Surfactants Ltd.,STDSFAC,Standard Surfactants Ltd,Active,XT,10.00,INE307D01015,Equity,,,,,
526237,Morgan Ventures Ltd.,MORGAN,Morgan Ventures Ltd,Active,X ,10.00,INE902C01015,Equity,,,,,
526241,Amrapali Industries Ltd,AMRAPLIN,Amrapali Industries Ltd,Active,XT,5.00,INE762C01021,Equity,,,,,
526247,Premier Explosives Ltd.,PREMEXPLN,Premier Explosives Ltd,Active,A ,2.00,INE863B01029,Equity,,,,,
526251,Mid East Portfolio Management Ltd.,MIDEASTP,Mid East Portfolio Management Ltd,Active,XT,10.00,INE033E01015,Equity,,,,,
526263,Mold-Tek Technologies Ltd,MOLDTECH,Mold-Tek Technologies Ltd,Active,T ,2.00,INE835B01035,Equity,,,,,
526269,Crestchem Ltd.,CRSTCHM,Crestchem Ltd,Active,X ,10.00,INE293N01016,Equity,,,,,
526299,Mphasis Limited,MPHASIS,Mphasis Ltd,Active,A ,10.00,INE356A01018,Equity,,,,,
526315,DIVYASHAKTI LIMITED,DIVSHKT,Divyashakti Ltd,Active,XT,10.00,INE410G01010,Equity,,,,,
526325,Orient Press ltd.,ORIENTLTD,Orient Press Ltd,Active,T ,10.00,INE609C01024,Equity,,,,,
526331,Advance Multitech Ltd.,ADVMULT,Advance Multitech Ltd,Active,XT,10.00,INE875S01019,Equity,,,,,
526335,Shreyas Intermediates Ltd.,SHREYASI,Shreyas Intermediates Ltd,Active,X ,10.00,INE115F01017,Equity,,,,,
526345,Panjon Ltd.,PANJON,Panjon Ltd,Active,X ,10.00,INE744D01019,Equity,,,,,
526349,CRAFTROOT RETAIL LIMITED,CRAFTROOT,Craftroot Retail Ltd,Active,Z ,10.00,INE218T01010,Equity,,,,,
526355,Duropack Ltd,DUROPACK,Duro Pack Ltd,Active,X ,10.00,INE138B01018,Equity,,,,,
526365,SWARNSARITA JEWELS INDIA LIMITED,SWARNSAR,Swarnsarita Jewels India Ltd,Active,B ,10.00,INE967A01012,Equity,,,,,
526367,GANESH HOUSING LIMITED,GANESHHOU,Ganesh Housing Ltd-$,Active,B ,10.00,INE460C01014,Equity,,,,,
526371,NMDC Ltd,NMDC,NMDC Ltd,Active,A ,1.00,INE584A01023,Equity,,,,,
526373,Cindrella Hotels Ltd.,CINDHO,Cindrella Hotels Ltd-$,Active,X ,10.00,INE908C01012,Equity,,,,,
526381,Patel Integrated Logistics Ltd,PATINTLOG,Patel Integrated Logistics Ltd-$,Active,B ,10.00,INE529D01014,Equity,,,,,
526397,Alphageo (India)Ltd.,ALPHAGEO,Alphageo (India) Ltd-$,Active,T ,10.00,INE137C01018,Equity,,,,,
526407,HAMPTON SKY REALTY LIMITED,HAMPTON,Hampton Sky Realty Ltd,Active,B ,1.00,INE299D01022,Equity,,,,,
526409,Kkalpana Industries (India) Ltd,KKALPANAIND,Kkalpana Industries (India) Ltd,Active,X ,2.00,INE301C01028,Equity,,,,,
526415,OK Play India Ltd.,OKPLA,OK Play India Ltd,Active,X ,1.00,INE870B01024,Equity,,,,,
526423,Kriti Industries (India) Ltd.,KRITI,Kriti Industries India Ltd-$,Active,B ,1.00,INE479D01038,Equity,,,,,
526431,Welterman International Ltd.,WELTI,Welterman International Ltd,Active,XT,10.00,INE662D01013,Equity,,,,,
526433,ASM Technologies Ltd.,ASMTEC,ASM Technologies Ltd,Active,B ,10.00,INE867C01010,Equity,,,,,
526435,Perfectpac Limited,PERFEPA,Perfectpac Ltd,Active,X ,2.00,INE759I01024,Equity,,,,,
526439,Ambitious Plastomac Ltd.,AMBIT,Ambitious Plastomac Company Ltd,Active,X ,10.00,INE267C01013,Equity,,,,,
526441,Vision Cinemas Limited,VISIONCINE,Vision Cinemas Ltd,Active,X ,1.00,INE515B01025,Equity,,,,,
526443,Artificial Electronics Intelligent Material Limited,AEIM,Artificial Electronics Intelligent Material Ltd,Active,X ,10.00,INE072B01027,Equity,,,,,
526445,Indrayani Biotech Ltd.,INDRANIB,Indrayani Biotech Ltd,Active,XT,10.00,INE007C01021,Equity,,,,,
526468,Euro Leder Fashion Ltd.,EUROLED,Euro Leder Fashion Ltd,Active,XT,10.00,INE940E01011,Equity,,,,,
526471,Winsome Breweries Ltd.,WINSOMBR,Winsome Breweries Ltd,Active,X ,10.00,INE391C01011,Equity,,,,,
526473,Elegant Floriculture & Agrotech (In,ELEFLOR,Elegant Floriculture & Agrotech India Ltd,Active,X ,10.00,INE152E01013,Equity,,,,,
526479,Sky Industries Ltd,SKYIND,Sky Industries Ltd-$,Active,X ,10.00,INE765B01018,Equity,,,,,
526481,Phoenix International Ltd.,PHOENXINTL,Phoenix International Ltd,Active,B ,10.00,INE245B01011,Equity,,,,,
526488,BHUDEVI INFRA PROJECTS LIMITED,BHUDEVI,Bhudevi Infra Projects Ltd,Active,X ,10.00,INE432N01010,Equity,,,,,
526490,Pratik Panels Ltd.,PRATIK,Pratik Panels Ltd,Active,X ,1.00,INE206C01029,Equity,,,,,
526492,Rishiroop Limited,RISHIROOP,Rishiroop Ltd,Active,X ,10.00,INE582D01013,Equity,,,,,
526494,Promact Plastics Limited,PROMACT,Promact Plastics Ltd,Active,X ,10.00,INE818D01011,Equity,,,,,
526500,Sterling Green  Woods  Limited,STRGRENWO,Sterling Green Woods Ltd,Active,X ,10.00,INE398F01019,Equity,,,,,
526506,Systematix Corporate Services Ltd.,SYSTMTXC,Systematix Corporate Services Ltd,Active,T ,1.00,INE356B01024,Equity,,,,,
526508,Shahi Shipping Limited,SHAHISHIP,Shahi Shipping Ltd-$,Active,X ,10.00,INE825D01016,Equity,,,,,
526519,Alpine Housing Development Corporat,ALPINEHOU,Alpine Housing Development Corporation Ltd,Active,XT,10.00,INE840D01015,Equity,,,,,
526525,WORLDWIDE ALUMINIUM LIMITED,WWALUM,Worldwide Aluminium Ltd,Active,X ,10.00,INE550D01010,Equity,,,,,
526530,IIRM HOLDINGS INDIA LIMITED,IIRM,IIRM Holdings India Ltd,Active,XT,5.00,INE670C01026,Equity,,,,,
526532,Square Four Projects India Limited,SFPIL,Square Four Projects India Ltd,Active,X ,5.00,INE716K01020,Equity,,,,,
526544,SGL RESOURCES LIMITED,SGLRES,SGL Resources Ltd,Active,B ,2.00,INE967B01028,Equity,,,,,
526546,Choksi Laboratories Ltd.,CHOKSILA,Choksi Laboratories Ltd,Active,XT,10.00,INE493D01013,Equity,,,,,
526550,Country Club Hospitality & Holidays Ltd,CCHHL,Country Club Hospitality & Holidays Ltd,Active,B ,2.00,INE652F01027,Equity,,,,,
526554,Salguti Industries Ltd.,SALGUTI,Salguti Industries Ltd,Active,X ,10.00,INE159C01012,Equity,,,,,
526570,MIDWEST ENERGY LIMITED,REMAGNET,Midwest Energy Ltd,Active,B ,10.00,INE519N01014,Equity,,,,,
526574,Enterprise International Limited,ENTRINT,Enterprise International Ltd,Active,X ,10.00,INE439G01019,Equity,,,,,
526582,TPL Plastech Limited,TPLPLASTEH,TPL Plastech Ltd,Active,B ,2.00,INE413G01022,Equity,,,,,
526588,Photoquip India Ltd.,PHOTOQUP,Photoquip India Ltd,Active,XT,10.00,INE813B01016,Equity,,,,,
526596,Liberty Shoes Ltd.,LIBERTSHOE,Liberty Shoes Ltd,Active,B ,10.00,INE557B01019,Equity,,,,,
526604,Lippi Systems Ltd.,LIPPISYS,Lippi Systems Ltd-$,Active,XT,10.00,INE845B01018,Equity,,,,,
526608,Electrotherm (India) Ltd,ELECTHERM,Electrotherm (India) Ltd,Active,B ,10.00,INE822G01016,Equity,,,,,
526612,Blue Dart Express Ltd.,BLUEDART,Blue Dart Express Ltd,Active,A ,10.00,INE233B01017,Equity,,,,,
526614,EXPO ENGINEERING AND PROJECTS LIMITED,EXPOEAPL,Expo Engineering And Projects Ltd,Active,XT,4.00,INE561D01025,Equity,,,,,
526616,National Plastic Industries Ltd.,NATPLAS,National Plastic Industries Ltd,Active,X ,10.00,INE233D01013,Equity,,,,,
526622,MFL India Ltd,MFLINDIA,MFL India Ltd,Active,X ,1.00,INE244C01020,Equity,,,,,
526628,Ajwa Fun World & Resorts Ltd,AJWAFUN,Ajwa Fun World & Resort Ltd,Active,P ,10.00,INE863E01015,Equity,,,,,
526638,Texel Industries Ltd.,TEXELIN,Texel Industries Ltd,Active,X ,10.00,INE594V01028,Equity,,,,,
526640,Royale Manor Hotels & Industries Lt,RAYALEMA,Royale Manor Hotels & Industries Ltd,Active,X ,10.00,INE008C01011,Equity,,,,,
526642,Mirza International  Limited,MIRZAINT,Mirza International Ltd,Active,B ,2.00,INE771A01026,Equity,,,,,
526650,Tourism Finance Corpn. Of India Ltd,TFCILTD,Tourism Finance Corporation of India Ltd,Active,A ,2.00,INE305A01023,Equity,,,,,
526654,Thakker's Developers Ltd.,THAKDEV,Thakkers Developers Ltd,Active,B ,10.00,INE403F01017,Equity,,,,,
526662,Rajdarshan Industries Ltd.,ARENTERP,Rajdarshan Industries Ltd,Active,B ,10.00,INE610C01014,Equity,,,,,
526666,Bhartiya International Ltd.,BIL,Bhartiya International Ltd,Active,B ,10.00,INE828A01016,Equity,,,,,
526668,Kamat Hotels (India) ltd.,KAMATHOTEL,Kamat Hotels (India) Ltd,Active,B ,10.00,INE967C01018,Equity,,,,,
526675,Tirth Plastic Ltd.,TIRTPLS,Tirth Plastic Ltd,Active,X ,10.00,INE008N01018,Equity,,,,,
526677,DSJ KEEP LEARNING LIMITED,KEEPLEARN,DSJ keep Learning Ltd,Active,B ,1.00,INE055C01020,Equity,,,,,
526703,Ecoplast Ltd.,ECOPLAST,Ecoplast Ltd-$,Active,X ,10.00,INE423D01010,Equity,,,,,
526705,Elegant Marbles & Grani Industries,ELEMARB,Elegant Marbles & Grani Industries Ltd,Active,X ,10.00,INE095B01010,Equity,,,,,
526709,BITS Ltd,BITS,Bits Ltd,Active,X ,2.00,INE839A01021,Equity,,,,,
526711,Adarsh Plant Project Ltd.,ADARSHPL,Adarsh Plant Protect Ltd,Active,X ,10.00,INE627D01016,Equity,,,,,
526717,HCP PLASTENE BULKPACK LIMITED,HPBL,HCP Plastene Bulkpack Ltd,Active,XT,10.00,INE136C01044,Equity,,,,,
526721,Nicco Parks And Resorts Ltd.,NICCOPAR,Nicco Parks & Resorts Ltd-$,Active,B ,1.00,INE653C01022,Equity,,,,,
526723,NTC INDUSTRIES LIMITED,NTCIND,NTC Industries Ltd,Active,B ,10.00,INE920C01017,Equity,,,,,
526725,Sandesh Ltd.,SANDESH,Sandesh Ltd,Active,B ,10.00,INE583B01015,Equity,,,,,
526727,Garnet Construction Ltd.,GARNET,Garnet Construction Ltd,Active,X ,10.00,INE797D01017,Equity,,,,,
526729,Goldiam International Ltd.,GOLDIAM,Goldiam International Ltd,Active,A ,2.00,INE025B01025,Equity,,,,,
526731,Bright Brothers Ltd.,BRIGHTBR,Bright Brothers Ltd-$,Active,B ,10.00,INE630D01010,Equity,,,,,
526739,Narmada Gelatines Ltd.,SHAWGELTIN,Narmada Gelatines Ltd,Active,X ,10.00,INE869A01010,Equity,,,,,
526747,P.G.Foils Ltd.,PGFOILQ,PG Foils Ltd,Active,X ,10.00,INE078D01012,Equity,,,,,
526751,Gratex Industries Ltd.,GRATEXI,Gratex Industries Ltd,Active,X ,10.00,INE915E01013,Equity,,,,,
526755,Velan Hotels Ltd.,VELHO,Velan Hotels Ltd,Active,X ,10.00,INE548D01014,Equity,,,,,
526761,Howard Hotels Limited,HOWARHO,Howard Hotels Ltd,Active,X ,10.00,INE931B01016,Equity,,,,,
526775,Valiant Communications Ltd.,VALIANT,Valiant Communications Ltd-$,Active,X ,10.00,INE760B01019,Equity,,,,,
526783,Dr.Agarwals Eye Hospital Ltd.,DRAGARWQ,Dr Agarwals Eye Hospital Ltd-$,Active,B ,10.00,INE934C01018,Equity,,,,,
526795,Mahasagar Travels Ltd.,MHSGRMS,Mahasagar Travels Ltd,Active,ZP,10.00,INE007G01014,Equity,,,,,
526797,Greenply Industries Ltd,GREENPLY,Greenply Industries Ltd,Active,B ,1.00,INE461C01038,Equity,,,,,
526807,Seamec Ltd,SEAMECLTD,Seamec Ltd,Active,B ,10.00,INE497B01018,Equity,,,,,
526813,Raghunath International Ltd.,RAGHUNAT,Raghunath International Ltd,Active,X ,10.00,INE753B01014,Equity,,,,,
526817,Cheviot Co.Ltd.,CHEVIOT,Cheviot Company Ltd-$,Active,B ,10.00,INE974B01016,Equity,,,,,
526821,Dai-Ichi Karkaria Ltd.,DAICHI,Dai-Ichi Karkaria Ltd-$,Active,T ,10.00,INE928C01010,Equity,,,,,
526823,Rajeswari Infrastructure Limited,RAJINFRA,Rajeswari Infrastructure Ltd,Active,Z ,10.00,INE016C01014,Equity,,,,,
526827,SPICE ISLANDS INDUSTRIES LIMITED,SPICEISLIN,Spice Islands Industries Ltd-$,Active,XT,2.00,INE882D01025,Equity,,,,,
526829,Confidence Petroleum India Limited,CONFIPET,Confidence Petroleum India Ltd,Active,B ,1.00,INE552D01024,Equity,,,,,
526839,Shelter Infra Projects Limited,SIPL,Shelter Infra Projects Ltd-$,Active,X ,10.00,INE413C01013,Equity,,,,,
526841,Shakti Press Ltd.,SHAKTIPR,Shakti Press Ltd,Active,X ,10.00,INE794C01016,Equity,,,,,
526847,Ashirwad Steels & Industries  Ltd.,ASHSI,Ashirwad Steels & Industries Ltd,Active,X ,10.00,INE338C01012,Equity,,,,,
526849,Banaras Beads Ltd.,BANARBEADS,Banaras Beads Ltd,Active,B ,10.00,INE655B01011,Equity,,,,,
526851,Arex Industries Ltd.,AREXMIS,Arex Industries Ltd,Active,X ,10.00,INE480H01011,Equity,,,,,
526853,Bilcare Ltd.,BI,Bilcare Ltd-$,Active,T ,10.00,INE986A01012,Equity,,,,,
526859,ISF LIMITED,ISFL,ISF Ltd,Active,X ,1.00,INE973B01026,Equity,,,,,
526861,Rishi Laser  Ltd.,RISHILASE,Rishi Laser Ltd,Active,X ,10.00,INE988D01012,Equity,,,,,
526865,Jainco Projects (India) Ltd.,JAINCO,Jainco Projects India Ltd,Active,X ,10.00,INE966C01010,Equity,,,,,
526869,Kumbhat Financial Services Ltd.,KUMPFIN,Kumbhat Financial Services Ltd,Active,X ,10.00,INE795E01019,Equity,,,,,
526871,Intec Capital Limited,INTECCAP,Intec Capital Ltd,Active,X ,10.00,INE017E01018,Equity,,,,,
526873,RAJASTHAN SECURITIES LIMITED,RAJSEC,Rajasthan Securities Ltd,Active,X ,3.00,INE184D01026,Equity,,,,,
526877,Siddheswari Garments Ltd.,SIDDHEGA,Siddheswari Garments Ltd,Active,XT,10.00,INE797C01019,Equity,,,,,
526881,63 Moons Technologies Limited,63MOONS,63 Moons Technologies Ltd,Active,A ,2.00,INE111B01023,Equity,,,,,
526885,Sarla Performance Fibers Ltd,SARLAPOLY,Sarla Performance Fibers Ltd-$,Active,B ,1.00,INE453D01025,Equity,,,,,
526887,Indo Credit Capital Ltd.,INDOCRED,Indo Credit Capital Ltd,Active,XT,10.00,INE147D01015,Equity,,,,,
526891,Market Creators Ltd.,MKTCREAT,Market Creators Ltd,Active,X ,10.00,INE944C01017,Equity,,,,,
526899,HIMALAYA FOOD INTERNATIONAL LIMITED,HFIL,Himalaya Food International Ltd,Active,X ,10.00,INE552B01010,Equity,,,,,
526901,Sonal Adhesives Ltd.,SONALAD,Sonal Adhesives Ltd,Active,X ,10.00,INE344I01017,Equity,,,,,
526905,Padmanabh Industries Limited,PADMAIND,Padmanabh Industries Ltd,Active,X ,10.00,INE743D01011,Equity,,,,,
526921,Twentyfirst Century Management Serv,21STCENMGM,Twentyfirst Century Management Services Ltd,Active,B ,10.00,INE253B01015,Equity,,,,,
526931,Hariyana Ship Breakers Ltd.,HRYNSHP,Hariyana Ship Breakers Ltd-$,Active,B ,10.00,INE400G01011,Equity,,,,,
526935,Kalind Limited,KALIND,Kalind Ltd,Active,X ,2.00,INE377D01026,Equity,,,,,
526941,Vaishno Cement Co. Ltd.,VAICC,Vaishno Cement Company Ltd,Active,P ,10.00,INE116E01018,Equity,,,,,
526945,Tyroon Tea Co. Ltd.,TYROON,Tyroon Tea Company Ltd,Active,X ,10.00,INE945B01016,Equity,,,,,
526947,La Opala RG Ltd.,LAOPALA,La Opala RG Ltd,Active,B ,2.00,INE059D01020,Equity,,,,,
526951,Stylam Industries Limited,STYLAMIND,Stylam Industries Ltd,Active,B ,5.00,INE239C01020,Equity,,,,,
526953,Venus Remedies Ltd.,VENUSREM,Venus Remedies Ltd,Active,B ,10.00,INE411B01019,Equity,,,,,
526959,Woodsvilla Limited,WOODSVILA,Woodsvilla Ltd,Active,XT,5.00,INE374J01020,Equity,,,,,
526961,LAST MILE ENTERPRISES LIMITED,LASTMILE,Last Mile Enterprises Ltd,Active,X ,1.00,INE404B01022,Equity,,,,,
526965,Gujarat Craft Industries Ltd.,GUJCRAFT,Gujarat Craft Industries Ltd,Active,X ,10.00,INE372D01019,Equity,,,,,
526967,Heera Ispat Ltd.,HEERAISP,Heera Ispat Ltd,Active,X ,10.00,INE025D01013,Equity,,,,,
526971,Dhoot Industrial Finance Ltd.,DHOOTIN,Dhoot Industrial Finance Ltd,Active,XT,10.00,INE313G01016,Equity,,,,,
526977,Crimson Metal Engineering Company Ltd,CRIMSON,Crimson Metal Engineering Company Ltd,Active,P ,10.00,INE318P01016,Equity,,,,,
526981,SHRI BAJRANG ALLIANCE LIMITED,SHBAJRG,Shri Bajrang Alliance Ltd,Active,B ,10.00,INE402H01015,Equity,,,,,
526987,Urja Global Limited,URJA,Urja Global Ltd,Active,B ,1.00,INE550C01020,Equity,,,,,
527001,Ashapura Minechem Ltd,ASHAPURMIN,Ashapura Minechem Ltd,Active,A ,2.00,INE348A01023,Equity,,,,,
527005,Shree Pacetronix Ltd,SHREEPAC,Shree Pacetronix Ltd,Active,X ,10.00,INE847D01010,Equity,,,,,
530001,Gujarat Alkalis & Chemicals Ltd.,GUJALKALI,Gujarat Alkalies and Chemicals Ltd,Active,B ,10.00,INE186A01019,Equity,,,,,
530005,India Cements Ltd.,INDIACEM,India Cements Ltd,Active,A ,10.00,INE383A01012,Equity,,,,,
530007,JK Tyre & Industries Ltd.,JKTYRE,JK Tyre & Industries Ltd,Active,A ,2.00,INE573A01042,Equity,,,,,
530017,Standard Industries Ltd.,SIL,Standard Industries Ltd,Active,B ,5.00,INE173A01025,Equity,,,,,
530019,JUBILANT PHARMOVA LIMITED,JUBLPHARMA,Jubilant Pharmova Ltd,Active,A ,1.00,INE700A01033,Equity,,,,,
530023,THE INVESTMENT TRUST OF INDIA LIMITED,THEINVEST,The Investment Trust Of India Ltd,Active,B ,10.00,INE924D01017,Equity,,,,,
530025,Samyak International Limited,SAMYAKINT,Samyak International Ltd,Active,X ,10.00,INE607G01011,Equity,,,,,
530037,SPARKLE GOLD ROCK LIMITED,SPARKLEGR,Sparkle Gold Rock Ltd,Active,X ,10.00,INE618F01010,Equity,,,,,
530043,Acknit Industries Ltd,ACKNIT,Acknit Industries Ltd,Active,X ,10.00,INE326C01017,Equity,,,,,
530045,Titan Securities Ltd.,TITANSEC,Titan Securities Ltd,Active,X ,10.00,INE090D01017,Equity,,,,,
530053,REAL ECO-ENERGY LIMITED,REALECO,Real Eco-Energy Ltd,Active,X ,2.00,INE055E01034,Equity,,,,,
530057,Vivanza Biosciences Limited,VIVANZA,Vivanza Biosciences Ltd,Active,X ,1.00,INE984E01035,Equity,,,,,
530063,Yashraj Containeurs Ltd.,YASHRAJC,Yashraj Containeurs Ltd,Active,XT,10.00,INE095C01018,Equity,,,,,
530065,Lords Ishwar Hotels Limited,LORDSHOTL,Lords Ishwar Hotels Ltd,Active,X ,10.00,INE689J01013,Equity,,,,,
530067,CSL Finance Limited,CSLFINANCE,CSL Finance Ltd,Active,B ,10.00,INE718F01018,Equity,,,,,
530073,Sanghvi Movers Ltd.,SANGHVIMOV,Sanghvi Movers Ltd,Active,B ,1.00,INE989A01032,Equity,,,,,
530075,Antelopus Selan Energy Limited,ANTELOPUS,Antelopus Selan Energy Ltd-$,Active,B ,10.00,INE818A01017,Equity,,,,,
530077,PURETROP FRUITS LIMITED,PURETROP,Puretrop Fruits  Ltd,Active,X ,10.00,INE795D01011,Equity,,,,,
530079,Faze Three Ltd.,FAZE3Q,Faze Three Ltd-$,Active,B ,10.00,INE963C01033,Equity,,,,,
530109,ANUPAM FINSERV LIMITED,ANUPAM,Anupam Finserv Ltd,Active,X ,1.00,INE069B01023,Equity,,,,,
530111,Raj Packaging Industries Ltd.,RAJPACK,Raj Packaging Industries Ltd,Active,X ,10.00,INE639C01013,Equity,,,,,
530117,PRIVI SPECIALITY CHEMICALS LIMITED,PRIVISCL,Privi Speciality Chemicals Ltd,Active,A ,10.00,INE959A01019,Equity,,,,,
530119,Natraj Proteins Ltd.,NATRAJPR,Natraj Proteins Ltd,Active,X ,10.00,INE444D01016,Equity,,,,,
530125,Samrat Pharmachem Ltd.,SAMRATPH,Samrat Pharmachem Ltd-$,Active,X ,10.00,INE103E01016,Equity,,,,,
530127,NPR Finance Ltd.,NPRFIN,NPR Finance Ltd,Active,XT,10.00,INE446D01011,Equity,,,,,
530129,Nile Ltd.,NILE,Nile Ltd,Active,B ,10.00,INE445D01013,Equity,,,,,
530133,Amco India Ltd.,AMCOIND,Amco India Ltd-$,Active,X ,10.00,INE924B01011,Equity,,,,,
530135,Optiemus Infracom Limited,OPTIEMUS,Optiemus Infracom Ltd,Active,B ,10.00,INE350C01017,Equity,,,,,
530139,Kreon Finnancial Services Limited,KREONFIN,Kreon Finnancial Services Ltd,Active,XT,10.00,INE302C01018,Equity,,,,,
530141,Gyan Developers & Builders Ltd.,GYANDEV,Gyan Developers & Builders Ltd,Active,X ,10.00,INE487G01018,Equity,,,,,
530145,Kisan Mouldings Ltd.,KISAN,Kisan Mouldings Ltd-$,Active,XT,10.00,INE017C01012,Equity,,,,,
530163,Kerala Ayurveda Limited,KERALAYUR,Kerala Ayurveda Ltd,Active,X ,10.00,INE817B01025,Equity,,,,,
530167,Moongipa Capital Finance Ltd.,MONGIPA,Moongipa Capital Finance Ltd,Active,XT,10.00,INE153K01018,Equity,,,,,
530169,Mohit Paper Mills Ltd.,MOHITPPR,Mohit Paper Mills Ltd,Active,X ,10.00,INE388C01017,Equity,,,,,
530171,Daulat Securities Ltd.,DAULAT,Daulat Securities Ltd,Active,X ,10.00,INE108C01019,Equity,,,,,
530175,Odyssey Technologies Ltd.,ODYSSEY,Odyssey Technologies Ltd-$,Active,X ,10.00,INE213B01019,Equity,,,,,
530177,VK Global Industries Limited,VKGLOBAL,VK Global Industries Ltd,Active,X ,10.00,INE758B01013,Equity,,,,,
530179,RSC International Limited,RSCINT,RSC International Ltd,Active,XT,10.00,INE015F01019,Equity,,,,,
530185,Surat Trade and Mercantile Limited,SURATRAML,Surat Trade and Mercantile Ltd,Active,X ,1.00,INE936A01025,Equity,,,,,
530187,Atharv Enterprises Limited,ATHARVENT,Atharv Enterprises Ltd,Active,XT,10.00,INE354E01031,Equity,,,,,
530197,FUNDVISER CAPITAL (INDIA) LIMITED,FUNDVISER,Fundviser Capital (India) Ltd,Active,X ,10.00,INE365H01014,Equity,,,,,
530199,Themis Medicare Ltd.,THEMISMED,Themis Medicare Ltd,Active,B ,1.00,INE083B01024,Equity,,,,,
530201,KALLAM TEXTILES LTD,KALLAM,Kallam Textiles Ltd-$,Active,XT,2.00,INE629F01025,Equity,,,,,
530207,Brawn Biotech Limited,BRAWN,Brawn Biotech Ltd,Active,X ,10.00,INE899B01015,Equity,,,,,
530213,Fortune International Ltd.,FORINTL,Fortune International Ltd,Active,X ,10.00,INE501D01013,Equity,,,,,
530215,Kings Infra Ventures Limited,KINGSINFR,Kings Infra Ventures Ltd,Active,X ,10.00,INE050N01010,Equity,,,,,
530217,SWOJAS FOODS LIMITED,SWOJAS,Swojas Foods Ltd,Active,X ,10.00,INE295B01016,Equity,,,,,
530219,Nutricircle Limited,NUTRICIRCLE,Nutricircle Ltd,Active,XT,10.00,INE536C01029,Equity,,,,,
530231,Subhash Silk Mills Ltd.,SUBSM,Subhash Silk Mills Ltd,Active,X ,10.00,INE690D01014,Equity,,,,,
530233,Auro Laboratories Ltd.,AUROLAB,Auro Laboratories Ltd,Active,X ,10.00,INE292C01011,Equity,,,,,
530235,KJMC Financial Services Ltd.,KJMCFIN,KJMC Financial Services Ltd,Active,B ,10.00,INE533C01018,Equity,,,,,
530239,Suven Life Sciences Ltd.,SUVEN,Suven Life Sciences Ltd,Active,B ,1.00,INE495B01038,Equity,,,,,
530245,Aryaman Financial Services Ltd.,ARYAMAN,Aryaman Financial Services Ltd,Active,B ,10.00,INE032E01017,Equity,,,,,
530249,Bridge Securities Ltd.,BRIDGESE,Bridge Securities Ltd,Active,X ,1.00,INE958C01025,Equity,,,,,
530251,Risa International Limited,RISAINTL,Risa International Ltd,Active,X ,2.00,INE001O01029,Equity,,,,,
530253,Rajasthan Tube Mfg. Co,RAJTUBE,Rajasthan Tube Manufacturing Company Ltd,Active,XT,1.00,INE497E01020,Equity,,,,,
530255,Kay Power And Paper Ltd,KAYPOWR,Kay Power and Paper Ltd,Active,X ,10.00,INE961B01013,Equity,,,,,
530259,Inter State Oil Carrier Ltd,INTSTOIL,Inter State Oil Carrier Ltd,Active,XT,10.00,INE003B01014,Equity,,,,,
530263,Global Capital Markets Ltd.,GLOBALCA,Global Capital Markets Ltd,Active,X ,1.00,INE062C01042,Equity,,,,,
530265,Sainik Finance and Industries Ltd,SAINIK,Sainik Finance & Industries Ltd,Active,X ,10.00,INE584B01013,Equity,,,,,
530267,ARIGATO UNIVERSE LIMITED,ARIGATO,Arigato Universe Ltd,Active,X ,10.00,INE021N01011,Equity,,,,,
530271,Rich Universe Network Ltd,RICHUNV,Rich Universe Network Ltd,Active,X ,10.00,INE652D01014,Equity,,,,,
530281,Quantum Digital Vision (India) Ltd.,QUANTDIA,Quantum Digital Vision India Ltd,Active,XT,10.00,INE373C01019,Equity,,,,,
530289,S.P.Capital Financing Ltd.,SPCAPIT,SP Capital Financing Ltd,Active,X ,10.00,INE102F01015,Equity,,,,,
530291,PAOS INDUSTRIES LIMITED,PAOS,Paos Industries Ltd,Active,XT,10.00,INE791C01012,Equity,,,,,
530295,Shri Rajivlochan Oil Extraction Ltd,SHRAJOI,Shree Rajiv Lochan Oil Extraction Ltd,Active,X ,10.00,INE418K01015,Equity,,,,,
530299,Kothari Products Ltd.,KOTHARIPRO,Kothari Products Ltd,Active,B ,10.00,INE823A01017,Equity,,,,,
530305,Piccadily Agro Industries ltd.,PICCADIL,Piccadily Agro Industries Ltd,Active,B ,10.00,INE546C01010,Equity,,,,,
530307,CHAMAN LAL SETIA EXPORTS LIMITED,CLSEL,Chaman Lal Setia Exports Ltd-$,Active,B ,2.00,INE419D01026,Equity,,,,,
530309,Chandra Prabhu International Ltd.,CHANDRAP,Chandra Prabhu International Ltd-$,Active,X ,2.00,INE368D01025,Equity,,,,,
530313,KIMIA BIOSCIENCES LIMITED,KIMIABL,Kimia Biosciences Ltd,Active,X ,1.00,INE285U01025,Equity,,,,,
530315,Hindustan Tin Works Ltd.,HINDTIN,Hindustan Tin Works Ltd-$,Active,X ,10.00,INE428D01019,Equity,,,,,
530317,Godavari Drugs Ltd.,GODAVARI,Godavari Drugs Ltd,Active,X ,10.00,INE362C01012,Equity,,,,,
530331,Premco Global Ltd.,PREMCO,Premco Global Ltd-$,Active,B ,10.00,INE001E01012,Equity,,,,,
530341,Mukesh Babu Financial Services Ltd.,MUKESHB,Mukesh Babu Financial Services Ltd,Active,B ,10.00,INE596B01017,Equity,,,,,
530343,Genus Power Infrastructures Ltd,GENUSPOWER,Genus Power Infrastructures Ltd-$,Active,A ,1.00,INE955D01029,Equity,,,,,
530355,ASIAN ENERGY SERVICES LTD,ASIANENE,Asian Energy Services Ltd,Active,B ,10.00,INE276G01015,Equity,,,,,
530357,KBS INDIA LIMITED,KBSINDIA,KBS India Ltd,Active,X ,1.00,INE883D01023,Equity,,,,,
530361,PRABHHANS INDUSTRIES LIMITED,PRABHHANS,Prabhhans Industries Ltd,Active,XT,10.00,INE428P01013,Equity,,,,,
530363,Ugar Sugar Works Ltd.,UGARSUGAR,Ugar Sugar Works Ltd-$,Active,B ,1.00,INE071E01023,Equity,,,,,
530365,Orient Bell Limited,ORIENTBELL,Orient Bell Ltd-$,Active,B ,10.00,INE607D01018,Equity,,,,,
530367,NRB Bearings Ltd.,NRBBEARING,NRB Bearings Ltd,Active,B ,2.00,INE349A01021,Equity,,,,,
530369,Vamshi Rubber Ltd.,VAMSHIRU,Vamshi Rubber Ltd,Active,X ,10.00,INE380C01014,Equity,,,,,
530377,Nila Infrastructures Ltd,NILAINFRA,Nila Infrastructures Ltd,Active,B ,1.00,INE937C01029,Equity,,,,,
530393,DB(INTERNATIONAL)Stock Brokers Ltd,DBSTOCKBRO,DB International Stock Brokers Ltd,Active,T ,2.00,INE921B01025,Equity,,,,,
530401,Vinyoflex Ltd.,VINYOFL,Vinyoflex Ltd,Active,X ,10.00,INE526H01011,Equity,,,,,
530405,Jindal Capital Ltd.,JINDCAP,Jindal Capital Ltd,Active,X ,10.00,INE356F01017,Equity,,,,,
530407,EPIC Energy Ltd.,EPIC,EPIC Energy Ltd-$,Active,X ,10.00,INE932F01015,Equity,,,,,
530419,Sumedha Fiscal Services Ltd.,SUMEDHA,Sumedha Fiscal Services Ltd,Active,B ,10.00,INE886B01012,Equity,,,,,
530421,Kuwer Industries Ltd.,KUWERIN,Kuwer Industries Ltd,Active,X ,10.00,INE430F01010,Equity,,,,,
530427,CHOKSI ASIA LIMITED,CHOKSI,Choksi Asia Ltd,Active,X ,10.00,INE865B01016,Equity,,,,,
530429,Ashish Polyplast Ltd.,ASHISHPO,Ashish Polyplast Ltd,Active,X ,10.00,INE831C01016,Equity,,,,,
530433,Shiva Global Agro Industries Limited,SHIVAAGRO,Shiva Global Agro Industries Ltd,Active,B ,10.00,INE960E01019,Equity,,,,,
530439,Siddha Ventures Limited,SIDDHA,Siddha Ventures Ltd,Active,X ,10.00,INE140C01012,Equity,,,,,
530443,Kiran Syntex Ltd.,KIRANSY-B,Kiran Syntex Ltd,Active,X ,10.00,INE293D01017,Equity,,,,,
530445,Sumeru Industries Ltd.,SUMERUIND,Sumeru Industries Ltd,Active,X ,1.00,INE764B01029,Equity,,,,,
530449,Rungta Irrigation Ltd.,RUNGTAIR,Rungta Irrigation Ltd,Active,X ,10.00,INE347C01013,Equity,,,,,
530457,GTT DATA SOLUTIONS LIMITED,GTTDATA,GTT Data Solutions Ltd,Active,X ,10.00,INE959B01017,Equity,,,,,
530459,Valson Industries Ltd.,VALSONQ,Valson Industries Ltd-$,Active,XT,10.00,INE808A01018,Equity,,,,,
530461,Saboo Sodium Chloro Ltd.,SABOOSOD,Saboo Sodium Chloro Ltd,Active,X ,10.00,INE440C01016,Equity,,,,,
530469,GSL Securities Ltd.,GSLSEC,GSL Securities Ltd,Active,X ,10.00,INE721D01017,Equity,,,,,
530475,Tinna Rubber and Infrastructure Limited,TINNARUBR,Tinna Rubber and Infrastructure Ltd,Active,B ,10.00,INE015C01016,Equity,,,,,
530477,Vikram Thermo (India) Ltd.,VIKRAMTH,Vikram Thermo India Ltd,Active,X ,10.00,INE337E01010,Equity,,,,,
530495,STRATMONT INDUSTRIES LIMITED,STRATMONT,Stratmont Industries Ltd,Active,X ,10.00,INE473C01025,Equity,,,,,
530499,A.K.Capital Services Ltd.,AKCAPIT,AK Capital Services Ltd,Active,B ,10.00,INE701G01012,Equity,,,,,
530517,Relaxo Footwears Ltd.,RELAXO,Relaxo Footwears Ltd-$,Active,A ,1.00,INE131B01039,Equity,,,,,
530521,Virat Industries Ltd.,VIRAT,Virat Industries Ltd,Active,B ,10.00,INE467D01017,Equity,,,,,
530525,RAJNISH RETAIL LIMITED,RRETAIL,Rajnish Retail Ltd,Active,XT,1.00,INE786J01033,Equity,,,,,
530533,Terai Tea Co. Ltd.,TERAI,Terai Tea Company Ltd,Active,B ,10.00,INE390D01011,Equity,,,,,
530537,Manraj Housing Finance Ltd.,MANRAJH,Manraj Housing Finance Ltd,Active,X ,10.00,INE948I01015,Equity,,,,,
530545,Cosco (India) ltd.,COSCO,Cosco India Ltd-$,Active,X ,10.00,INE949B01018,Equity,,,,,
530547,Ken Financial Services Ltd.,KENFIN,Ken Financial Services Ltd,Active,XT,10.00,INE395E01018,Equity,,,,,
530549,Shilpa Medicare Ltd.,SHILPAMED,Shilpa Medicare Ltd,Active,A ,1.00,INE790G01031,Equity,,,,,
530555,Paramount Communications Ltd.,PARACABLES,Paramount Communications Ltd-$,Active,B ,2.00,INE074B01023,Equity,,,,,
530557,NCL Research And Financial Services,NCLRESE,NCL Research & Financial Services Ltd,Active,XT,1.00,INE132F01038,Equity,,,,,
530565,KOIYA INTERNATIONAL LIMITED,KOIYAIN,Koiya International Ltd,Active,XT,10.00,INE149B01015,Equity,,,,,
530571,Explicit Finance Limited,EXPLICITFIN,Explicit Finance Ltd,Active,X ,10.00,INE335G01019,Equity,,,,,
530577,Ladderup Finance Ltd.,LADDERUP,Ladderup Finance Ltd,Active,T ,10.00,INE519D01015,Equity,,,,,
530579,U. Y. FINCORP LIMITED,UYFINCORP,U. Y. Fincorp Ltd,Active,T ,5.00,INE152C01025,Equity,,,,,
530581,Ekam Leasing & Finance Co. Ltd.,EKAMLEA,Ekam Leasing & Finance Company Ltd,Active,XT,5.00,INE906L01025,Equity,,,,,
530585,SWASTIKA INVESTMART LIMITED,SWASTIKA,Swastika Investmart Ltd,Active,XT,2.00,INE691C01022,Equity,,,,,
530589,Prima Plastics Ltd.,PRIMAPLA,Prima Plastics Ltd,Active,X ,10.00,INE573B01016,Equity,,,,,
530595,TeleCanor Global Limited,TELECANOR,TeleCanor Global Ltd,Active,XT,10.00,INE381G01013,Equity,,,,,
530601,JAGSONPAL SERVICES LIMITED,JAGSONSER,Jagsonpal Services Ltd,Active,X ,10.00,INE582C01015,Equity,,,,,
530615,Garg Furnace Ltd.,GARGFUR,Garg Furnace Ltd,Active,XT,10.00,INE194E01015,Equity,,,,,
530617,Sampre Nutritions Ltd.,SAMPRE,Sampre Nutritions Ltd,Active,X ,5.00,INE375C01022,Equity,,,,,
530621,Akar Auto Industries Limited,AAIL,Akar Auto Industries Ltd,Active,XT,5.00,INE864E01021,Equity,,,,,
530627,Vipul Organics Limited,VIPULORG,Vipul Organics Ltd,Active,X ,10.00,INE834D01018,Equity,,,,,
530643,Eco Recycling Limited,ECORECO,Eco Recycling Ltd,Active,B ,10.00,INE316A01038,Equity,,,,,
530655,Goodluck India Limited,GOODLUCK,Goodluck India Ltd,Active,B ,2.00,INE127I01024,Equity,,,,,
530663,Goyal Associates Ltd.,GOYALASS,Goyal Associates Ltd,Active,X ,1.00,INE912B01032,Equity,,,,,
530665,Zenith Health Care Ltd.,ZENITHHE,Zenith Healthcare Ltd,Active,X ,1.00,INE812B01026,Equity,,,,,
530669,ACE ENGITECH LIMITED,ACEENGITEC,Ace Engitech Ltd,Active,XT,10.00,INE035401020,Equity,,,,,
530675,York Exports Ltd.,YORKEXP,York Exports Ltd,Active,X ,10.00,INE057Q01018,Equity,,,,,
530677,Supreme Holdings & Hospitality (India) Ltd,SUPREME,Supreme Holdings & Hospitality (India) Ltd,Active,B ,10.00,INE822E01011,Equity,,,,,
530689,KROWNIQ LIMITED,KROWNIQ,KROWNIQ Ltd,Active,X ,10.00,INE624M01014,Equity,,,,,
530695,Prime Property Development Corporation Ltd.,PRIMEPRO,Prime Property Development Corporation Ltd-$,Active,X ,5.00,INE233C01023,Equity,,,,,
530697,Zenlabs Ethica Limited,ZENLABS,Zenlabs Ethica Ltd,Active,X ,10.00,INE546F01013,Equity,,,,,
530699,Raj Rayon Industries Limited,RAJRILTD,Raj Rayon Industries Ltd-$,Active,T ,1.00,INE533D01032,Equity,,,,,
530705,ANIRIT VENTURES LIMITED,ANIRIT,Anirit Ventures Ltd,Active,X ,10.00,INE161F01011,Equity,,,,,
530709,Gowra Leasing & Finance Ltd.,GOWRALE,Gowra Leasing & Finance Ltd,Active,XT,10.00,INE225G01012,Equity,,,,,
530711,Jagan Lamps Ltd.,JAGANLAM,Jagan Lamps Ltd,Active,X ,10.00,INE144C01014,Equity,,,,,
530723,Asit C Mehta Financial Services Limited,ASITCFIN,Asit C Mehta Financial Services Ltd,Active,X ,10.00,INE041B01014,Equity,,,,,
530735,Super Bakers (India) Ltd.,SUPERBAK,Super Bakers India Ltd,Active,X ,10.00,INE897A01011,Equity,,,,,
530741,Ovobel Foods Ltd.,OVOBELE,Ovobel Foods Ltd,Active,XT,10.00,INE812S01012,Equity,,,,,
530745,ACS TECHNOLOGIES LIMITED,ACSTECH,ACS Technologies Ltd,Active,T ,10.00,INE366C01021,Equity,,,,,
530747,CHALLANI CAPITAL LIMITED,CHALLANI,Challani Capital Ltd,Active,X ,10.00,INE807A01010,Equity,,,,,
530755,Coral Newsprints Ltd.,CORNE,Coral Newsprints Ltd,Active,X ,10.00,INE715D01019,Equity,,,,,
530757,Shentracon Chemicals Ltd.,SHENTRA,Shentracon Chemicals Ltd,Active,XT,10.00,INE0OUS01011,Equity,,,,,
530759,Sterling Tools Ltd.,STERTOOLS,Sterling Tools Ltd-$,Active,T ,2.00,INE334A01023,Equity,,,,,
530765,AGARWAL FORTUNE INDIA LIMITED,AGARWAL,Agarwal Fortune India Ltd,Active,X ,10.00,INE510B01018,Equity,,,,,
530779,Dynamic Protfolio Management & Serv,DYNAMICP,Dynamic Portfolio Management & Services Ltd,Active,X ,10.00,INE118C01018,Equity,,,,,
530787,Inland Printers Ltd.,INLANPR,Inland Printers Ltd,Active,XT,10.00,INE055O01033,Equity,,,,,
530789,Ceejay Finance Limited,CEEJAY,Ceejay Finance Ltd,Active,X ,10.00,INE358C01010,Equity,,,,,
530795,Suncity Synthetics Ltd.,SUNCITYSY,Suncity Synthetics Ltd,Active,XT,10.00,INE584D01019,Equity,,,,,
530797,Shree Ganesh Elastoplast Ltd,SHGANEL,Shree Ganesh Elastoplast Ltd,Active,X ,10.00,INE400N01017,Equity,,,,,
530799,Anna Infrastructures Ltd,ANNAINFRA,Anna Infrastructures Ltd,Active,X ,10.00,INE336D01014,Equity,,,,,
530803,Bhageria Industries Limited,BHAGERIA,Bhageria Industries Ltd,Active,B ,5.00,INE354C01027,Equity,,,,,
530805,ONESOURCE INDUSTRIES AND VENTURES LIMITED,OIVL,Onesource Industries And Ventures Ltd,Active,X ,1.00,INE125F01032,Equity,,,,,
530809,BNR Udyog Ltd.,BNRUDY,BNR Udyog Ltd,Active,X ,10.00,INE355C01016,Equity,,,,,
530813,KRBL Ltd.,KRBL,KRBL Ltd,Active,A ,1.00,INE001B01026,Equity,,,,,
530821,SSPDL Limited,SSPDL,SSPDL Ltd-$,Active,X ,10.00,INE838C01011,Equity,,,,,
530825,Daikaffil Chemicals India Ltd.,DAIKAFFI,Daikaffil Chemicals India Ltd,Active,XT,10.00,INE789B01018,Equity,,,,,
530829,CIL SECURITIES LIMITED,CILSEC,Cil Securities Ltd,Active,X ,10.00,INE830A01012,Equity,,,,,
530839,Clio Infotech Ltd.,CLIOINFO,Clio Infotech Ltd,Active,XT,10.00,INE011B01017,Equity,,,,,
530843,Cupid Limited,CUPID,Cupid Ltd-$,Active,A ,1.00,INE509F01029,Equity,,,,,
530845,Sunshield Chemicals Ltd.,SUNSHIEL,Sunshield Chemicals Ltd,Active,B ,10.00,INE199E01014,Equity,,,,,
530853,Hipolin Ltd.,HIPOLIN,Hipolin Ltd,Active,XT,10.00,INE963A01011,Equity,,,,,
530855,GDL Leasing & Finance ltd.,GDLLEAS,GDL Leasing & Finance Ltd,Active,X ,10.00,INE545E01018,Equity,,,,,
530871,Chembond Material Technologies Limited,CHEMBOND,Chembond Material Technologies Ltd-$,Active,B ,5.00,INE995D01025,Equity,,,,,
530879,CAPITAL INDIA FINANCE LIMITED,CIFL,Capital India Finance Ltd,Active,B ,2.00,INE345H01024,Equity,,,,,
530881,Arunjyoti Bio Ventures Limited ,ABVL,Arunjyoti Bio Ventures Ltd,Active,X ,1.00,INE485K01022,Equity,,,,,
530883,Super Crop Safe Ltd.,SUCROSA,Super Crop Safe Ltd,Active,XT,2.00,INE366G01022,Equity,,,,,
530889,AUDROC Limited,AUDROC,Audroc Ltd,Active,XT,1.00,INE061B01038,Equity,,,,,
530897,N.G.Industries Ltd.,NGIND,NG Industries Ltd-$,Active,X ,10.00,INE825C01018,Equity,,,,,
530899,Asia Pack Ltd.,ASIAPAK,Asia Pack Ltd,Active,X ,10.00,INE784M01016,Equity,,,,,
530907,S.I.Capital And Financial Services,SICAPIT,SI Capital & Financial Services Ltd,Active,XT,10.00,INE417F01017,Equity,,,,,
530909,ERP Soft Systems Ltd.,ERPSOFT,ERP Soft Systems Ltd,Active,X ,10.00,INE308B01017,Equity,,,,,
530917,R.R.Securities Ltd.,RRSECUR,RR Securities Ltd,Active,P ,10.00,INE474H01014,Equity,,,,,
530919,Remsons Industries Ltd.,REMSONSIND,Remsons Industries Ltd,Active,B ,2.00,INE474C01023,Equity,,,,,
530921,Integrated Thermoplastics Ltd.,INTETHR,Integrated Thermoplastics Ltd,Active,P ,10.00,INE038N01015,Equity,,,,,
530925,Ramsons Projects Ltd.,RAMSONS,Ramsons Projects Ltd,Active,X ,10.00,INE609D01014,Equity,,,,,
530927,Haryana Financial Corporation ltd.,HARAFIN,Haryana Financial Corporation Ltd,Active,ZP,10.00,INE737G01016,Equity,,,,,
530931,Stanpacks (India) Ltd.,STANPACK,Stanpacks India Ltd,Active,X ,10.00,INE457D01018,Equity,,,,,
530943,Aqylon Nexus Limited,AQYLON,Aqylon Nexus Ltd,Active,B ,1.00,INE416A01051,Equity,,,,,
530951,RAMINFO LIMITED,RAMINFO,Raminfo Ltd,Active,X ,10.00,INE357B01022,Equity,,,,,
530953,Sunil Agro Foods ltd.,SUNILAGR,Sunil Agro Foods Ltd-$,Active,X ,10.00,INE224D01012,Equity,,,,,
530959,Diana Tea Co.Ltd.,DIANATEA,Diana Tea Company Ltd,Active,X ,5.00,INE012E01035,Equity,,,,,
530961,Vikas EcoTech Limited,VIKASECO,Vikas EcoTech Ltd,Active,B ,1.00,INE806A01020,Equity,,,,,
530965,Indian Oil Corporation Ltd.,IOC,Indian Oil Corporation Ltd,Active,A ,10.00,INE242A01010,Equity,,,,,
530973,Alfa Ica (India) Ltd,ALFAICA,Alfa Ica India Ltd,Active,X ,10.00,INE042C01010,Equity,,,,,
530977,Shri Keshav Cements and Infra Limited,SKCIL,Shri Keshav Cements And Infra Ltd,Active,X ,10.00,INE260E01014,Equity,,,,,
530979,India Home Loan Limited,INDIAHOME,India Home Loan Ltd,Active,X ,10.00,INE274E01015,Equity,,,,,
530991,Roopa Industries Ltd.,ROOPAIND,Roopa Industries Ltd,Active,X ,10.00,INE443C01010,Equity,,,,,
530993,Sarthak Global Ltd.,SARTHAKGL,Sarthak Global Ltd,Active,X ,10.00,INE075H01019,Equity,,,,,
530997,Unique Organics Ltd.,UNIQUEO,Unique Organics Ltd,Active,X ,10.00,INE333E01019,Equity,,,,,
530999,Balaji Amines Ltd.,BALAMINES,Balaji Amines Ltd-$,Active,B ,2.00,INE050E01027,Equity,,,,,
531003,Swarna Securities Ltd.,SWRNASE,Swarna Securities Ltd,Active,X ,10.00,INE595G01018,Equity,,,,,
531015,Venmax Drugs And Pharmaceuticals Ltd,VENMAX,Venmax Drugs and Pharmaceuticals Ltd,Active,X ,10.00,INE154G01022,Equity,,,,,
531017,Arihants Securities ltd.,ARISE,Arihants Securities Ltd,Active,X ,10.00,INE190D01015,Equity,,,,,
531025,Visagar Financial Services Ltd,VISAGAR,Visagar Financial Services Ltd,Active,X ,1.00,INE309H01038,Equity,,,,,
531027,Libord Securities Ltd.,LIBORD,Libord Securities Ltd,Active,X ,10.00,INE267E01019,Equity,,,,,
531033,Regal Entertainment & Consultants Ltd.,REGAL,Regal Entertainment & Consultants Ltd,Active,X ,10.00,INE101E01010,Equity,,,,,
531035,EBIX LIMITED,EBIX,EBIX Ltd,Active,T ,1.00,INE432F01032,Equity,,,,,
531039,Swadha Nature Limited,SWADHATURE,Swadha Nature Ltd,Active,X ,10.00,INE0P4R01017,Equity,,,,,
531041,Competent Automobiles Co. Ltd.,COMPEAU,Competent Automobiles Company Ltd,Active,B ,10.00,INE823B01015,Equity,,,,,
531043,Dhanvantri Jeevan Rekha Ltd.,ZDHJERK,Dhanvantri Jeevan Rekha Ltd,Active,X ,10.00,INE239F01015,Equity,,,,,
531049,Neelkanth Rockminerals ltd.,NEELKAN,Neelkanth Rockminerals Ltd,Active,Z ,10.00,INE741D01015,Equity,,,,,
531051,Vintage Securities Ltd.,VINTAGES,Vintage Securities Ltd,Active,X ,10.00,INE153C01015,Equity,,,,,
531067,Contil India Limited,CONTILI,Contil India Ltd,Active,X ,2.00,INE080G01029,Equity,,,,,
531069,Vijay Solvex Ltd.,VIJSOLX,Vijay Solvex Ltd,Active,B ,10.00,INE362D01010,Equity,,,,,
531080,Shri Krishna Devcon Limited,SHRIKRISH,Shri Krishna Devcon Ltd,Active,B ,10.00,INE997I01012,Equity,,,,,
531082,Alankit Limited,ALANKIT,Alankit Ltd,Active,B ,1.00,INE914E01040,Equity,,,,,
531083,Nihar Info Global Ltd.,NIHARINF,Nihar Info Global Ltd,Active,X ,10.00,INE876E01033,Equity,,,,,
531091,United Credit ltd.,UNITDCR,United Credit Ltd,Active,X ,10.00,INE858C01027,Equity,,,,,
531092,OM INFRA LIMITED,OMINFRAL,OM Infra Ltd,Active,B ,1.00,INE239D01028,Equity,,,,,
531099,CENTUPLE GLOBAL LIMITED,CENTUPLE,Centuple Global Ltd,Active,XT,10.00,INE396H01019,Equity,,,,,
531109,Ishan Dyes and Chemicals Limited,ISHANCH,Ishan Dyes and Chemicals Ltd,Active,B ,10.00,INE561M01018,Equity,,,,,
531111,Gothi Plascon (India) Ltd.,GOTHIPL,Gothi Plascon India Ltd,Active,P ,10.00,INE538G01018,Equity,,,,,
531112,BALU FORGE INDUSTRIES LIMITED,BALUFORGE,Balu Forge Industries Ltd,Active,A ,10.00,INE011E01029,Equity,,,,,
531119,Ceenik Exports (india) Ltd.,CEENIK,Ceenik Exports India Ltd,Active,XT,10.00,INE418D01010,Equity,,,,,
531120,Patel Engineering Ltd,PATELENG,Patel Engineering Ltd-$,Active,A ,1.00,INE244B01030,Equity,,,,,
531126,KATI PATANG LIFESTYLE LIMITED,KATIPATANG,Kati Patang Lifestyle Ltd,Active,X ,10.00,INE237C01016,Equity,,,,,
531127,MENA MANI INDUSTRIES LIMITED,MENAMANI,Mena Mani Industries Ltd,Active,XT,1.00,INE148B01033,Equity,,,,,
531129,Inani Marbles & Industries Ltd.,INANI,Inani Marbles & Industries Ltd,Active,X ,2.00,INE635D01027,Equity,,,,,
531137,Gemstone Investments Ltd.,GEMSI,Gemstone Investments Ltd,Active,X ,1.00,INE503D01027,Equity,,,,,
531144,El Forge Ltd.,ELFORGE,El Forge Ltd-$,Active,X ,10.00,INE158F01017,Equity,,,,,
531146,Medicamen Biotech Ltd.,MEDICAMEQ,Medicamen Biotech Ltd-$,Active,T ,10.00,INE646B01010,Equity,,,,,
531147,Alicon Castalloy Limited,ALICON,Alicon Castalloy Ltd,Active,B ,5.00,INE062D01024,Equity,,,,,
531153,Diligent Industries Limited,DILIGENT,Diligent Industries Ltd,Active,X ,1.00,INE650C01036,Equity,,,,,
531155,Epsom Properties Limited,EPSOMPRO,Epsom Properties Ltd,Active,XT,10.00,INE601F01016,Equity,,,,,
531156,Alfavision Overseas (India) Ltd.,ALFAVIO,Alfavision Overseas India Ltd,Active,XT,1.00,INE883B01027,Equity,,,,,
531157,Organic Coatings Ltd.,ORGCOAT,Organic Coatings Ltd,Active,X ,10.00,INE412E01011,Equity,,,,,
531158,Catvision Limited,CATVISION,Catvision Ltd,Active,X ,10.00,INE660B01011,Equity,,,,,
531161,ABM Knowledgeware Ltd.,ABMKNO,ABM Knowledgeware Ltd,Active,B ,5.00,INE850B01026,Equity,,,,,
531162,Emami Ltd,EMAMILTD,Emami Ltd-$,Active,A ,1.00,INE548C01032,Equity,,,,,
531163,Kemistar Corporation Limited,KEMISTAR,Kemistar Corporation Ltd,Active,X ,10.00,INE971L01029,Equity,,,,,
531168,Associated Ceramics Ltd.,ASSOCER,Associated Ceramics Ltd,Active,X ,10.00,INE771E01010,Equity,,,,,
531169,SKP Securities Ltd.,SKPSEC,SKP Securities Ltd,Active,X ,10.00,INE709B01016,Equity,,,,,
531173,Syschem (India) Ltd.,SYSCHEM,Syschem India Ltd,Active,X ,10.00,INE121D01036,Equity,,,,,
531176,Mefcom Capital Markets Ltd.,MEFCOMCAP,Mefcom Capital Markets Ltd,Active,X ,2.00,INE186C01023,Equity,,,,,
531178,Hemang Resources Limited,HEMANG,Hemang Resources Ltd,Active,X ,10.00,INE930A01010,Equity,,,,,
531179,Arman Financial Services Limited,ARMANFIN,Arman Financial Services Ltd,Active,B ,10.00,INE109C01017,Equity,,,,,
531190,EFORU ENTERTAINMENT LIMITED,EFORU,Eforu Entertainment Ltd,Active,XT,10.00,INE355H01015,Equity,,,,,
531191,Filtron Engineers Ltd.,FILTRON,Filtron Engineers Ltd,Active,X ,10.00,INE589N01017,Equity,,,,,
531199,Glance Finance Ltd.,GLANCE,Glance Finance Ltd,Active,X ,10.00,INE580D01017,Equity,,,,,
531201,Shilchar Technologies Ltd.,SHILCTECH,Shilchar Technologies Ltd,Active,B ,10.00,INE024F01011,Equity,,,,,
531203,TRADEWELL HOLDINGS LIMITED,TRADEWELL,Tradewell Holdings Ltd,Active,X ,10.00,INE819G01012,Equity,,,,,
531205,SPRIGHT AGRO LIMITED,SPRIGHT,Spright Agro Ltd,Active,X ,1.00,INE179O01031,Equity,,,,,
531209,Nucleus Software Exports Ltd,NUCLEUS,Nucleus Software Exports Ltd,Active,B ,10.00,INE096B01018,Equity,,,,,
531210,Colinz Laboratories ltd.,COLINZ,Colinz Laboratories Ltd,Active,XT,10.00,INE923C01011,Equity,,,,,
531212,Nalin Lease Finance Ltd.,NLFL,Nalin Lease Finance Ltd,Active,X ,10.00,INE606C01012,Equity,,,,,
531213,Manappuram Finance Limited,MANAPPURAM,Manappuram Finance Ltd,Active,A ,2.00,INE522D01027,Equity,,,,,
531215,RTS Power Corporation Ltd.,RTSPOWR,RTS Power Corporation Ltd,Active,B ,10.00,INE005C01017,Equity,,,,,
531216,Comfort Intech Ltd,COMFINTE,Comfort Intech Ltd-$,Active,B ,1.00,INE819A01049,Equity,,,,,
531219,Shyama Computronics and Services Limited,SHYAMACOMP,Shyama Computronics and Services Ltd,Active,P ,10.00,INE861E01019,Equity,,,,,
531221,Mayur Floorings Ltd.,MAYURFL,Mayur Floorings Ltd,Active,X ,10.00,INE262W01012,Equity,,,,,
531223,Anjani Synthetics Limited,ANJANI,Anjani Synthetics Ltd-$,Active,X ,10.00,INE364D01032,Equity,,,,,
531225,XTGLOBAL INFOTECH LIMITED,XTGLOBAL,Xtglobal Infotech Ltd,Active,B ,1.00,INE547B01028,Equity,,,,,
531227,Deco-Mica Ltd.,DECOMIC,Deco Mica Ltd,Active,X ,10.00,INE907E01010,Equity,,,,,
531228,Rander Corporation Ltd.,RANDER,Rander Corporation Ltd,Active,XT,10.00,INE821D01031,Equity,,,,,
531233,Rasi Electrodes Ltd.,RASIELEC,Rasi Electrodes Ltd,Active,X ,2.00,INE822D01021,Equity,,,,,
531234,SCOOBEE DAY GARMENTS (INDIA) LIMITED,SCOOBEEDAY,Scoobee Day Garments (India) Ltd,Active,X ,10.00,INE962E01015,Equity,,,,,
531235,Citiport Financial Services Ltd.,CITIPOR,Citi Port Financial Services Ltd,Active,X ,10.00,INE494D01011,Equity,,,,,
531237,Dhruva Capital Services Ltd.,DHRUVCA,Dhruva Capital Services Ltd,Active,X ,10.00,INE972E01014,Equity,,,,,
531241,LINC LIMITED,LINC,Linc Ltd-$,Active,B ,5.00,INE802B01027,Equity,,,,,
531246,Prima Industries Ltd.,PRIMAIN,Prima Industries Ltd,Active,X ,10.00,INE723N01012,Equity,,,,,
531253,India Gelatine & Chemicals Ltd.,INDGELA,India Gelatine & Chemicals Ltd-$,Active,X ,10.00,INE342D01012,Equity,,,,,
531254,Optimus Finance Limited,OPTIFIN,Optimus Finance Ltd,Active,B ,1.00,INE031G01022,Equity,,,,,
531255,Paragon Finance Ltd.,PARAGONF,Paragon Finance Ltd,Active,X ,10.00,INE015E01012,Equity,,,,,
531257,VELLORA IMPACT LIMITED,VELLORA,Vellora Impact Ltd,Active,X ,10.00,INE530D01012,Equity,,,,,
531259,Esha Media Research Limited,ESHAMEDIA,Esha Media Research Ltd,Active,XT,10.00,INE328F01016,Equity,,,,,
531262,EQUILATERAL ENTERPRISES LIMITED,EQUILATERA,Equilateral Enterprises Ltd,Active,X ,10.00,INE060N01019,Equity,,,,,
531266,V.S.T.Tillers Tractors Ltd.,VSTTILLERS,VST Tillers Tractors Ltd-$,Active,B ,10.00,INE764D01017,Equity,,,,,
531268,B2B Software Technologies Ltd.,B2BSOFT,B2B Software Technologies Ltd,Active,X ,10.00,INE151B01011,Equity,,,,,
531272,Nikki Global Finance Ltd.,NIKKIGL,Nikki Global Finance Ltd,Active,X ,10.00,INE526C01012,Equity,,,,,
531273,Radhe Developers (India) ltd.,RADHEDE,Radhe Developers India Ltd,Active,X ,1.00,INE986B01044,Equity,,,,,
531274,Kinetic Trust Ltd.,KINETRU,Kinetic Trust Ltd,Active,XT,10.00,INE674M01019,Equity,,,,,
531278,Elixir Capital Limited,ELIXIR,Elixir Capital Ltd,Active,X ,10.00,INE785D01012,Equity,,,,,
531279,Trishakti Industries Limited,TRISHAKT,Trishakti Industries Ltd,Active,XT,2.00,INE238C01022,Equity,,,,,
531280,Pankaj Polymers Ltd.,PANKAJPO,Pankaj Polymers Ltd,Active,XT,10.00,INE698B01011,Equity,,,,,
531281,MARBLE CITY INDIA LIMITED,MARBLE,Marble City India Ltd,Active,XT,5.00,INE807H01023,Equity,,,,,
531283,Cindrella Financial Services Ltd.,CINDRELL,Cindrella Financial Services Ltd,Active,X ,10.00,INE897D01015,Equity,,,,,
531286,ADHATA GLOBAL LIMITED,ADHHATA,Adhata Global Ltd,Active,X ,10.00,INE586D01014,Equity,,,,,
531287,National Plastic Technologies Ltd,NATPLASTI,National Plastic Technologies Ltd,Active,X ,10.00,INE896D01017,Equity,,,,,
531288,Lead Financial Services  Ltd,LEADFIN,Lead Financial Services Ltd,Active,X ,10.00,INE531D01010,Equity,,,,,
531289,National Fittings Limited,NATFIT,National Fittings Ltd,Active,XT,10.00,INE643C01015,Equity,,,,,
531297,Artefact Projects Ltd,ARTEFACT,Artefact Projects Ltd,Active,X ,10.00,INE885B01014,Equity,,,,,
531301,TUSALDAH LIMITED,TUSALDAH,Tusaldah Ltd,Active,X ,10.00,INE319M01011,Equity,,,,,
531304,Nutech Global Ltd.,NUTECGLOB,Nutech Global Ltd,Active,X ,10.00,INE960H01012,Equity,,,,,
531306,DHP India Ltd.,DHPIND,DHP India Ltd,Active,X ,10.00,INE590D01016,Equity,,,,,
531307,RRIL LIMITED,RRIL,RRIL Ltd,Active,B ,5.00,INE951M01037,Equity,,,,,
531310,Available Finance Ltd.,AVAILFC,Available Finance Ltd,Active,B ,10.00,INE325G01010,Equity,,,,,
531314,INTEGRA CAPITAL LIMITED,INTCAPL,Integra Capital  Ltd,Active,X ,10.00,INE366H01012,Equity,,,,,
531319,MARUTI GLOBAL INDUSTRIES LIMITED,MGIL,Maruti Global Industries Ltd,Active,X ,10.00,INE368C01019,Equity,,,,,
531322,SRI HAVISHA HOSPITALITY AND INFRASTRUCTURE LIMITED,HAVISHA,Sri Havisha Hospitality And Infrastructure Ltd,Active,B ,2.00,INE293B01029,Equity,,,,,
531323,JAYATMA INDUSTRIES LIMITED,JAYIND,Jayatma Industries Ltd,Active,X ,10.00,INE250D01017,Equity,,,,,
531324,Roselabs Finance Ltd.,ROSELABS,Roselabs Finance Ltd,Active,X ,10.00,INE475C01012,Equity,,,,,
531328,KRETTO SYSCON LIMITED,KRETTOSYS,Kretto Syscon Ltd,Active,X ,1.00,INE128R01023,Equity,,,,,
531334,Vikalp Securities Ltd.,VIKALPS,Vikalp Securities Ltd,Active,X ,10.00,INE186E01011,Equity,,,,,
531335,Zydus Wellness Limited,ZYDUSWELL,Zydus Wellness Ltd-$,Active,A ,2.00,INE768C01028,Equity,,,,,
531338,Milestone Global Limited,MILESTONE,Milestone Global Ltd,Active,X ,10.00,INE151H01018,Equity,,,,,
531340,Bervin Investments And Leasing Ltd.,BERVINL,Bervin Investment & Leasing Ltd,Active,X ,10.00,INE348I01018,Equity,,,,,
531341,Gujarat Investa Ltd.,GUJINV,Gujarat Investa Ltd,Active,X ,10.00,INE373D01017,Equity,,,,,
531344,Container Corporation Of India Ltd.,CONCOR,Container Corporation of India Ltd,Active,A ,5.00,INE111A01025,Equity,,,,,
531346,Eastern Treads Ltd.,EASTRED,Eastern Treads Ltd,Active,X ,10.00,INE500D01015,Equity,,,,,
531349,Panacea Biotec Ltd.,PANACEABIO,Panacea Biotec Ltd,Active,B ,1.00,INE922B01023,Equity,,,,,
531352,Peeti Securities Ltd.,PEETISEC,Peeti Securities Ltd,Active,X ,10.00,INE328D01011,Equity,,,,,
531357,MERCURY EV-TECH LIMITED,MERCURYEV,Mercury Ev-Tech Ltd,Active,B ,1.00,INE763M01028,Equity,,,,,
531358,Choice International Ltd,CHOICEIN,Choice International Ltd,Active,A ,10.00,INE102B01014,Equity,,,,,
531359,Shriram Asset Management Co.Ltd.,SRAMSET,Shriram Asset Management Company Ltd,Active,X ,10.00,INE777G01012,Equity,,,,,
531360,Golechha Global Finance Ltd.,GOLECHA,Golechha Global Finance Ltd,Active,X ,10.00,INE427D01011,Equity,,,,,
531364,Ekansh Concepts Limited,EKANSH,Ekansh Concepts Ltd,Active,X ,10.00,INE005E01013,Equity,,,,,
531370,SPARC ELECTREX LIMITED,SPAR,Sparc Electrex Ltd,Active,X ,10.00,INE960B01015,Equity,,,,,
531373,The Byke Hospitality    Ltd,BYKE,The Byke Hospitality Ltd,Active,B ,10.00,INE319B01014,Equity,,,,,
531380,Centenial Surgical Suture Ltd.,CSURGSU,Centenial Surgical Suture Ltd,Active,X ,10.00,INE405H01018,Equity,,,,,
531381,Arihant Foundations & Housing Ltd.,ARIHANT,Arihant Foundations & Housing Ltd-$,Active,B ,10.00,INE413D01011,Equity,,,,,
531387,Hasti Finance Ltd.,HASTIFIN,Hasti Finance Ltd,Active,XT,10.00,INE671D01014,Equity,,,,,
531390,Upsurge Investment And Finance Ltd.,UPSURGE,Upsurge Investment & Finance Ltd,Active,X ,10.00,INE890B01014,Equity,,,,,
531395,Padam Cotton Yarns Ltd.,PADAMCO,Padam Cotton Yarns Ltd,Active,XT,1.00,INE448D01025,Equity,,,,,
531396,Women Networks Ltd.,WOMENNET,Women Networks Ltd,Active,X ,10.00,INE905B01010,Equity,,,,,
531397,Polycon International Ltd.,POLYCON,Polycon International Ltd,Active,XT,10.00,INE262C01014,Equity,,,,,
531398,Source Natural Foods & Herbal Suppl Ltd,SOURCENTRL,Source Natural Foods and Herbal Supplements Ltd,Active,X ,10.00,INE679C01027,Equity,,,,,
531399,G.G.Automotive Gears Ltd.,GGAUTO,GG Automotive Gears Ltd,Active,X ,10.00,INE493B01017,Equity,,,,,
531400,Almondz Global Securities Limited,ALMONDZ,Almondz Global Securities Ltd,Active,B ,1.00,INE326B01035,Equity,,,,,
531402,LWS Knitwear Ltd,LWSKNIT,LWS Knitwear Ltd,Active,X ,10.00,INE281M01013,Equity,,,,,
531406,ANS Limited,ANSINDUS,ANS Industries Ltd,Active,XT,10.00,INE234J01018,Equity,,,,,
531411,Tuni Textile Mills Ltd.,TUNITEX,Tuni Textile Mills Ltd,Active,XT,1.00,INE560D01027,Equity,,,,,
531412,Radix Industries (India) Limited,RADIXIND,Radix Industries (India) Ltd,Active,X ,10.00,INE576N01014,Equity,,,,,
531413,Kiran Print-Pack Ltd.,KIRANPR,Kiran Print Pack Ltd,Active,XT,10.00,INE516D01011,Equity,,,,,
531416,Narendra Properties Ltd.,NARPROP,Narendra Properties Ltd,Active,X ,10.00,INE603F01012,Equity,,,,,
531417,Mega Corporation Ltd,MEGACOR,Mega Corporation Ltd,Active,X ,1.00,INE804B01023,Equity,,,,,
531420,BMB Music & Magnetics Ltd.,BMBMUMG,BMB Music & Magnetics Ltd,Active,XT,10.00,INE644K01016,Equity,,,,,
531426,Tamil Nadu Newsprint And Papers Ltd,TNPL,Tamil Nadu Newsprint & Papers Ltd,Active,B ,10.00,INE107A01015,Equity,,,,,
531431,Shakti Pumps (India) Ltd.,SHAKTIPUMP,Shakti Pumps India Ltd-$,Active,A ,10.00,INE908D01010,Equity,,,,,
531432,Systematix Securities Ltd.,SYTIXSE,Systematix Securities Ltd,Active,X ,10.00,INE07P301011,Equity,,,,,
531433,Sungold Capital Ltd.,SUNGOLD,Sungold Capital Ltd,Active,X ,10.00,INE271D01013,Equity,,,,,
531436,Saffron Industries Limited,SAFFRON,Saffron Industries Ltd,Active,X ,10.00,INE474D01013,Equity,,,,,
531437,Prakash Woollen & Synthetic Mills Ltd ,PWASML,Prakash Woollen & Synthetic Mills Ltd,Active,X ,10.00,INE523I01016,Equity,,,,,
531439,AION TECH SOLUTIONS LIMITED,GOLDTECH,Aion-Tech Solutions Ltd,Active,T ,10.00,INE805A01014,Equity,,,,,
531441,Lyons Corporate Market Ltd.,LYONSCO,Lyons Corporate Market Ltd,Active,X ,10.00,INE100F01019,Equity,,,,,
531449,GRM Overseas Ltd.,GRMOVER,GRM Overseas Ltd,Active,B ,2.00,INE192H01020,Equity,,,,,
531453,Mohit Industries Limited,MOHITIND,Mohit Industries Ltd-$,Active,B ,10.00,INE954E01012,Equity,,,,,
531454,Polylink Polymers (india) Ltd.,POLYLINK,Polylink Polymers India Ltd,Active,X ,5.00,INE323D01020,Equity,,,,,
531456,Minaxi Textiles Ltd.,MINAXI,Minaxi Textiles Ltd,Active,X ,1.00,INE952C01028,Equity,,,,,
531458,BOSTON COMMERCE LIMITED,BOSTON,Boston Commerce Ltd,Active,X ,10.00,INE109B01019,Equity,,,,,
531460,Continental Controls Ltd.,CONTICON,Continental Controls Ltd,Active,XT,10.00,INE545B01022,Equity,,,,,
531463,Global Infratech & Finance limited,GBLINFRA,Global Infratech & Finance Ltd,Active,XT,10.00,INE377M01043,Equity,,,,,
531465,Nouveau Global Ventures Limited,NOUVEAU,Nouveau Global Ventures Ltd,Active,XT,1.00,INE317B01042,Equity,,,,,
531471,Duke Offshore Ltd.,DUKEOFS,Duke Offshore Ltd,Active,XT,10.00,INE397G01019,Equity,,,,,
531472,Cybele  Industries Limited,CYBELEIND,Cybele Industries Ltd,Active,X ,10.00,INE183D01010,Equity,,,,,
531486,Filmcity Media Ltd.,FILME,Filmcity Media Ltd,Active,X ,1.00,INE600B01033,Equity,,,,,
531489,Cg-Vak Software & Exports Ltd.,CGVAK,CG Vak Software & Exports Ltd,Active,B ,10.00,INE084D01010,Equity,,,,,
531494,NAVKAR URBANSTRUCTURE LIMITED,NAVKARURB,Navkar Urbanstructure Ltd,Active,B ,1.00,INE268H01044,Equity,,,,,
531495,Blue Coast Hotels Ltd,BLUECOAST,Blue Coast Hotels Ltd,Active,B ,10.00,INE472B01011,Equity,,,,,
531497,Madhucon Projects Ltd.,MADHUCON,Madhucon Projects Ltd-$,Active,B ,1.00,INE378D01032,Equity,,,,,
531500,Rajesh Exports Ltd.,RAJESHEXPO,Rajesh Exports Ltd,Active,Z ,1.00,INE343B01030,Equity,,,,,
531502,Esaar (India) Ltd.,ESARIND,Esaar India Ltd,Active,X ,10.00,INE404L01039,Equity,,,,,
531503,Maris Spinners Ltd.,MARIS,Maris Spinners Ltd-$,Active,X ,10.00,INE866D01010,Equity,,,,,
531505,Indergiri Finance ltd.,INDERGR,Indergiri Finance Ltd,Active,XT,10.00,INE628F01019,Equity,,,,,
531506,Shukra Bullions Limited,SKRABUL,Shukra Bullions Ltd,Active,X ,10.00,INE561E01015,Equity,,,,,
531508,Eveready Industries India Ltd.,EVEREADY,Eveready Industries India Ltd,Active,B ,5.00,INE128A01029,Equity,,,,,
531509,Step Two Corporation Ltd.,STEP2COR,Step Two Corporation Ltd,Active,XT,10.00,INE623D01015,Equity,,,,,
531512,Orient Tradelink Ltd.,ORIENTTR,Orient Tradelink Ltd,Active,X ,10.00,INE681D01039,Equity,,,,,
531515,Mahan Industries Ltd.,MAHANIN,Mahan Industries Ltd,Active,XT,10.00,INE735D01041,Equity,,,,,
531518,VIKAS PROPPANT & GRANITE LTD.,VIKASPROP,Vikas Proppant & Granite Ltd,Active,Z ,1.00,INE767B01022,Equity,,,,,
531521,Desh Rakshak Aushdhalaya Ltd.,DESHRAK,Desh Rakshak Aushdhalaya Ltd,Active,P ,10.00,INE971E01016,Equity,,,,,
531525,Ace Software Exports ltd.,ACESOFT,ACE Software Exports Ltd-$,Active,XT,10.00,INE849B01010,Equity,,,,,
531529,Softrak Venture Investments Ltd.,SOFTRAKV,Softrak Venture Investment Ltd,Active,XT,1.00,INE562E01021,Equity,,,,,
531530,Betala Global Securities Ltd.,BETALA,Betala Global Securities Ltd,Active,X ,10.00,INE658E01027,Equity,,,,,
531531,Hatsun Agro Products Ltd.,HATSUN,Hatsun Agro Product Ltd,Active,A ,1.00,INE473B01035,Equity,,,,,
531533,ACCEDERE LIMITED,ACCEDERE,Accedere Ltd,Active,X ,10.00,INE578B01015,Equity,,,,,
531537,MIZZEN VENTURES LIMITED,MIZVEN,Mizzen Ventures Ltd,Active,XT,10.00,INE681K01026,Equity,,,,,
531539,Rishabh Digha Steel And Allied Prod,RISHDIGA,Rishabh Digha Steel & Allied Products Ltd-$,Active,X ,10.00,INE864D01015,Equity,,,,,
531540,Maruti Infrastructure Ltd.,MAINFRA,Maruti Infrastructure Ltd,Active,X ,2.00,INE392G01028,Equity,,,,,
531541,KOBO BIOTECH LIMITED,KOBO,Kobo Biotech Ltd-$,Active,Z ,10.00,INE881A01015,Equity,,,,,
531543,Jindal Worldwide Ltd.,JINDWORLD,Jindal Worldwide Ltd,Active,B ,1.00,INE247D01039,Equity,,,,,
531548,Somany Ceramics Limited,SOMANYCERA,Somany Ceramics Ltd,Active,B ,2.00,INE355A01028,Equity,,,,,
531550,Jhaveri Credits & Capital Ltd.,JHACC,Jhaveri Credits & Capital Ltd,Active,X ,10.00,INE865D01012,Equity,,,,,
531552,Raghunath Tobacco Co. Ltd.,RAGHUTOB,Raghunath Tobacco Company Ltd,Active,X ,10.00,INE754B01012,Equity,,,,,
531553,DISHA RESOURCES LIMITED,DRL,Disha Resources Ltd,Active,XT,10.00,INE193D01019,Equity,,,,,
531556,Coral India Finance And Housing Ltd,CORALFINAC,Coral India Finance & Housing Ltd,Active,B ,2.00,INE558D01021,Equity,,,,,
531557,Amit Securities Ltd.,AMITSEC,Amit Securities Ltd,Active,X ,10.00,INE137E01014,Equity,,,,,
531562,Pushpsons Industries Ltd.,PUSHPIN,Pushpsons Industries Ltd,Active,Y ,10.00,NA          ,Equity,,,,,
531569,Sanjivani Paranteral Ltd.,SANJIVIN,Sanjivani Paranteral Ltd,Active,X ,10.00,INE860D01013,Equity,,,,,
531572,Ranjit Securities Ltd.,RANJITSE,Ranjit Securities Ltd,Active,XT,10.00,INE863D01017,Equity,,,,,
531574,Vas Infrastructure  Ltd.,VASINFRA,Vas Infrastructure Ltd,Active,XT,10.00,INE192C01013,Equity,,,,,
531578,KMF Builders & Developers Ltd.,KMFBLDR,KMF Builders & Developers Ltd,Active,X ,5.00,INE580H01026,Equity,,,,,
531582,Beryl Securities Ltd,BERYLSE,Beryl Securities Ltd,Active,X ,10.00,INE508J01015,Equity,,,,,
531583,RAP CORP LIMITED,RAP,Rap Corp Ltd,Active,X ,10.00,INE483D01014,Equity,,,,,
531585,Devine Impex Limited,DEVINE,Devine Impex Ltd,Active,X ,10.00,INE455C01014,Equity,,,,,
531591,Bampsl Securities Ltd.,BAMPSL,Bampsl Securities Ltd,Active,X ,10.00,INE802A01037,Equity,,,,,
531592,GENPHARMASEC LIMITED,GENPHARMA,Genpharmasec Ltd,Active,X ,1.00,INE861N01036,Equity,,,,,
531594,Incon Engineers Ltd.,INCON,Incon Engineers Ltd,Active,XT,10.00,INE507D01010,Equity,,,,,
531595,Capri Global Capital Limited,CGCL,Capri Global Capital Ltd,Active,A ,1.00,INE180C01042,Equity,,,,,
531597,Midland Polymers Ltd.,MIDPOLY,Midland Polymers Ltd,Active,XT,10.00,INE046M01036,Equity,,,,,
531599,FDC Ltd.,FDC,FDC Ltd,Active,B ,1.00,INE258B01022,Equity,,,,,
531600,GOGIA CAPITAL GROWTH LIMITED,GOGIACAPGL,Gogia Capital Growth Ltd,Active,X ,10.00,INE832C01014,Equity,,,,,
531608,Gorani Industries Ltd.,GORANIN,Gorani Industries Ltd,Active,X ,10.00,INE792J01015,Equity,,,,,
531609,KG Petrochem Ltd.,KGPETRO,KG Petrochem Ltd,Active,X ,10.00,INE902G01016,Equity,,,,,
531610,UFM Industries Ltd,UFMINDL,UFM Industries Ltd,Active,XT,10.00,INE832E01010,Equity,,,,,
531613,Meyer Apparel Limited,MAL,Meyer Apparel Ltd,Active,XT,3.00,INE100C01024,Equity,,,,,
531624,Country Condo's Ltd,COUNCODOS,Country Condos Ltd,Active,T ,1.00,INE695B01025,Equity,,,,,
531626,Orosil Smiths India Limited,OROSMITHS,Orosil Smiths India Ltd-$,Active,X ,1.00,INE628B01034,Equity,,,,,
531628,TEJASSVI AAHARAM LIMITED,TEJASSVI,Tejassvi Aaharam Ltd,Active,XT,10.00,INE173E01019,Equity,,,,,
531633,Lincoln Pharmaceuticals ltd.,LINCOLN,Lincoln Pharmaceuticals Ltd,Active,B ,10.00,INE405C01035,Equity,,,,,
531635,Silver Oak (India) Ltd.,SILVOAK,Silver Oak India Ltd,Active,X ,10.00,INE870J01019,Equity,,,,,
531637,PRAVEG LIMITED,PRAVEG,Praveg Ltd,Active,B ,10.00,INE722B01019,Equity,,,,,
531638,Suraj Ltd.,SURAJLTD,Suraj Ltd-$,Active,B ,10.00,INE713C01016,Equity,,,,,
531640,Suvidha Infraestate Corporation Limited,SICL,Suvidha Infraestate Corporation Ltd,Active,P ,10.00,INE936N01010,Equity,,,,,
531642,Marico Limited,MARICO,Marico Ltd,Active,A ,1.00,INE196A01026,Equity,,,,,
531644,Tokyo Finance Ltd.,TOKYOFIN,Tokyo Finance Ltd,Active,X ,10.00,INE546D01018,Equity,,,,,
531651,National General Industries Ltd.,NATGENI,National General Industries Ltd,Active,X ,10.00,INE654H01011,Equity,,,,,
531652,UVS HOSPITALITY AND SERVICES LIMITED,UVS,UVS Hospitality And Services Ltd,Active,X ,10.00,INE528C01018,Equity,,,,,
531658,ABATE AS INDUSTRIES LIMITED,ABATEAS,Abate As Industries Ltd,Active,X ,10.00,INE454E01013,Equity,,,,,
531661,Hittco Tools Ltd.,HITTCO,Hittco Tools Ltd,Active,XT,10.00,INE863C01019,Equity,,,,,
531663,YUVRAAJ HYGIENE PRODUCTS LTD,YUVRAAJHPL,Yuvraaj Hygiene Products Ltd,Active,X ,1.00,INE139D01020,Equity,,,,,
531667,RR METALMAKERS INDIA LIMITED,RRMETAL,RR MetalMakers India Ltd,Active,XT,10.00,INE117K01013,Equity,,,,,
531668,Vision Corporation Ltd.,VISIONCO,Vision Corporation Ltd,Active,XT,10.00,INE661D01015,Equity,,,,,
531671,Karnawati Innovation Limited,KARNAWATI,Karnawati Innovation Ltd,Active,X ,1.00,INE214D01021,Equity,,,,,
531673,Anka India Ltd.,ANKIN,Anka India Ltd,Active,X ,10.00,INE067C01025,Equity,,,,,
531676,EMROCK CORPORATION LIMITED,EMROCK,Emrock Corporation Ltd,Active,XT,10.00,INE554H01021,Equity,,,,,
531680,Mayur Leather Products Ltd.,MAYUR,Mayur Leather Products Ltd,Active,XT,10.00,INE799E01011,Equity,,,,,
531681,AMERISE BIOSCIENCES LIMITED,AMERISE,Amerise Biosciences Ltd,Active,XT,1.00,INE673C01020,Equity,,,,,
531685,Frontline Financial Services Ltd.,FRONTFN,Frontline Financial Services Ltd,Active,XT,10.00,INE776R01011,Equity,,,,,
531688,Prithvi Exchange (India) Limited,PRITHVIEXCH,Prithvi Exchange (India) Ltd,Active,X ,10.00,INE621B01021,Equity,,,,,
531692,Khyati Multimedia-Entertainment Ltd,KHYATI,Khyati Multimedia Entertainment Ltd,Active,XT,10.00,INE593B01030,Equity,,,,,
531694,Rainbow Foundations Ltd,RAINBOWF,Rainbow Foundations Ltd,Active,X ,10.00,INE230F01014,Equity,,,,,
531696,VSD Confin ltd.,VSDCONF,VSD Confin Ltd,Active,XT,10.00,INE489F01016,Equity,,,,,
531716,Tricom Fruit Products Limited,TRICOMFRU,Tricom Fruit Products Ltd,Active,XT,10.00,INE843F01014,Equity,,,,,
531717,Vidhi Specialty Food Ingredients Limited,VIDHIING,Vidhi Specialty Food Ingredients Ltd-$,Active,B ,1.00,INE632C01026,Equity,,,,,
531719,Bhagiradha Chemicals and Industries,BHAGCHEM,Bhagiradha Chemicals & Industries Ltd,Active,B ,1.00,INE414D01027,Equity,,,,,
531723,GACM Technologies Limited,GATECH,GACM Technologies Ltd,Active,T ,1.00,INE224E01028,Equity,,,,,
531726,Panchsheel Organic Ltd.,PANCHSHEEL,Panchsheel Organics Ltd,Active,X ,10.00,INE316G01019,Equity,,,,,
531727,Menon Pistons Ltd.,MENNPIS,Menon Pistons Ltd,Active,T ,1.00,INE650G01029,Equity,,,,,
531735,Prism Finance Ltd.,PRISMFN,Prism Finance Ltd,Active,P ,10.00,INE429Q01019,Equity,,,,,
531737,Greencrest Financial Services Limited,GREENCREST,Greencrest Financial Services Ltd,Active,X ,1.00,INE414C01045,Equity,,,,,
531739,Gennex Laboratories Ltd,GENNEX,Gennex Laboratories Ltd,Active,X ,1.00,INE509C01026,Equity,,,,,
531743,Hira Automobiles Ltd.,HIRAUTO,Hira Automobiles Ltd,Active,P ,10.00,INE258Z01013,Equity,,,,,
531744,Gini Silk Mills Ltd.,GINISILK,Gini Silk Mills Ltd-$,Active,X ,10.00,INE548B01018,Equity,,,,,
531746,Prajay Engineers Syndicate Ltd.,PRAENG,Prajay Engineers Syndicate Ltd,Active,B ,10.00,INE505C01016,Equity,,,,,
531752,BIOGEN PHARMACHEM INDUSTRIES LIMITED,BIOGEN,Biogen Pharmachem Industries Ltd,Active,X ,1.00,INE703D01023,Equity,,,,,
531758,G.k.Consultants Ltd.,GKCONS,GK Consultants Ltd,Active,X ,10.00,INE131D01019,Equity,,,,,
531761,APOLLO PIPES LIMITED,APOLLOPIPE,Apollo Pipes Ltd,Active,B ,10.00,INE126J01016,Equity,,,,,
531762,Unjha Formulations Ltd.,UNJHAFOR,Unjha Formulations Ltd,Active,XT,10.00,INE576D01015,Equity,,,,,
531768,Poly Medicure Ltd,POLYMED,Poly Medicure Ltd,Active,A ,5.00,INE205C01021,Equity,,,,,
531769,PFL Infotech Ltd.,PFLINFOTC,PFL Infotech Ltd,Active,X ,10.00,INE600F01018,Equity,,,,,
531771,SHRADDHA PRIME PROJECTS LTD,SHRADDHA,Shraddha Prime Projects Ltd,Active,B ,10.00,INE311M01018,Equity,,,,,
531778,Kachchh Minerals Ltd.,KACHCHH,Kachchh Minerals Ltd,Active,X ,10.00,INE059E01010,Equity,,,,,
531779,Padmanabh Alloys & Polymers Ltd.,PADALPO,Padmanabh Alloys & Polymers Ltd,Active,X ,10.00,INE630U01014,Equity,,,,,
531780,Kaiser Corporation Limited,KACL,Kaiser Corporation Ltd,Active,X ,1.00,INE229G01022,Equity,,,,,
531784,KCL Infra Projects Limited,KCLINFRA,KCL Infra Projects Ltd,Active,X ,2.00,INE469F01026,Equity,,,,,
531795,Atul Auto Limited,ATULAUTO,Atul Auto Ltd-$,Active,B ,5.00,INE951D01028,Equity,,,,,
531797,Scan Projects Ltd,SCANPRO,Scan Projects Ltd,Active,X ,10.00,INE393D01015,Equity,,,,,
531802,Prerna Infrabuild Limited,PRERINFRA,Prerna Infrabuild Ltd,Active,X ,10.00,INE426H01014,Equity,,,,,
531810,Metal Coatings (India) Ltd.,METALCO,Metal Coatings India Ltd,Active,X ,10.00,INE161E01014,Equity,,,,,
531812,SGN Telecoms Ltd.,SGNTE,SGN Telecoms Ltd,Active,X ,1.00,INE266C01023,Equity,,,,,
531813,Ganga Papers India Ltd,GANGAPA,Ganga Papers India Ltd,Active,XT,10.00,INE278O01015,Equity,,,,,
531814,Tirupati Sarjan Ltd.,TIRSARJ,Tirupati Sarjan Ltd,Active,X ,5.00,INE297J01023,Equity,,,,,
531821,Munoth Financial Services Ltd.,MUNOTHFI,Munoth Financial Services Ltd,Active,XT,10.00,INE348D01019,Equity,,,,,
531822,Rodium Realty Limited,RODIUM,Rodium Realty Ltd,Active,X ,10.00,INE513E01024,Equity,,,,,
531832,Nagarjuna Agritech Ltd.,NAGTECH,Nagarjuna Agri Tech Ltd,Active,X ,10.00,INE793H01017,Equity,,,,,
531834,Natura Hue Chem Ltd.,NATHUEC,Natura Hue Chem Ltd,Active,XT,10.00,INE487B01019,Equity,,,,,
531840,IEC Education Limited,IECEDU,IEC Education Ltd,Active,X ,10.00,INE172B01017,Equity,,,,,
531841,Indus Finance Limited,INDUSFINL,Indus Finance Ltd,Active,XT,10.00,INE935D01013,Equity,,,,,
531842,Lahoti Overseas Ltd.,LAHOTIOV,Lahoti Overseas Ltd-$,Active,B ,2.00,INE515C01023,Equity,,,,,
531845,ZENITH STEEL PIPES AND  INDUSTRIES LIMITED,ZENITHSTL,Zenith Steel Pipes & Industries Ltd-$,Active,B ,10.00,INE318D01020,Equity,,,,,
531846,Trinity League India Limited,TRINITYLEA,Trinity League India Ltd,Active,X ,10.00,INE884X01011,Equity,,,,,
531847,Asian Star Co. Ltd.,ASTAR,Asian Star Company Ltd-$,Active,B ,10.00,INE194D01017,Equity,,,,,
531859,ORIENTAL RAIL INFRASTRUCTURE LIMITED,ORIRAIL,Oriental Rail Infrastructure Ltd,Active,B ,1.00,INE457G01029,Equity,,,,,
531861,Joindre Capital Services Ltd.,JOINDRE,Joindre Capital Services Ltd,Active,X ,10.00,INE024B01010,Equity,,,,,
531862,Bharat Agri Fert and Realty Ltd,BHARATAGRI,Bharat Agri Fert & Realty Ltd,Active,X ,1.00,INE842D01029,Equity,,,,,
531867,Unitech International Ltd,UNITINT,Unitech International Ltd,Active,Z ,10.00,INE929K01011,Equity,,,,,
531869,Sacheta Metals Ltd.,SACHEMT,Sacheta Metals Ltd,Active,X ,2.00,INE433G01020,Equity,,,,,
531870,Popular Estate Management Ltd,POPULARES,Popular Estate Management Ltd,Active,X ,10.00,INE370C01015,Equity,,,,,
531878,Anjani Finance Ltd,ANJANIFIN,Anjani Finance Ltd,Active,X ,10.00,INE283D01018,Equity,,,,,
531885,SVA India Ltd,SVAINDIA,SVA India Ltd,Active,P ,10.00,INE763K01014,Equity,,,,,
531888,Rexnord Electronics & Controls Ltd.,REXNORD,Rexnord Electronics & Controls Ltd,Active,X ,10.00,INE687C01012,Equity,,,,,
531889,NURTURE WELL INDUSTRIES LIMITED,NWIL,Nurture Well Industries Ltd,Active,X ,1.00,INE882B01037,Equity,,,,,
531892,Khandwala Securities Ltd.,KHANDSE,Khandwala Securities Ltd,Active,B ,10.00,INE060B01014,Equity,,,,,
531893,SAWACA ENTERPRISES LIMITED,SAWACA,Sawaca Enterprises Ltd,Active,X ,1.00,INE248B01023,Equity,,,,,
531900,CCL International Ltd,CCLINTER,CCL International Ltd,Active,X ,10.00,INE778E01031,Equity,,,,,
531902,Gallops Enterprise  Limited,GALLOPENT,Gallops Enterprise Ltd,Active,XT,10.00,INE755J01012,Equity,,,,,
531909,CROISSANCE LIMITED,CROISSANCE,Croissance Ltd,Active,XT,1.00,INE587J01027,Equity,,,,,
531910,JOJO LIMITED,JOJO,JOJO Ltd,Active,XT,5.00,INE312M01024,Equity,,,,,
531911,Galaxy Agrico Exports Ltd.,GALAGEX,Galaxy Agrico Exports Ltd,Active,XT,10.00,INE803L01016,Equity,,,,,
531913,CASTORA AGRI COMMODITIES LIMITED,CASTORA,Castora Agri Commodities Ltd,Active,X ,10.00,INE641H01018,Equity,,,,,
531918,Hindustan Appliances Ltd,HINDAPL,Hindustan Appliances Ltd,Active,X ,10.00,INE02XD01011,Equity,,,,,
531921,Agarwal Industrial Corporation Limited,AGARIND,Agarwal Industrial Corporation Ltd,Active,B ,10.00,INE204E01012,Equity,,,,,
531923,Dhampure Speciality Sugars Ltd.,DHAMPURE,Dhampure Specialty Sugars Ltd,Active,X ,10.00,INE956B01013,Equity,,,,,
531925,Shantanu Sheorey Aquakult ltd.,SHAQUAK,Shantanu Sheorey Aquakult Ltd,Active,X ,10.00,INE545N01019,Equity,,,,,
531928,Golden Carpets Limited.,GOLCA,Golden Carpets Ltd,Active,X ,10.00,INE595D01015,Equity,,,,,
531930,Sarthak Industries Ltd.,SARTHAKIND,Sarthak Industries Ltd,Active,X ,10.00,INE074H01012,Equity,,,,,
531931,Sai Capital Ltd.,SAICAPI,Sai Capital Ltd,Active,B ,10.00,INE531X01018,Equity,,,,,
531944,LEXORAA INDUSTRIES LIMITED,LEXORAA,Lexoraa Industries Ltd,Active,X ,10.00,INE185D01015,Equity,,,,,
531946,Chadha Papers Ltd.,CHADPAP,Chadha Papers Ltd,Active,X ,10.00,INE669W01018,Equity,,,,,
531950,Vertex Securities Ltd.,VERTEX,Vertex Securities Ltd,Active,X ,2.00,INE316D01024,Equity,,,,,
531952,Riba Textiles Ltd.,RIBATEX,Riba Textiles Ltd,Active,XT,10.00,INE811H01017,Equity,,,,,
531959,Newtime Infrastructure Limited,NEWINFRA,Newtime Infrastructure Ltd,Active,X ,1.00,INE997D01021,Equity,,,,,
531962,Shree Metalloys Limited,SHREMETAL,Shree Metalloys Ltd,Active,X ,10.00,INE914B01012,Equity,,,,,
531968,IITL PROJECTS LIMITED,IITLPROJ,IITL Projects Ltd,Active,XT,10.00,INE786E01018,Equity,,,,,
531971,POPEES BABY CARE INDIA LIMITED,POPEES,Popees Baby Care India Ltd,Active,XT,10.00,INE167F01018,Equity,,,,,
531977,Chartered Logistics Ltd,CHLOGIST,Chartered Logistics Ltd,Active,XT,1.00,INE558F01026,Equity,,,,,
531978,Ambika Cotton Mills Ltd.,AMBIKCO,Ambika Cotton Mills Ltd,Active,B ,10.00,INE540G01014,Equity,,,,,
531979,HIND ALUMINIUM INDUSTRIES LTD.,HINDALUMI,Hind Aluminium Industries Ltd-$,Active,B ,10.00,INE227B01019,Equity,,,,,
531982,Spectrum Foods Limited,SPECFOOD,Spectrum Foods Ltd,Active,X ,10.00,INE547C01018,Equity,,,,,
531989,Deccan Polypacks Ltd,DECPO,Deccan Polypacks Ltd,Active,X ,10.00,INE132E01015,Equity,,,,,
531991,Amraworld Agrico Ltd.,AMRAAGRI,Amraworld Agrico Ltd,Active,X ,1.00,INE735C01027,Equity,,,,,
531994,Auto Pins (India) Ltd.,AUTOPINS,Auto Pins (India) Ltd,Active,XT,10.00,INE706C01028,Equity,,,,,
531996,Odyssey Corporation Ltd.,ODYCORP,Odyssey Corporation Ltd,Active,B ,5.00,INE839E01023,Equity,,,,,
531997,IKOMA TECHNOLOGIES LIMITED,IKOMA,Ikoma Technologies Ltd,Active,XT,10.00,INE164D01010,Equity,,,,,
532001,Inducto Steels ltd.,INDCTST,Inducto Steel Ltd,Active,X ,10.00,INE146H01018,Equity,,,,,
532005,Sam Industries Ltd.,SAMINDUS,Sam Industries Ltd,Active,X ,10.00,INE653D01012,Equity,,,,,
532007,Shree Vatsaa Finance & Leasing Ltd.,SHVFL,Shree Vatsaa Finance & leasing Ltd,Active,X ,10.00,INE981C01019,Equity,,,,,
532011,VASHU BHAGNANI INDUSTRIES LIMITED,POOJAENT,Vashu Bhagnani Industries Ltd,Active,X ,10.00,INE147C01017,Equity,,,,,
532015,Gravity (India) Ltd.,GRAVITY,Gravity India Ltd-$,Active,X ,10.00,INE995A01013,Equity,,,,,
532016,ESPIRE HOSPITALITY LIMITED,ESPIRE,Espire Hospitality Limited,Active,X ,10.00,INE176O01011,Equity,,,,,
532019,LCC Infotech Ltd.,LCCINFOTEC,LCC Infotech Ltd,Active,B ,2.00,INE938A01021,Equity,,,,,
532022,Filatex Fashions Ltd,FILATFASH,Filatex Fashions Ltd,Active,B ,1.00,INE185E01021,Equity,,,,,
532024,AARCON FACILITIES LIMITED,AARCON,Aarcon Facilities Ltd,Active,P ,10.00,INE056J01015,Equity,,,,,
532029,Sindhu Trade Links Limited,SINDHUTRAD,Sindhu Trade Links Ltd,Active,B ,1.00,INE325D01025,Equity,,,,,
532039,Zenotech Laboratories Limited,ZENOTECH,Zenotech Laboratories Ltd,Active,X ,10.00,INE486F01012,Equity,,,,,
532041,Hindustan Bio Sciences Ltd.,HINDBIO,Hindustan Bio Sciences Ltd,Active,XT,2.00,INE597C01021,Equity,,,,,
532042,Frontline Corporation Limited,FRONTCORP,Frontline Corporation Ltd,Active,X ,10.00,INE092D01013,Equity,,,,,
532051,Swelect Energy Systems Limited,SWELECTES,Swelect Energy Systems Ltd-$,Active,B ,10.00,INE409B01013,Equity,,,,,
532053,Wallfort Financial Services Ltd.,WALLFORT,Wallfort Financial Services Ltd,Active,X ,10.00,INE121B01014,Equity,,,,,
532054,KDDL Ltd,KDDL,KDDL Ltd-$,Active,B ,10.00,INE291D01011,Equity,,,,,
532056,Trustedge Capital Limited,TRUSTEDGE,Trustedge Capital Ltd,Active,X ,10.00,INE398H01015,Equity,,,,,
532057,Abhinav Capital Services Limited,ABHICAP,Abhinav Capital Services Ltd,Active,X ,10.00,INE516F01016,Equity,,,,,
532067,3B BlackBio Dx Limited,3BBLACKBIO,3B BlackBio Dx Ltd,Active,B ,10.00,INE994E01018,Equity,,,,,
532070,GUJJUBHAI INDUSTRIES LIMITED,GUJJUBHAI,Gujjubhai Industries Ltd,Active,X ,10.00,INE311N01016,Equity,,,,,
532078,MONIND LIMITED,MONIND,Monind Ltd,Active,X ,10.00,INE407E01029,Equity,,,,,
532083,Shri Kalyan Holdings Ltd.,SHKALYN,Shri Kalyan Holdings Ltd,Active,XT,10.00,INE079N01019,Equity,,,,,
532090,Atvo Enterprises Limited,ATVOENT,Atvo Enterprises Ltd,Active,X ,1.00,INE219M01021,Equity,,,,,
532092,EPUJA SPIRITECH LIMITED,EPUJA,Epuja Spiritech Ltd,Active,X ,1.00,INE807D01030,Equity,,,,,
532100,Indo-City Infotech Ltd.,INDOCITY,Indo City Infotech Ltd-$,Active,X ,10.00,INE456B01014,Equity,,,,,
532102,SBEC Sugar Ltd.,SBECSUG,SBEC Sugar Ltd,Active,X ,10.00,INE948G01019,Equity,,,,,
532113,Brijlaxmi Leasing & Finance ltd.,BRIJLEAS,Brijlaxmi Leasing & Finance Ltd,Active,X ,10.00,INE957E01031,Equity,,,,,
532123,BSEL ALGO LIMITED,BSELALGO,BSEL Algo Ltd,Active,X ,10.00,INE395A01016,Equity,,,,,
532124,Reliable Ventures India Ltd,RELIABVEN,Reliable Ventures India Ltd,Active,XT,10.00,INE419H01019,Equity,,,,,
532131,Triumph International Finance India,TRIUMPIN,Triumph International Finance India Ltd,Active,X ,10.00,INE382B01012,Equity,,,,,
532134,Bank Of Baroda,BANKBARODA,Bank of Baroda,Active,A ,2.00,INE028A01039,Equity,,,,,
532138,SMC Credits ltd.,SMCREDT,SMC Credits Ltd,Active,XT,10.00,INE440E01012,Equity,,,,,
532140,Mohite Industries Limited,MOHITE,Mohite Industries Ltd,Active,B ,1.00,INE154B01023,Equity,,,,,
532141,Andhra Cement Ltd.,ACL,Andhra Cements Ltd,Active,B ,10.00,INE666E01020,Equity,,,,,
532143,SKM Egg Products Exports (India) Lt,SKMEGGPROD,SKM Egg Products Export (India) Ltd,Active,B ,5.00,INE411D01023,Equity,,,,,
532144,Welspun Corp Limited,WELCORP,Welspun Corp Ltd,Active,A ,5.00,INE191B01025,Equity,,,,,
532145,H.S.India Ltd.,HOTLSILV,H S India Ltd,Active,X ,10.00,INE731B01010,Equity,,,,,
532149,Bank of India,BANKINDIA,Bank of India,Active,A ,10.00,INE084A01016,Equity,,,,,
532150,Indraprastha Medical Corporation Lt,INDRAMEDCO,Indraprastha Medical Corporation Ltd,Active,A ,10.00,INE681B01017,Equity,,,,,
532154,JOHNSON PHARMACARE LIMITED,JOHNPHARMA,Johnson Pharmacare Ltd,Active,X ,1.00,INE560F01022,Equity,,,,,
532155,Gail (India) Ltd.,GAIL,Gail (India) Ltd,Active,A ,10.00,INE129A01019,Equity,,,,,
532156,Vaibhav Global Ltd,VAIBHAVGBL,Vaibhav Global Ltd,Active,B ,2.00,INE884A01027,Equity,,,,,
532159,TRESCON LIMITED,TRESCON,Trescon Ltd,Active,X ,10.00,INE088D01011,Equity,,,,,
532160,Gujarat State Financial corporation,GUJSTATFIN,Gujarat State Financial Corporation,Active,B ,10.00,INE944A01011,Equity,,,,,
532162,JK Paper Ltd.,JKPAPER,JK Paper Ltd,Active,A ,10.00,INE789E01012,Equity,,,,,
532163,Saregama India Ltd.,SAREGAMA,Saregama India Ltd,Active,A ,1.00,INE979A01025,Equity,,,,,
532167,Omkar Pharmachem Ltd.,OMKARPH,Omkar Pharmachem Ltd,Active,X ,10.00,INE501C01015,Equity,,,,,
532172,Adroit Infotech Limited,ADROITINFO,Adroit Infotech Ltd,Active,B ,10.00,INE737B01033,Equity,,,,,
532173,Cybertech Systems and Software Ltd.,CYBERTECH,CyberTech Systems and Software Ltd,Active,T ,10.00,INE214A01019,Equity,,,,,
532174,ICICI Bank Ltd.,ICICIBANK,ICICI Bank Ltd,Active,A ,2.00,INE090A01021,Equity,,,,,
532175,Cyient Limited,CYIENT,Cyient Ltd,Active,A ,5.00,INE136B01020,Equity,,,,,
532178,Engineers India Ltd.,ENGINERSIN,Engineers India Ltd,Active,A ,5.00,INE510A01028,Equity,,,,,
532180,Dhanlaxmi Bank Limited,DHANBANK,Dhanlaxmi Bank Ltd,Active,B ,10.00,INE680A01011,Equity,,,,,
532181,Gujarat Mineral Development Corpora,GMDCLTD,Gujarat Mineral Development Corporation Ltd,Active,A ,2.00,INE131A01031,Equity,,,,,
532183,Gayatri Sugars Ltd.,GAYATRI,Gayatri Sugars Ltd,Active,X ,10.00,INE622E01023,Equity,,,,,
532187,IndusInd Bank Ltd.,INDUSINDBK,Indusind Bank Ltd,Active,A ,10.00,INE095A01012,Equity,,,,,
532189,India Tourism Development Corporati,ITDC,India Tourism Development Corporation Ltd,Active,B ,10.00,INE353K01014,Equity,,,,,
532209,Jammu and Kashmir Bank Ltd.,J&KBANK,Jammu & Kashmir Bank Ltd,Active,A ,1.00,INE168A01041,Equity,,,,,
532210,CITY UNION BANK LIMITED,CUB,City Union Bank Ltd,Active,A ,1.00,INE491A01021,Equity,,,,,
532212,Archies Ltd.,ARCHIES,Archies Ltd,Active,B ,2.00,INE731A01020,Equity,,,,,
532215,AXIS Bank Ltd.,AXISBANK,AXIS Bank Ltd,Active,A ,2.00,INE238A01034,Equity,,,,,
532216,HB Stockholdings Ltd.,HBSL,HB Stockholdings Ltd,Active,B ,10.00,INE550B01022,Equity,,,,,
532217,CMX HOLDINGS LIMITED,CMXLTD,CMX Holdings Ltd,Active,XT,10.00,INE027F01014,Equity,,,,,
532218,South Indian Bank Ltd.,SOUTHBANK,South Indian Bank Ltd,Active,A ,1.00,INE683A01023,Equity,,,,,
532219,Energy Development Company Ltd.,ENERGYDEV,Energy Development Company Ltd,Active,B ,10.00,INE306C01019,Equity,,,,,
532221,Sonata Software Ltd.,SONATSOFTW,Sonata Software Ltd,Active,A ,1.00,INE269A01021,Equity,,,,,
532230,Bengal Tea & fabrics Ltd.,BENGALT,Bengal Tea & Fabrics Ltd,Active,X ,10.00,INE665D01016,Equity,,,,,
532234,National Aluminium Co. Ltd.,NATIONALUM,National Aluminium Company Ltd,Active,A ,5.00,INE139A01034,Equity,,,,,
532240,India Nippon Electricals Ltd,INDNIPPON,India Nippon Electricals Ltd,Active,B ,5.00,INE092B01025,Equity,,,,,
532256,Nalwa Sons Investment Ltd,NSIL,Nalwa Sons Investments Ltd,Active,B ,10.00,INE023A01030,Equity,,,,,
532259,Apar Industries Ltd,APARINDS,Apar Industries Ltd,Active,A ,10.00,INE372A01015,Equity,,,,,
532262,TCI Industries Ltd.,TCIIND,TCI Industries Ltd,Active,X ,10.00,INE920B01019,Equity,,,,,
532268,ACCELYA SOLUTIONS INDIA LIMITED,ACCELYA,Accelya Solutions India Ltd,Active,B ,10.00,INE793A01012,Equity,,,,,
532271,ORCHASP LIMITED,ORCHASP,Orchasp Ltd,Active,B ,2.00,INE215B01022,Equity,,,,,
532275,Landmarc Leisure Corporation Ltd.,LANDMARC,Landmarc Leisure Corporation Ltd,Active,X ,1.00,INE394C01023,Equity,,,,,
532281,HCL Technologies Ltd,HCLTECH,HCL Technologies Ltd,Active,A ,2.00,INE860A01027,Equity,,,,,
532284,TCFC Finance Ltd,TCFCFINQ,TCFC Finance Ltd,Active,X ,10.00,INE389D01013,Equity,,,,,
532285,Geojit Financial Services Limited,GEOJITFSL,Geojit Financial Services Ltd,Active,B ,1.00,INE007B01023,Equity,,,,,
532286,JINDAL STEEL LIMITED,JINDALSTEL,Jindal Steel Ltd,Active,A ,1.00,INE749A01030,Equity,,,,,
532290,BLB Limited,BLBLIMITED,BLB Ltd,Active,B ,1.00,INE791A01024,Equity,,,,,
532296,Glenmark Pharmaceuticals ltd,GLENMARK,Glenmark Pharmaceuticals Ltd,Active,A ,1.00,INE935A01035,Equity,,,,,
532300,Wockhardt Ltd,WOCKPHARMA,Wockhardt Ltd,Active,A ,5.00,INE049B01025,Equity,,,,,
532303,Integrated Hi-tech ltd.,INTEGHIT,Integrated Hitech Ltd,Active,X ,10.00,INE934A01012,Equity,,,,,
532304,KJMC Corporate Advisors (India) Ltd.,KJMCCORP,KJMC Corporate Advisors (India) Ltd,Active,X ,10.00,INE602C01011,Equity,,,,,
532305,Ind-Swift Laboratories Ltd.,INDSWFTLAB,Ind-Swift Laboratories Ltd,Active,B ,10.00,INE915B01019,Equity,,,,,
532309,GE Power India Limited,GVPIL,GE Power India Ltd,Active,B ,10.00,INE878A01011,Equity,,,,,
532310,Shree Rama Multi-tech Ltd.,SHREERAMA,Shree Rama Multi-Tech Ltd,Active,B ,5.00,INE879A01019,Equity,,,,,
532313,Mahindra Lifespace Developers Ltd.,MAHLIFE,Mahindra Lifespace Developers Ltd,Active,A ,10.00,INE813A01018,Equity,,,,,
532315,GROARC INDUSTRIES INDIA LIMITED,GROARC,Groarc Industries India Ltd,Active,X ,10.00,INE042B01012,Equity,,,,,
532320,Vaarad Ventures Ltd,VAARAD,Vaarad Ventures Ltd,Active,X ,1.00,INE418B01048,Equity,,,,,
532321,Zydus Lifesciences Limited,ZYDUSLIFE,Zydus Lifesciences Ltd,Active,A ,1.00,INE010B01027,Equity,,,,,
532323,Shiva Cement Ltd.,SHIVACEM,Shiva Cement Ltd,Active,B ,2.00,INE555C01029,Equity,,,,,
532324,Cinevista Limited,CINEVISTA,Cinevista Ltd,Active,B ,2.00,INE039B01026,Equity,,,,,
532326,Intense Technologies,INTENTECH,Intense Technologies Ltd-$,Active,B ,2.00,INE781A01025,Equity,,,,,
532329,Danlaw Technologies India Ltd.,DANLAW,Danlaw Technologies India Ltd-$,Active,XT,10.00,INE310B01013,Equity,,,,,
532331,Ajanta Pharma Ltd.,AJANTPHARM,Ajanta Pharma Ltd,Active,A ,2.00,INE031B01049,Equity,,,,,
532332,Cura Technologies Limited,CURAA,Cura Technologies Ltd,Active,T ,10.00,INE117B01020,Equity,,,,,
532333,HB Portfolio Ltd.,HBPOR,HB Portfolio Ltd,Active,B ,10.00,INE638B01025,Equity,,,,,
532334,HB Estate Developers Ltd.,HBESD,HB Estate Developers Ltd,Active,B ,10.00,INE640B01021,Equity,,,,,
532335,Ambica Agarbathies & Aroma Ind. Ltd.,AMBICAAGAR,Ambica Agarbathies & Aroma Industries Ltd,Active,B ,10.00,INE792B01012,Equity,,,,,
532339,Compucom Software Lt.,COMPUSOFT,Compucom Software Ltd-$,Active,B ,2.00,INE453B01029,Equity,,,,,
532340,Omni Axs Software Ltd.,OMNIAX,Omni AXs Software Ltd,Active,X ,10.00,INE369B01019,Equity,,,,,
532341,IZMO Limited,IZMO,IZMO Ltd-$,Active,B ,10.00,INE848A01014,Equity,,,,,
532343,TVS Motor Company Ltd.,TVSMOTOR,TVS Motor Company Ltd,Active,A ,1.00,INE494B01023,Equity,,,,,
532344,MADALA HOLDINGS LIMITED,MADALA,Madala Holdings Ltd,Active,X ,10.00,INE002B01016,Equity,,,,,
532348,Subex  Ltd,SUBEXLTD,Subex Ltd,Active,B ,5.00,INE754A01055,Equity,,,,,
532349,Transport Corporation of India Ltd,TCI,Transport Corporation of India Ltd,Active,B ,2.00,INE688A01022,Equity,,,,,
532350,Padmalaya Telefilms Ltd.,PADMALAYAT,Padmalaya Telefilms Ltd,Active,Z ,10.00,INE243B01016,Equity,,,,,
532351,Aksh Optifibre Ltd.,AKSHOPTFBR,Aksh Optifibre Ltd,Active,T ,5.00,INE523B01011,Equity,,,,,
532354,Virgo Global Limited,VIRGOGLOB,Virgo Global Ltd,Active,XT,4.00,INE400B01020,Equity,,,,,
532355,Picturehouse Media Limited,PICTUREHS,Picturehouse Media Ltd,Active,X ,10.00,INE448B01029,Equity,,,,,
532356,Triveni Engineering & Industries Ltd,TRIVENI,Triveni Engineering & Industries Ltd,Active,A ,1.00,INE256C01024,Equity,,,,,
532357,Mukta Arts Ltd.,MUKTAARTS,Mukta Arts Ltd,Active,T ,5.00,INE374B01019,Equity,,,,,
532359,Hit Kit Global Solutions Ltd,HITKITGLO,Hit Kit Global Solutions Ltd,Active,X ,2.00,INE309B01023,Equity,,,,,
532362,Nagpur Power & Industries Ltd,NAGPI,Nagpur Power & Industries Ltd,Active,X ,10.00,INE099E01016,Equity,,,,,
532365,Dynacons Systems & Solutions Ltd.,DSSL,Dynacons Systems & Solutions Ltd,Active,B ,10.00,INE417B01040,Equity,,,,,
532366,PNB Gilts Ltd,PNBGILTS,PNB Gilts Ltd,Active,B ,10.00,INE859A01011,Equity,,,,,
532368,BRIGHTCOM GROUP LIMITED,BCG,Brightcom Group Ltd,Active,B ,2.00,INE425B01027,Equity,,,,,
532369,Ramco Industries Ltd,RAMCOIND,Ramco Industries Ltd,Active,B ,1.00,INE614A01028,Equity,,,,,
532370,Ramco Systems Ltd,RAMCOSYS,Ramco Systems Ltd,Active,B ,10.00,INE246B01019,Equity,,,,,
532371,Tata Teleservices (Maharashtra) Ltd.,TTML,Tata Teleservices (Maharashtra) Ltd,Active,A ,10.00,INE517B01013,Equity,,,,,
532372,Virinchi Limited,VIRINCHI,Virinchi Ltd,Active,B ,10.00,INE539B01017,Equity,,,,,
532373,WEP Solutions Ltd,WEPSOLN,WEP Solutions Ltd,Active,X ,10.00,INE434B01029,Equity,,,,,
532374,Sterlite Technologies Limited.,STLTECH,Sterlite Technologies Ltd,Active,T ,2.00,INE089C01029,Equity,,,,,
532375,TIPS MUSIC LIMITED,TIPSMUSIC,Tips Music Ltd,Active,A ,1.00,INE716B01029,Equity,,,,,
532376,UMIYA BUILDCON LIMITED,UMIYA-MRO,Umiya Buildcon Ltd,Active,B ,5.00,INE398B01018,Equity,,,,,
532378,Universal Arts Ltd,UNIVARTS,Universal Arts Ltd,Active,X ,10.00,INE464B01018,Equity,,,,,
532379,FIRST FINTEC LIMITED,FIRSTFIN,First Fintec Ltd,Active,XT,10.00,INE683B01047,Equity,,,,,
532380,Baba Arts Ltd,BABA,Baba Arts Ltd-$,Active,X ,1.00,INE893A01036,Equity,,,,,
532382,Balaji Telefilms Ltd.,BALAJITELE,Balaji Telefilms Ltd,Active,B ,2.00,INE794B01026,Equity,,,,,
532384,Tyche Industries Ltd.,TYCHE,Tyche Industries Ltd,Active,X ,10.00,INE443B01012,Equity,,,,,
532386,California Software Co. Ltd.,CALSOFT,California Software Company Ltd,Active,T ,10.00,INE526B01014,Equity,,,,,
532387,PNC Media and Entertainment Limited,PNC,PNC Media and Entertainment Ltd,Active,B ,10.00,INE392B01011,Equity,,,,,
532388,Indian Overseas Bank,IOB,Indian Overseas Bank,Active,A ,10.00,INE565A01014,Equity,,,,,
532390,Taj GVK Hotels & Resorts Ltd.,TAJGVK,Taj Gvk Hotels & Resorts Ltd,Active,B ,2.00,INE586B01026,Equity,,,,,
532392,Creative Eye Ltd.,CREATIVEYE,Creative Eye Ltd,Active,B ,5.00,INE230B01021,Equity,,,,,
532395,AXISCADES TECHNOLOGIES LIMITED,AXISCADES,Axiscades Technologies Ltd,Active,B ,5.00,INE555B01013,Equity,,,,,
532397,KONNDOR INDUSTRIES LIMITED,KONNDOR,Konndor Industries Ltd,Active,XT,10.00,INE971A01014,Equity,,,,,
532398,Usha Martin Education & Solutions Limited,UMESLTD,Usha Martin Education & Solutions Ltd,Active,B ,1.00,INE240C01028,Equity,,,,,
532400,BIRLASOFT LIMITED,BSOFT,Birlasoft Ltd,Active,A ,2.00,INE836A01035,Equity,,,,,
532402,USG Tech Solutions Ltd,USGTECH,USG Tech Solutions Ltd,Active,X ,10.00,INE718B01017,Equity,,,,,
532404,Saven Technologies Ltd.,7TEC,Saven Technologies Ltd,Active,X ,1.00,INE856B01023,Equity,,,,,
532406,Avantel Limited,AVANTEL,Avantel Ltd,Active,A ,2.00,INE005B01027,Equity,,,,,
532407,MOSCHIP TECHNOLOGIES LIMITED,MOSCHIP,Moschip Technologies Ltd,Active,A ,2.00,INE935B01025,Equity,,,,,
532408,SIGMA ADVANCED SYSTEMS LIMITED,SIGMAADV,Sigma Advanced Systems Ltd,Active,T ,10.00,INE933B01012,Equity,,,,,
532410,Transcorp International Ltd.,TRANSCOR,Transcorp International Ltd,Active,B ,2.00,INE330E01023,Equity,,,,,
532416,Next Mediaworks Ltd,NEXTMEDIA,Next Mediaworks Ltd,Active,B ,10.00,INE747B01016,Equity,,,,,
532419,Smartlink Holdings Limited,SMARTLINK,Smartlink Holdings Ltd,Active,T ,2.00,INE178C01020,Equity,,,,,
532424,Godrej Consumer Products Ltd.,GODREJCP,Godrej Consumer Products Ltd,Active,A ,1.00,INE102D01028,Equity,,,,,
532425,GENUS PRIME INFRA LIMITED,GENUSPRIME,Genus Prime Infra Ltd,Active,XT,2.00,INE256D01014,Equity,,,,,
532430,BF Utilities Ltd.,BFUTILITIE,BF Utilities Ltd-$,Active,B ,5.00,INE243D01012,Equity,,,,,
532432,United Spirits Limited,UNITDSPR,United Spirits Ltd,Active,A ,2.00,INE854D01024,Equity,,,,,
532435,Sanmit Infra Limited,SANINFRA,Sanmit Infra Ltd,Active,XT,10.00,INE799C01049,Equity,,,,,
532439,OLECTRA GREENTECH LIMITED,OLECTRA,Olectra Greentech Ltd,Active,A ,4.00,INE260D01016,Equity,,,,,
532440,MPS Limited,MPSLTD,MPS Ltd,Active,B ,10.00,INE943D01017,Equity,,,,,
532443,Cera Sanitaryware Ltd.,CERA,Cera Sanitaryware Ltd,Active,A ,5.00,INE739E01017,Equity,,,,,
532444,T. Spiritual World Ltd.,TSPIRITUAL,T Spiritual World Ltd,Active,X ,10.00,INE541C01037,Equity,,,,,
532454,Bharti Airtel  Ltd.,BHARTIARTL,Bharti Airtel Ltd,Active,A ,5.00,INE397D01024,Equity,,,,,
532455,Shalimar Wires Industries Ltd.,SHALIWIR,Shalimar Wires Industries Ltd,Active,X ,2.00,INE655D01025,Equity,,,,,
532456,Compuage Infocom Ltd,COMPINFO,Compuage Infocom Ltd,Active,Z ,2.00,INE070C01037,Equity,,,,,
532457,Gulshan Polyols Ltd.,GULPOLY,Gulshan Polyols Ltd,Active,B ,1.00,INE255D01024,Equity,,,,,
532460,Ponni Sugars (Erode) Ltd.,PONNIERODE,Ponni Sugars (Erode) Ltd,Active,B ,10.00,INE838E01017,Equity,,,,,
532461,Punjab National Bank,PNB,Punjab National Bank,Active,A ,2.00,INE160A01022,Equity,,,,,
532466,Oracle Financial Services Software Limited,OFSS,Oracle Financial Services Software Ltd,Active,A ,5.00,INE881D01027,Equity,,,,,
532467,Hazoor Multi Projects Limited,HAZOOR,Hazoor Multi Projects Ltd-$,Active,B ,1.00,INE550F01049,Equity,,,,,
532468,Kama Holdings Limited,KAMAHOLD,Kama Holdings Ltd-$,Active,B ,10.00,INE411F01010,Equity,,,,,
532470,MPF Systems Limited,MPFSL,MPF Systems Ltd,Active,XT,10.00,INE095E01022,Equity,,,,,
532475,Aptech Ltd.,APTECHT,Aptech Ltd,Active,B ,10.00,INE266F01018,Equity,,,,,
532477,Union Bank of India,UNIONBANK,Union Bank of India,Active,A ,10.00,INE692A01016,Equity,,,,,
532478,United Breweries Ltd.,UBL,United Breweries Ltd-$,Active,A ,1.00,INE686F01025,Equity,,,,,
532481,Noida Toll Bridge Company Ltd,NOIDATOLL,Noida Toll Bridge Company Ltd,Active,B ,10.00,INE781B01015,Equity,,,,,
532482,Granules India Ltd.,GRANULES,Granules India Ltd-$,Active,A ,1.00,INE101D01020,Equity,,,,,
532483,Canara Bank,CANBK,Canara Bank,Active,A ,2.00,INE476A01022,Equity,,,,,
532485,Balmer Lawrie Investments Ltd.,BLIL,Balmer Lawrie Investments Ltd,Active,B ,1.00,INE525F01025,Equity,,,,,
532486,Pokarna Ltd.,POKARNA,Pokarna Ltd,Active,B ,2.00,INE637C01025,Equity,,,,,
532488,Divi's Laboratories Ltd.,DIVISLAB,Divis Laboratories Ltd,Active,A ,2.00,INE361B01024,Equity,,,,,
532493,Astra Microwave Products Ltd.,ASTRAMICRO,Astra Microwave Products Ltd,Active,A ,2.00,INE386C01029,Equity,,,,,
532497,Radico Khaitan Ltd.,RADICO,Radico Khaitan Ltd,Active,A ,2.00,INE944F01028,Equity,,,,,
532500,Maruti Suzuki India  Ltd.,MARUTI,Maruti Suzuki India Ltd,Active,A ,5.00,INE585B01010,Equity,,,,,
532503,Rajapalayam Mills Limited,RAJPALAYAM,Rajapalayam Mills Ltd-$,Active,B ,10.00,INE296E01026,Equity,,,,,
532504,Navin Fluorine International Limited,NAVINFLUOR,Navin Fluorine International Ltd-$,Active,A ,2.00,INE048G01026,Equity,,,,,
532505,UCO Bank,UCOBANK,UCO Bank,Active,A ,10.00,INE691A01018,Equity,,,,,
532507,B.A.G. Films & Media Ltd,BAGFILMS,B.A.G. Films and Media Ltd,Active,B ,2.00,INE116D01028,Equity,,,,,
532508,Jindal Stainless Limited,JSL,Jindal Stainless Ltd,Active,A ,2.00,INE220G01021,Equity,,,,,
532509,Suprajit Engineering Ltd.,SUPRAJIT,Suprajit Engineering Ltd-$,Active,A ,1.00,INE399C01030,Equity,,,,,
532513,TVS Electronics Ltd.,TVSELECT,TVS Electronics Ltd,Active,B ,10.00,INE236G01019,Equity,,,,,
532514,Indraprashtha Gas Ltd.,IGL,Indraprastha Gas Ltd,Active,A ,2.00,INE203G01027,Equity,,,,,
532515,T.V.Today Network Limited,TVTODAY,TV Today Network Ltd,Active,B ,5.00,INE038F01029,Equity,,,,,
532521,Palred Technologies Limited,PALREDTEC,Palred Technologies Ltd,Active,B ,10.00,INE218G01033,Equity,,,,,
532522,PETRONET LNG LTD.,PETRONET,Petronet LNG Ltd,Active,A ,10.00,INE347G01014,Equity,,,,,
532523,Biocon Ltd.,BIOCON,Biocon Ltd,Active,A ,5.00,INE376G01013,Equity,,,,,
532524,PTC India Ltd,PTC,PTC India Ltd,Active,A ,10.00,INE877F01012,Equity,,,,,
532525,Bank of maharashtra,MAHABANK,Bank of Maharashtra,Active,A ,10.00,INE457A01014,Equity,,,,,
532527,ramkrishna forgings Ltd.,RKFORGE,Ramkrishna Forgings Ltd,Active,A ,2.00,INE399G01023,Equity,,,,,
532528,Datamatics Global Services Limited,DATAMATICS,Datamatics Global Services Ltd,Active,A ,5.00,INE365B01017,Equity,,,,,
532529,New Delhi Television Limited,NDTV,New Delhi Television Ltd,Active,B ,4.00,INE155G01029,Equity,,,,,
532531,STRIDES PHARMA SCIENCE LIMITED,STAR,Strides Pharma Science Ltd,Active,A ,10.00,INE939A01011,Equity,,,,,
532538,UltraTech Cement Ltd,ULTRACEMCO,UltraTech Cement Ltd,Active,A ,10.00,INE481G01011,Equity,,,,,
532539,UNO Minda Limited,UNOMINDA,UNO Minda Ltd-$,Active,A ,2.00,INE405E01023,Equity,,,,,
532540,Tata Consultancy Services Ltd.,TCS,Tata Consultancy Services Ltd,Active,A ,1.00,INE467B01029,Equity,,,,,
532541,COFORGE LIMITED,COFORGE,Coforge Ltd,Active,A ,2.00,INE591G01025,Equity,,,,,
532543,GP Petroleums Limited,GULFPETRO,GP Petroleums Ltd,Active,T ,5.00,INE586G01017,Equity,,,,,
532548,Century Plyboards (India) Ltd.,CENTURYPLY,Century Plyboards (India) Ltd-$,Active,A ,1.00,INE348B01021,Equity,,,,,
532553,Welspun Enterprises Limited,WELENT,Welspun Enterprises Ltd,Active,A ,10.00,INE625G01013,Equity,,,,,
532555,NTPC Limited,NTPC,NTPC Ltd,Active,A ,10.00,INE733E01010,Equity,,,,,
532604,S.A.L. Steel Ltd.,SALSTEEL,S.A.L. Steel Ltd,Active,B ,10.00,INE658G01014,Equity,,,,,
532605,JBM Auto Limited,JBMA,JBM Auto Ltd,Active,A ,1.00,INE927D01051,Equity,,,,,
532610,Dwarikesh Sugar Industries Ltd.,DWARKESH,Dwarikesh Sugar Industries Ltd,Active,B ,1.00,INE366A01041,Equity,,,,,
532612,Indoco Remedies Ltd.,INDOCO,Indoco Remedies Ltd,Active,B ,2.00,INE873D01024,Equity,,,,,
532613,VIP Clothing Limited,VIPCLOTHNG,VIP Clothing Ltd,Active,B ,2.00,INE450G01024,Equity,,,,,
532614,Impex Ferro tech Ltd.,IMPEXFERRO,Impex Ferro Tech Ltd,Active,Z ,10.00,INE691G01015,Equity,,,,,
532616,Xchanging Solutions Limited,XCHANGING,Xchanging Solutions Ltd,Active,B ,10.00,INE692G01013,Equity,,,,,
532624,Jindal Photo Limited,JINDALPHOT,Jindal Photo Ltd,Active,B ,10.00,INE796G01012,Equity,,,,,
532626,Pondy Oxides & Chemicals Limited,POCL,Pondy Oxides & Chemicals Ltd,Active,A ,2.00,INE063E01061,Equity,,,,,
532627,Jaiprakash Power Ventures Limited,JPPOWER,Jaiprakash Power Ventures Ltd,Active,A ,10.00,INE351F01018,Equity,,,,,
532628,3i Infotech limited,3IINFOLTD,3i Infotech Ltd,Active,T ,10.00,INE748C01038,Equity,,,,,
532629,McNally Bharat Engineering Company Limited,MBECL,McNally Bharat Engineering Company Ltd,Active,T ,10.00,INE748A01024,Equity,,,,,
532630,Gokaldas Exports Ltd,GOKEX,Gokaldas Exports Ltd,Active,A ,5.00,INE887G01027,Equity,,,,,
532633,Alldigi Tech Limited,ALLDIGI,Alldigi Tech Ltd,Active,B ,10.00,INE835G01018,Equity,,,,,
532636,IIFL FINANCE LIMITED ,IIFL,IIFL Finance Ltd,Active,A ,2.00,INE530B01024,Equity,,,,,
532637,Mangalam Drugs and Organics Ltd.,MANGALAM,Mangalam Drugs & Organics Ltd,Active,B ,10.00,INE584F01014,Equity,,,,,
532638,Shoppers Stop Ltd,SHOPERSTOP,Shoppers Stop Ltd,Active,B ,5.00,INE498B01024,Equity,,,,,
532640,Cyber Media (India) Ltd.,CYBERMEDIA,Cyber Media India Ltd,Active,T ,10.00,INE278G01037,Equity,,,,,
532641,Nandan Denim Limited,NDL,Nandan Denim Ltd,Active,B ,1.00,INE875G01048,Equity,,,,,
532642,JSW Holdings Limited,JSWHL,JSW Holdings Ltd,Active,A ,10.00,INE824G01012,Equity,,,,,
532644,J.K. CEMENT LTD,JKCEMENT,JK Cement Ltd,Active,A ,10.00,INE823G01014,Equity,,,,,
532645,Beeyu Overseas Ltd.,BEEYU,Beeyu Overseas Ltd,Active,X ,10.00,INE052B01011,Equity,,,,,
532648,Yes Bank Ltd.,YESBANK,Yes Bank Ltd,Active,A ,2.00,INE528G01035,Equity,,,,,
532649,Nectar Lifesciences Limited,NECLIFE,Nectar Lifesciences Ltd,Active,B ,1.00,INE023H01027,Equity,,,,,
532650,MSP STEEL & POWER LTD.,MSPL,MSP Steel & Power Ltd,Active,B ,10.00,INE752G01015,Equity,,,,,
532651,SPL INDUSTRIES LIMITED,SPLIL,SPL Industries Ltd,Active,B ,10.00,INE978G01016,Equity,,,,,
532652,Karnataka Bank Ltd.,KTKBANK,Karnataka Bank Ltd,Active,A ,10.00,INE614B01018,Equity,,,,,
532654,McLeod Russel India Limited,MCLEODRUSS,Mcleod Russel India Ltd,Active,B ,5.00,INE942G01012,Equity,,,,,
532656,FACOR Alloys Limited,FACORALL,Facor Alloys Ltd,Active,X ,1.00,INE828G01013,Equity,,,,,
532660,Vivimed Labs Ltd.,VIVIMEDLAB,Vivimed Labs Ltd,Active,T ,2.00,INE526G01021,Equity,,,,,
532661,Rane (Madras)  Ltd.,RML,Rane (Madras) Ltd,Active,B ,10.00,INE050H01012,Equity,,,,,
532662,HT MEDIA LIMITED,HTMEDIA,HT Media Ltd,Active,B ,2.00,INE501G01024,Equity,,,,,
532663,Sasken Technologies Limited,SASKEN,Sasken Technologies Ltd,Active,B ,10.00,INE231F01020,Equity,,,,,
532666,FCS Software Solutions Ltd.,FCSSOFT,FCS Software Solutions Ltd,Active,B ,1.00,INE512B01022,Equity,,,,,
532667,SUZLON ENERGY LTD.,SUZLON,Suzlon Energy Ltd,Active,A ,2.00,INE040H01021,Equity,,,,,
532668,Aurionpro Solutions Ltd.,AURIONPRO,Aurionpro Solutions Ltd,Active,A ,10.00,INE132H01018,Equity,,,,,
532670,Shree Renuka Sugars Ltd.,RENUKA,Shree Renuka Sugars Ltd,Active,A ,1.00,INE087H01022,Equity,,,,,
532673,K. M. Sugar Mills Ltd.,KMSUGAR,K M Sugar Mills Ltd,Active,B ,2.00,INE157H01023,Equity,,,,,
532674,Bannari Amman Spinning Mills Ltd,BASML,Bannari Amman Spinning Mills Ltd,Active,T ,5.00,INE186H01022,Equity,,,,,
532676,PBA INFRASTRUCTURE LTD.,PBAINFRA,PBA Infrastructure Ltd,Active,XT,10.00,INE160H01019,Equity,,,,,
532683,AIA Engineering Ltd.,AIAENG,AIA Engineering Ltd,Active,A ,2.00,INE212H01026,Equity,,,,,
532684,Everest Kanto Cylinders Ltd.,EKC,Everest Kanto Cylinder Ltd,Active,B ,2.00,INE184H01027,Equity,,,,,
532686,Kernex Microsystems (India) Ltd.,KERNEX,Kernex Microsystems India Ltd,Active,B ,10.00,INE202H01019,Equity,,,,,
532687,Repro India Ltd.,REPRO,Repro India Ltd,Active,B ,10.00,INE461B01014,Equity,,,,,
532689,PVR INOX LIMITED,PVRINOX,PVR Inox Ltd,Active,A ,10.00,INE191H01014,Equity,,,,,
532694,Avio Smart Market Stack Limited,ASMS,Avio Smart Market Stack Ltd,Active,B ,1.00,INE855F01042,Equity,,,,,
532695,Celebrity Fashions Ltd.,CELEBRITY,Celebrity Fashions Ltd,Active,B ,10.00,INE185H01016,Equity,,,,,
532698,Nitin Spinners Ltd.,NITINSPIN,Nitin Spinners Ltd,Active,B ,10.00,INE229H01012,Equity,,,,,
532699,Royal Orchid Hotels Ltd,ROHLTD,Royal Orchid Hotels Ltd,Active,B ,10.00,INE283H01019,Equity,,,,,
532700,Entertainment Network (India) Ltd,ENIL,Entertainment Network (India) Ltd,Active,B ,10.00,INE265F01028,Equity,,,,,
532701,CELLA SPACE LIMITED,CELLA,Cella Space Ltd,Active,Z ,10.00,INE266H01014,Equity,,,,,
532705,Jagran Prakashan Limited,JAGRAN,Jagran Prakashan Ltd,Active,B ,2.00,INE199G01027,Equity,,,,,
532707,Dynemic Products Ltd.,DYNPRO,Dynemic Products Ltd,Active,B ,10.00,INE256H01015,Equity,,,,,
532708,GVK Power & Infrastructure Ltd,GVKPIL,GVK Power & Infrastructure Ltd,Active,T ,1.00,INE251H01024,Equity,,,,,
532710,Sadbhav Engineering Ltd.,SADBHAV,Sadbhav Engineering Ltd,Active,B ,1.00,INE226H01026,Equity,,,,,
532712,Reliance Communications Limited,RCOM,Reliance Communications Ltd,Active,T ,5.00,INE330H01018,Equity,,,,,
532713,Sakuma Exports Ltd.,SAKUMA,Sakuma Exports Ltd,Active,B ,1.00,INE190H01024,Equity,,,,,
532714,KEC International Ltd.,KEC,KEC International Ltd,Active,A ,2.00,INE389H01022,Equity,,,,,
532716,Gillanders Arbuthnot & Co. Ltd.,GILLANDERS,Gillanders Arbuthnot & Company Ltd,Active,B ,10.00,INE047B01011,Equity,,,,,
532717,Indo Tech Transformers Limited,INDOTECH,Indo Tech Transformers Ltd,Active,B ,10.00,INE332H01014,Equity,,,,,
532719,B L Kashyap and Sons Ltd,BLKASHYAP,B. L. Kashyap and Sons Ltd,Active,B ,1.00,INE350H01032,Equity,,,,,
532720,Mahindra & Mahindra Financial Services Limited,M&MFIN,Mahindra & Mahindra Financial Services Ltd,Active,A ,2.00,INE774D01024,Equity,,,,,
532721,VISA Chrome Limited,VISACHROME,VISA Chrome Ltd,Active,B ,10.00,INE286H01012,Equity,,,,,
532722,Nitco Ltd.,NITCO,Nitco Ltd,Active,B ,10.00,INE858F01012,Equity,,,,,
532723,MPDL LIMITED,MPDL,MPDL Ltd,Active,T ,10.00,INE493H01014,Equity,,,,,
532725,Solar Industries India Limited,SOLARINDS,Solar Industries India Ltd,Active,A ,2.00,INE343H01029,Equity,,,,,
532726,GALLANTT ISPAT LIMITED,GALLANTT,Gallantt Ispat Ltd,Active,A ,10.00,INE297H01019,Equity,,,,,
532728,Malu Paper Mills Limited,MALUPAPER,Malu Paper Mills Ltd,Active,B ,10.00,INE383H01017,Equity,,,,,
532729,Uttam Sugar Mills Ltd,UTTAMSUGAR,Uttam Sugar Mills Ltd,Active,B ,10.00,INE786F01031,Equity,,,,,
532730,STL Global Ltd,SGL,STL Global Ltd,Active,B ,10.00,INE353H01010,Equity,,,,,
532732,Kewal Kiran Clothing Ltd.,KKCL,Kewal Kiran Clothing Ltd,Active,B ,10.00,INE401H01017,Equity,,,,,
532733,SUN TV NETWORK LIMITED,SUNTV,Sun TV Network Ltd,Active,A ,5.00,INE424H01027,Equity,,,,,
532734,GODAWARI POWER AND ISPAT LTD.,GPIL,Godawari Power and Ispat Ltd,Active,A ,1.00,INE177H01039,Equity,,,,,
532735,R Systems International Limited,RSYSTEMS,R Systems International Ltd,Active,B ,1.00,INE411H01032,Equity,,,,,
532737,Emkay Global Financial Services Ltd,EMKAY,Emkay Global Financial Services Ltd,Active,B ,10.00,INE296H01011,Equity,,,,,
532738,TWAMEV CONSTRUCTION AND INFRASTRUCTURE LIMITED,TICL,Twamev Construction And Infrastructure Ltd,Active,T ,1.00,INE388G01026,Equity,,,,,
532740,Lokesh Machines Limited,LOKESHMACH,Lokesh Machines Ltd,Active,B ,10.00,INE397H01017,Equity,,,,,
532741,Kamdhenu Limited,KAMDHENU,Kamdhenu Ltd,Active,B ,1.00,INE390H01020,Equity,,,,,
532742,PAUSHAK LIMITED (formerly known as Darshak Limited),PAUSHAKLTD,Paushak Ltd,Active,B ,5.00,INE111F01024,Equity,,,,,
532744,GTN Textiles Ltd. (formerly known as GTN Industries Ltd.),GTNTEX,GTN Textiles Ltd,Active,X ,10.00,INE302H01017,Equity,,,,,
532748,Prime Focus Limited,PFOCUS,Prime Focus Ltd,Active,B ,1.00,INE367G01038,Equity,,,,,
532749,Allcargo Logistics Ltd,ALLCARGO,Allcargo Logistics Ltd,Active,B ,2.00,INE418H01029,Equity,,,,,
532754,GMR Airports Limited,GMRAIRPORT,GMR Airports Ltd,Active,A ,1.00,INE776C01039,Equity,,,,,
532755,Tech Mahindra Limited,TECHM,Tech Mahindra Ltd,Active,A ,5.00,INE669C01036,Equity,,,,,
532756,CIE Automotive India Limited,CIEINDIA,CIE Automotive India Ltd,Active,A ,10.00,INE536H01010,Equity,,,,,
532757,VOLTAMP TRANSFORMERS LIMITED,VOLTAMP,Voltamp Transformers Ltd,Active,A ,10.00,INE540H01012,Equity,,,,,
532759,ATLANTAA LIMITED,ATLANTAA,Atlantaa Ltd,Active,B ,2.00,INE285H01022,Equity,,,,,
532761,HANDSON GLOBAL MANAGEMENT (HGM) LIMITED,HGM,HandsOn Global Management (HGM)Ltd,Active,B ,10.00,INE596H01014,Equity,,,,,
532762,Action Construction Equipments Ltd.,ACE,Action Construction Equipment Ltd,Active,A ,2.00,INE731H01025,Equity,,,,,
532764,GeeCee Ventures Limited,GEECEE,GeeCee Ventures Ltd,Active,T ,10.00,INE916G01016,Equity,,,,,
532767,Gayatri Projects Limited,GAYAPROJ,Gayatri Projects Ltd,Active,B ,2.00,INE336H01023,Equity,,,,,
532768,FIEM INDUSTRIES LIMITED,FIEMIND,Fiem Industries Ltd,Active,B ,10.00,INE737H01014,Equity,,,,,
532771,JHS Svendgaard Laboratories Ltd.,JHS,JHS Svendgaard Laboratories Ltd,Active,B ,10.00,INE544H01014,Equity,,,,,
532772,DCB Bank Limited,DCBBANK,DCB Bank Ltd,Active,A ,10.00,INE503A01015,Equity,,,,,
532773,Global Vectra Helicorp Ltd.,GLOBALVECT,Global Vectra Helicorp Ltd,Active,B ,10.00,INE792H01019,Equity,,,,,
532774,Inspirisys Solutions Limited,INSPIRISYS,Inspirisys Solutions Ltd,Active,B ,10.00,INE020G01017,Equity,,,,,
532775,GTL Infrastructure Limited,GTLINFRA,GTL Infrastructure Ltd,Active,B ,10.00,INE221H01019,Equity,,,,,
532776,SHIVAM AUTOTECH LIMITED,SHIVAMAUTO,Shivam Autotech Ltd,Active,B ,2.00,INE637H01024,Equity,,,,,
532777,Info Edge(India) Ltd.,NAUKRI,Info Edge (India) Ltd,Active,A ,2.00,INE663F01032,Equity,,,,,
532779,TORRENT POWER LIMITED,TORNTPOWER,Torrent Power Ltd,Active,A ,10.00,INE813H01021,Equity,,,,,
532780,Parsvnath Developers Ltd.,PARSVNATH,Parsvnath Developers Ltd,Active,T ,5.00,INE561H01026,Equity,,,,,
532782,SUTLEJ TEXTILES & INDUSTRIES LIMITED,SUTLEJTEX,Sutlej Textiles and Industries Ltd,Active,T ,1.00,INE645H01027,Equity,,,,,
532783,LT Foods Limited,LTFOODS,LT Foods Ltd,Active,A ,1.00,INE818H01020,Equity,,,,,
532784,Sobha Limited,SOBHA,Sobha Ltd,Active,A ,10.00,INE671H01015,Equity,,,,,
532785,Ruchira Papers Ltd,RUCHIRA,Ruchira Papers Ltd,Active,B ,10.00,INE803H01014,Equity,,,,,
532790,TANLA PLATFORMS LIMITED,TANLA,Tanla Platforms Ltd,Active,A ,1.00,INE483C01032,Equity,,,,,
532794,Zee Media Corporation Limited,ZEEMEDIA,Zee Media Corporation Ltd,Active,B ,1.00,INE966H01019,Equity,,,,,
532795,Siti Networks Limited,SITINET,Siti Networks Ltd,Active,Z ,1.00,INE965H01011,Equity,,,,,
532796,Lumax Auto Technologies Ltd.,LUMAXTECH,Lumax Auto Technologies Ltd,Active,A ,2.00,INE872H01027,Equity,,,,,
532797,AUTOLINE INDUSTRIES LTD.,AUTOIND,Autoline Industries Ltd,Active,B ,10.00,INE718H01014,Equity,,,,,
532798,Network 18 Media & Investments Limited,NETWORK18,Network 18 Media & Investments Ltd,Active,A ,5.00,INE870H01013,Equity,,,,,
532799,Hubtown Limited,HUBTOWN,Hubtown Ltd,Active,A ,10.00,INE703H01016,Equity,,,,,
532801,Cambridge Technology Enterprises Ltd.,CTE,Cambridge Technology Enterprises Ltd,Active,T ,10.00,INE627H01017,Equity,,,,,
532804,Technocraft Industries (India) Ltd.,TIIL,Technocraft Industries (India) Ltd,Active,B ,10.00,INE545H01011,Equity,,,,,
532805,Redington Limited,REDINGTON,Redington Ltd,Active,A ,2.00,INE891D01026,Equity,,,,,
532806,AI CHAMPDANY INDUSTRIES LIMITED,AICHAMP,AI Champdany Industries Ltd,Active,XT,5.00,INE768E01024,Equity,,,,,
532807,Cineline India Limited,CINELINE,Cineline India Ltd,Active,B ,5.00,INE704H01022,Equity,,,,,
532808,Pearl Global Industries Limited,PGIL,Pearl Global Industries Ltd,Active,A ,5.00,INE940H01022,Equity,,,,,
532809,Firstsource Solutions Ltd.,FSL,Firstsource Solutions Ltd,Active,A ,10.00,INE684F01012,Equity,,,,,
532810,Power Finance Corporation Ltd,PFC,Power Finance Corporation Ltd,Active,A ,10.00,INE134E01011,Equity,,,,,
532811,Ahluwalia Contracts (India) Ltd,AHLUCONT,Ahluwalia Contracts (India) Ltd,Active,A ,2.00,INE758C01029,Equity,,,,,
532812,Transwarranty Finance Limited,TFL,Transwarranty Finance Ltd,Active,B ,10.00,INE804H01012,Equity,,,,,
532814,Indian Bank,INDIANB,Indian Bank,Active,A ,10.00,INE562A01011,Equity,,,,,
532815,SMS Pharmaceuticals Ltd,SMSPHARMA,SMS Pharmaceuticals Ltd,Active,B ,1.00,INE812G01025,Equity,,,,,
532817,Oriental Trimex Limited,ORIENTALTL,Oriental Trimex Ltd,Active,B ,10.00,INE998H01012,Equity,,,,,
532820,E-Land Apparel Limited,ELAND,E-Land Apparel Ltd,Active,X ,10.00,INE311H01018,Equity,,,,,
532822,VODAFONE IDEA  LIMITED,IDEA,Vodafone Idea Ltd,Active,A ,10.00,INE669E01016,Equity,,,,,
532825,JAGJANANI TEXTILES LIMITED,JAGJANANI,Jagjanani Textiles Ltd,Active,XT,10.00,INE702H01018,Equity,,,,,
532826,Raj Television Network Ltd,RAJTV,Raj Television Network Ltd,Active,B ,5.00,INE952H01027,Equity,,,,,
532827,Page Industries Ltd.,PAGEIND,Page Industries Ltd,Active,A ,10.00,INE761H01022,Equity,,,,,
532828,AMD Industries Ltd,AMDIND,AMD Industries Ltd,Active,T ,10.00,INE005I01014,Equity,,,,,
532829,LEHAR FOOTWEARS LIMITED,LEHAR,Lehar Footwears Ltd,Active,X ,10.00,INE976H01018,Equity,,,,,
532830,ASTRAL LIMITED,ASTRAL,Astral Ltd,Active,A ,1.00,INE006I01046,Equity,,,,,
532832,EMBASSY DEVELOPMENTS LIMITED,EMBDL,Embassy Developments Ltd,Active,A ,2.00,INE069I01010,Equity,,,,,
532834,Camlin Fine Sciences Ltd,CAMLINFINE,Camlin Fine Sciences Ltd,Active,B ,1.00,INE052I01032,Equity,,,,,
532835,ICRA Limited,ICRA,ICRA Ltd,Active,B ,10.00,INE725G01011,Equity,,,,,
532839,Dish TV India Limited,DISHTV,Dish TV India Ltd,Active,B ,1.00,INE836F01026,Equity,,,,,
532841,SAHYADRI INDUSTRIES LTD.,SAHYADRI,Sahyadri Industries Ltd,Active,B ,10.00,INE280H01015,Equity,,,,,
532842,Sree Rayalaseema Hi-Strength Hypo Limited,SRHHYPOLTD,Sree Rayalaseema Hi-Strength Hypo Ltd,Active,B ,10.00,INE917H01012,Equity,,,,,
532843,Fortis Healthcare Ltd,FORTIS,Fortis Healthcare Ltd,Active,A ,10.00,INE061F01013,Equity,,,,,
532845,TGB Banquets and Hotels Limited,TGBHOTELS,TGB Banquets and Hotels Ltd,Active,B ,10.00,INE797H01018,Equity,,,,,
532847,HILTON METAL FORGING LIMITED,HILTON,Hilton Metal Forging Ltd,Active,B ,10.00,INE788H01017,Equity,,,,,
532848,Delta Corp Limited,DELTACORP,Delta Corp Ltd,Active,B ,1.00,INE124G01033,Equity,,,,,
532850,MIC Electronics Limited,MICEL,MIC Electronics Ltd,Active,T ,2.00,INE287C01037,Equity,,,,,
532851,Insecticides India Ltd.,INSECTICID,Insecticides (India) Ltd,Active,B ,10.00,INE070I01018,Equity,,,,,
532853,Asahi Songwon Colors Ltd.,ASAHISONG,Asahi Songwon Colors Ltd,Active,T ,10.00,INE228I01012,Equity,,,,,
532855,Haryana Capfin Ltd.,HARYNACAP,Haryana Capfin Ltd,Active,X ,10.00,INE928H01019,Equity,,,,,
532856,Time Technoplast Limited,TIMETECHNO,Time Technoplast Ltd,Active,A ,1.00,INE508G01029,Equity,,,,,
532859,Hinduja Global Solutions Limited,HGS,Hinduja Global Solutions Ltd,Active,B ,10.00,INE170I01016,Equity,,,,,
532864,Nelcast Limited,NELCAST,Nelcast Ltd,Active,B ,2.00,INE189I01024,Equity,,,,,
532867,V2 Retail Limited,V2RETAIL,V2 Retail Ltd,Active,B ,1.00,INE945H01021,Equity,,,,,
532868,DLF LIMITED,DLF,DLF Ltd,Active,A ,2.00,INE271C01023,Equity,,,,,
532869,Tarmat Limited,TARMAT,Tarmat Ltd,Active,B ,10.00,INE924H01018,Equity,,,,,
532870,Ankit Metal  & Power Limited,ANKITMETAL,Ankit Metal & Power Ltd,Active,Z ,10.00,INE106I01010,Equity,,,,,
532872,Sun Pharma Advanced Research Company Ltd.,SPARC,Sun Pharma Advanced Research Company Ltd,Active,B ,1.00,INE232I01014,Equity,,,,,
532873,Housing Development & Infrastructure  Ltd,HDIL,Housing Development and Infrastructure Ltd,Active,Z ,10.00,INE191I01012,Equity,,,,,
532875,Allied Digital Services Limited,ADSL,Allied Digital Services Ltd,Active,B ,5.00,INE102I01027,Equity,,,,,
532878,Alpa Laboratories Limited,ALPA,Alpa Laboratories Ltd,Active,B ,10.00,INE385I01010,Equity,,,,,
532880,OMAXE LIMITED,OMAXE,Omaxe Ltd,Active,B ,10.00,INE800H01010,Equity,,,,,
532884,Refex Industries Limited,REFEX,Refex Industries Ltd,Active,A ,2.00,INE056I01025,Equity,,,,,
532885,Central Bank of India,CENTRALBK,Central Bank of India,Active,A ,10.00,INE483A01010,Equity,,,,,
532887,Neueon Corporation Limited,NEUEON,Neueon Corporation Ltd,Active,T ,1.00,INE333I01044,Equity,,,,,
532888,ASIAN GRANITO INDIA LIMITED,ASIANTILES,Asian Granito India Ltd,Active,B ,10.00,INE022I01019,Equity,,,,,
532889,K.P.R. Mill Ltd.,KPRMILL,K.P.R. Mill Limited,Active,A ,1.00,INE930H01031,Equity,,,,,
532890,TAKE LIMITED,TAKE,Take Ltd,Active,B ,1.00,INE142I01023,Equity,,,,,
532891,Puravankara Limited,PURVA,Puravankara Ltd,Active,B ,5.00,INE323I01011,Equity,,,,,
532892,Motilal Oswal Financial Services Limited,MOTILALOFS,Motilal Oswal Financial Services Ltd,Active,A ,1.00,INE338I01027,Equity,,,,,
532893,VTM Ltd,VTMLTD,VTM Ltd,Active,B ,1.00,INE222F01029,Equity,,,,,
532894,Indowind Energy Ltd.,INDOWIND,Indowind Energy Ltd,Active,B ,10.00,INE227G01018,Equity,,,,,
532895,Nagreeka Capital & Infrastructure Limited,NAGREEKCAP,Nagreeka Capital & Infrastructure Ltd,Active,B ,5.00,INE245I01016,Equity,,,,,
532896,MAGNUM VENTURES LIMITED,MAGNUM,Magnum Ventures Ltd,Active,B ,10.00,INE387I01016,Equity,,,,,
532898,POWER GRID CORPORATION OF INDIA LIMITED,POWERGRID,Power Grid Corporation of India Ltd,Active,A ,10.00,INE752E01010,Equity,,,,,
532899,Kaveri Seed Company Ltd,KSCL,Kaveri Seed Company Ltd,Active,B ,2.00,INE455I01029,Equity,,,,,
532900,PAISALO DIGITAL LIMITED,PAISALO,Paisalo Digital Ltd,Active,A ,1.00,INE420C01059,Equity,,,,,
532902,Consolidated Construction Consortium Ltd,CCCL,Consolidated Construction Consortium Ltd,Active,B ,2.00,INE429I01024,Equity,,,,,
532904,Supreme Infrastructure India Limited,SUPREMEINF,Supreme Infrastructure India Ltd,Active,B ,10.00,INE550H01011,Equity,,,,,
532906,MAAN ALUMINIUM LIMITED,MAANALU,Maan Aluminium Ltd,Active,B ,5.00,INE215I01027,Equity,,,,,
532907,IL&FS Engineering and Construction Company Ltd,IL&FSENGG,IL&FS Engineering and Construction Company Ltd,Active,Z ,10.00,INE369I01014,Equity,,,,,
532911,PARLE INDUSTRIES LIMITED,PARLEIND,Parle Industries Ltd,Active,XT,10.00,INE272G01014,Equity,,,,,
532915,Religare Enterprises Ltd,RELIGARE,Religare Enterprises Ltd,Active,A ,10.00,INE621H01010,Equity,,,,,
532916,BARAK VALLEY CEMENTS LIMITED,BVCL,Barak Valley Cements Ltd,Active,B ,10.00,INE139I01011,Equity,,,,,
532918,RATHI BARS LIMITED,RATHIBAR,Rathi Bars Ltd,Active,X ,10.00,INE575I01016,Equity,,,,,
532921,Adani Ports and Special Economic Zone Ltd,ADANIPORTS,Adani Ports and Special Economic Zone Ltd,Active,A ,2.00,INE742F01042,Equity,,,,,
532922,Edelweiss Financial Services Ltd.,EDELWEISS,Edelweiss Financial Services Ltd,Active,A ,1.00,INE532F01054,Equity,,,,,
532923,RENAISSANCE GLOBAL LIMITED,RGL,Renaissance Global Ltd,Active,B ,2.00,INE722H01024,Equity,,,,,
532924,Kolte-Patil Developers Ltd,KOLTEPATIL,Kolte-Patil Developers Ltd,Active,B ,10.00,INE094I01018,Equity,,,,,
532925,Kaushalya Infrastructure Development Corporation Ltd,KAUSHALYA,Kaushalya Infrastructure Development Corporation Ltd,Active,T ,1000.00,INE234I01028,Equity,,,,,
532926,JYOTHY LABS LIMITED,JYOTHYLAB,Jyothy Labs Ltd,Active,A ,1.00,INE668F01031,Equity,,,,,
532927,eClerx Services Limited,ECLERX,eClerx Services Ltd,Active,A ,10.00,INE738I01010,Equity,,,,,
532928,Transformers and Rectifiers (India) Limited,TARIL,Transformers and Rectifiers (India) Ltd,Active,A ,1.00,INE763I01026,Equity,,,,,
532929,Brigade Enterprises Limited,BRIGADE,Brigade Enterprises Ltd,Active,A ,10.00,INE791I01019,Equity,,,,,
532930,BGR ENERGY SYSTEMS LIMITED,BGRENERGY,BGR Energy Systems Ltd,Active,T ,10.00,INE661I01014,Equity,,,,,
532931,Burnpur Cement Limited,BURNPUR,Burnpur Cement Ltd,Active,T ,10.00,INE817H01022,Equity,,,,,
532932,MANAKSIA LIMITED,MANAKSIA,Manaksia Ltd,Active,B ,2.00,INE015D01022,Equity,,,,,
532933,PORWAL AUTO COMPONENTS LIMITED,PORWAL,Porwal Auto Components Ltd,Active,X ,10.00,INE386I01018,Equity,,,,,
532934,PPAP Automotive Limited,PPAP,PPAP Automotive Ltd,Active,T ,10.00,INE095I01015,Equity,,,,,
532935,Aries Agro Limited,ARIES,Aries Agro Ltd,Active,T ,10.00,INE298I01015,Equity,,,,,
532937,Kuantum Papers Limited,KUANTUM,Kuantum Papers Ltd,Active,B ,1.00,INE529I01021,Equity,,,,,
532939,Reliance Power Limited,RPOWER,Reliance Power Ltd,Active,A ,10.00,INE614G01033,Equity,,,,,
532940,J. Kumar Infraprojects Limited,JKIL,J. Kumar Infraprojects Ltd,Active,B ,5.00,INE576I01022,Equity,,,,,
532941,Cords Cable Industries Limited,CORDSCABLE,Cords Cable Industries Ltd,Active,B ,10.00,INE792I01017,Equity,,,,,
532942,KNR Constructions Limited,KNRCON,KNR Constructions Ltd,Active,A ,2.00,INE634I01029,Equity,,,,,
532944,OnMobile Global Ltd.,ONMOBILE,OnMobile Global Ltd,Active,T ,10.00,INE809I01019,Equity,,,,,
532945,SEPC LIMITED,SEPC,SEPC Ltd,Active,B ,10.00,INE964H01014,Equity,,,,,
532946,Bang Overseas Ltd,BANG,Bang Overseas Ltd,Active,B ,10.00,INE863I01016,Equity,,,,,
532947,IRB Infrastructure Developers Limited,IRB,IRB Infrastructure Developers Ltd,Active,A ,1.00,INE821I01022,Equity,,,,,
532951,GSS Infotech Ltd,GSS,GSS Infotech Ltd,Active,B ,10.00,INE871H01011,Equity,,,,,
532952,Nahar Capital & Financial Services Ltd.,NAHARCAP,Nahar Capital and Financial Services Ltd,Active,B ,5.00,INE049I01012,Equity,,,,,
532953,V-Guard Industries Ltd.,VGUARD,V-Guard Industries Ltd,Active,A ,1.00,INE951I01027,Equity,,,,,
532955,REC LIMITED,RECLTD,REC Ltd,Active,A ,10.00,INE020B01018,Equity,,,,,
532957,GOKAK TEXTILES LTD.,GOKAKTEX,Gokak Textiles Ltd,Active,X ,10.00,INE642I01014,Equity,,,,,
532966,TITAGARH RAIL SYSTEMS LIMITED,TITAGARH,Titagarh Rail Systems Ltd,Active,A ,2.00,INE615H01020,Equity,,,,,
532967,KIRI INDUSTRIES LIMITED,KIRIINDUS,Kiri Industries Ltd,Active,A ,10.00,INE415I01015,Equity,,,,,
532974,Aditya Birla  Money Ltd,BIRLAMONEY,Aditya Birla Money Ltd-$,Active,B ,1.00,INE865C01022,Equity,,,,,
532975,TELOGICA LIMITED,TELOGICA,Telogica Ltd,Active,XT,5.00,INE778I01024,Equity,,,,,
532976,Jai Balaji Industries Limited,JAIBALAJI,Jai Balaji Industries Ltd,Active,A ,2.00,INE091G01026,Equity,,,,,
532977,Bajaj Auto Limited,BAJAJ-AUTO,Bajaj Auto Ltd,Active,A ,10.00,INE917I01010,Equity,,,,,
532978,Bajaj Finserv Limited,BAJAJFINSV,Bajaj Finserv Ltd,Active,A ,1.00,INE918I01026,Equity,,,,,
532980,Gokul Refoils and Solvent Limited,GOKUL,Gokul Refoils & Solvent Ltd,Active,B ,2.00,INE020J01029,Equity,,,,,
532983,RPG Life Sciences Limited,RPGLIFE,RPG Life Sciences Ltd,Active,B ,8.00,INE105J01010,Equity,,,,,
532985,Kotak Mahindra Mutual Fund,SENSEX1,Kotak S&P BSE Sensex ETF,Active,B ,1.00,INF174KA1JD7,Equity,,,,,
532986,Niraj Cement Structurals Limited,NIRAJ,Niraj Cement Structurals Ltd,Active,B ,10.00,INE368I01016,Equity,,,,,
532989,Bafna Pharmaceuticals Limited,BAFNAPH,Bafna Pharmaceuticals Ltd,Active,T ,10.00,INE878I01022,Equity,,,,,
532992,CHL Limited,CHLLTD,CHL Ltd,Active,X ,2.00,INE790D01020,Equity,,,,,
532993,SEJAL GLASS LIMITED,SEJALLTD,Sejal Glass Ltd,Active,B ,10.00,INE955I01044,Equity,,,,,
532994,Archidply Industries Limited,ARCHIDPLY,Archidply Industries Ltd,Active,B ,10.00,INE877I01016,Equity,,,,,
532998,Lotus Eye Hospital And Institute Limited,LOTUSEYE,Lotus Eye Hospital And Institute Ltd,Active,B ,10.00,INE947I01017,Equity,,,,,
533001,SOMI CONVEYOR BELTINGS LIMITED,SOMICONVEY,Somi Conveyor Beltings Ltd,Active,B ,10.00,INE323J01019,Equity,,,,,
533006,Birla Cotsyn (India) Limited,BIRLACOT,Birla Cotsyn (India) Ltd,Active,XT,1.00,INE655I01032,Equity,,,,,
533007,LGB Forge Limited,LGBFORGE,LGB Forge Ltd,Active,XT,1.00,INE201J01017,Equity,,,,,
533012,Landmark Property Development Company Ltd.,LPDC,Landmark Property Development Company Ltd,Active,B ,1.00,INE197J01017,Equity,,,,,
533014,Sicagen India Limited,SICAGEN,Sicagen India Ltd,Active,B ,10.00,INE176J01011,Equity,,,,,
533019,SIMPLEX PAPERS LTD.,SIMPLXPAP,Simplex Papers Ltd,Active,X ,1000.00,INE456H01029,Equity,,,,,
533022,20 Microns Limited,20MICRONS,20 Microns Ltd,Active,B ,5.00,INE144J01027,Equity,,,,,
533023,ZF Commercial Vehicle Control Systems India Limited,ZFCVINDIA,ZF Commercial Vehicle Control Systems India Ltd,Active,A ,5.00,INE342J01019,Equity,,,,,
533029,Alkali Metals Limited,ALKALI,Alkali Metals Ltd,Active,B ,10.00,INE773I01017,Equity,,,,,
533033,ISGEC Heavy Engineering Limited,ISGEC,ISGEC Heavy Engineering Ltd,Active,B ,1.00,INE858B01029,Equity,,,,,
533047,Indian Metals & Ferro Alloys Limited,IMFA,Indian Metals & Ferro Alloys Ltd,Active,A ,10.00,INE919H01018,Equity,,,,,
533048,Teamo Productions HQ Limited,TPHQ,Teamo Productions HQ Ltd,Active,T ,1.00,INE065J01024,Equity,,,,,
533056,VEDAVAAG Systems Limited,VEDAVAAG,VEDAVAAG Systems Ltd,Active,B ,10.00,INE359B01010,Equity,,,,,
533080,Mold-Tek Packaging Limited,MOLDTKPAC,Mold-Tek Packaging Ltd,Active,B ,5.00,INE893J01029,Equity,,,,,
533088,Mahindra Holidays & Resorts India Limited,MHRIL,Mahindra Holidays & Resorts India Ltd,Active,B ,10.00,INE998I01010,Equity,,,,,
533090,Landsmill Green Limited,LANDSMILL,Landsmill Green Ltd,Active,B ,1.00,INE688J01023,Equity,,,,,
533093,RAJ OIL MILLS LIMITED,ROML,Raj Oil Mills Ltd,Active,B ,10.00,INE294G01026,Equity,,,,,
533095,Bengal & Assam Company Limited,BENGALASM,Bengal & Assam Company Ltd,Active,B ,10.00,INE083K01017,Equity,,,,,
533096,Adani Power Limited,ADANIPOWER,Adani Power Ltd,Active,A ,2.00,INE814H01029,Equity,,,,,
533098,NHPC Limited,NHPC,NHPC Ltd,Active,A ,10.00,INE848E01016,Equity,,,,,
533100,Premier Energy and Infrastructure  Limited,PEIL,Premier Energy and Infrastructure Ltd,Active,X ,10.00,INE429K01012,Equity,,,,,
533101,Suryaamba Spinning Mills Limited,SURYAAMBA,Suryaamba Spinning Mills Ltd,Active,X ,10.00,INE360J01011,Equity,,,,,
533104,Globus Spirits Limited,GLOBUSSPR,Globus Spirits Ltd,Active,B ,10.00,INE615I01010,Equity,,,,,
533106,Oil India Limited,OIL,Oil India Ltd,Active,A ,10.00,INE274J01014,Equity,,,,,
533107,SWAN DEFENCE AND HEAVY INDUSTRIES LIMITED,SWANDEF,Swan Defence And Heavy Industries Ltd,Active,T ,10.00,INE542F01020,Equity,,,,,
533108,Bhilwara Technical Textiles Limited,BTTL,Bhilwara Technical Textiles Ltd,Active,T ,1.00,INE274K01012,Equity,,,,,
533110,Shree Precoated Steels Limited,SPSL,Shree Precoated Steels Ltd,Active,X ,10.00,INE318K01025,Equity,,,,,
533121,EXPLEO SOLUTIONS LIMITED,EXPLEOSOL,Expleo Solutions Ltd,Active,B ,10.00,INE201K01015,Equity,,,,,
533122,RattanIndia Power Limited,RTNPOWER,RattanIndia Power Ltd,Active,A ,10.00,INE399K01017,Equity,,,,,
533137,DEN Networks Limited,DEN,Den Networks Ltd,Active,B ,10.00,INE947J01015,Equity,,,,,
533138,ASTEC LIFESCIENCES LIMITED,ASTEC,Astec Lifesciences Ltd,Active,B ,10.00,INE563J01010,Equity,,,,,
533146,D-Link (India) Ltd,DLINKINDIA,D-Link (India) Ltd,Active,B ,2.00,INE250K01012,Equity,,,,,
533148,JSW Energy Limited,JSWENERGY,JSW Energy Ltd,Active,A ,10.00,INE121E01018,Equity,,,,,
533149,Yunik Managing Advisors Limited,YUNIKM,Yunik Managing Advisors Ltd,Active,X ,10.00,INE143K01019,Equity,,,,,
533150,Godrej Properties Limited,GODREJPROP,Godrej Properties Ltd,Active,A ,5.00,INE484J01027,Equity,,,,,
533151,D.B.Corp Limited,DBCORP,D. B. Corp Ltd,Active,B ,10.00,INE950I01011,Equity,,,,,
533152,MBL Infrastructure Ltd,MBLINFRA,MBL Infrastructure Ltd,Active,B ,10.00,INE912H01013,Equity,,,,,
533155,Jubilant Foodworks Limited,JUBLFOOD,Jubilant FoodWorks Ltd,Active,A ,2.00,INE797F01020,Equity,,,,,
533156,Vascon Engineers Limited,VASCONEQ,Vascon Engineers Ltd,Active,B ,10.00,INE893I01013,Equity,,,,,
533158,Thangamayil Jewellery Limited,THANGAMAYL,Thangamayil Jewellery Ltd,Active,A ,10.00,INE085J01014,Equity,,,,,
533160,VALOR ESTATE LIMITED,DBREALTY,Valor Estate Ltd,Active,A ,10.00,INE879I01012,Equity,,,,,
533161,Emmbi Industries Limited,EMMBI,Emmbi Industries Ltd,Active,T ,10.00,INE753K01015,Equity,,,,,
533162,Hathway Cable & Datacom Limited,HATHWAY,Hathway Cable & Datacom Ltd,Active,B ,2.00,INE982F01036,Equity,,,,,
533164,Texmo Pipes and Products Limited,TEXMOPIPES,Texmo Pipes and Products Ltd,Active,B ,10.00,INE141K01013,Equity,,,,,
533166,Sundaram Multi Pap Ltd.,SUNDARAM,Sundaram Multi Pap Ltd,Active,B ,1.00,INE108E01023,Equity,,,,,
533167,Coromandel Engineering Company Limited,COROENGG,Coromandel Engineering Company Ltd,Active,X ,10.00,INE312J01012,Equity,,,,,
533168,Rossell India Limited,ROSSELLIND,Rossell India Ltd,Active,B ,2.00,INE847C01020,Equity,,,,,
533169,MAN INFRACONSTRUCTION LIMITED,MANINFRA,Man Infraconstruction Ltd,Active,B ,2.00,INE949H01023,Equity,,,,,
533170,TAMBOLI INDUSTRIES LIMITED,TAMBOLIIN,Tamboli Industries Ltd,Active,T ,10.00,INE864J01012,Equity,,,,,
533177,IL&FS Transportation Networks Limited,IL&FSTRANS,IL&FS Transportation Networks Ltd,Active,Z ,10.00,INE975G01012,Equity,,,,,
533179,Persistent Systems Limited,PERSISTENT,Persistent Systems Ltd,Active,A ,5.00,INE262H01021,Equity,,,,,
533181,Intrasoft Technologies Limited,ISFT,Intrasoft Technologies Ltd,Active,B ,10.00,INE566K01011,Equity,,,,,
533192,K C P SUGAR AND INDUSTRIES CORPORATION LTD.,KCPSUGIND,KCP Sugar & Industries Corporation Ltd,Active,T ,1.00,INE790B01024,Equity,,,,,
533193,KIRLOSKAR ELECTRIC COMPANY LTD.,KECL,Kirloskar Electric Company Ltd,Active,B ,10.00,INE134B01017,Equity,,,,,
533202,SATCHMO HOLDINGS LIMITED,SATCH,Satchmo Holdings Ltd,Active,X ,10.00,INE639K01016,Equity,,,,,
533203,TARAPUR TRANSFORMERS LIMITED,TARAPUR,Tarapur Transformers Ltd,Active,B ,10.00,INE747K01017,Equity,,,,,
533206,SJVN LIMITED,SJVN,SJVN Ltd,Active,A ,10.00,INE002L01015,Equity,,,,,
533208,Emami Paper Mills Ltd.,EMAMIPAP,Emami Paper Mills Ltd,Active,T ,2.00,INE830C01026,Equity,,,,,
533210,Kriti Nutrients Ltd,KRITINUT,Kriti Nutrients Ltd,Active,B ,1.00,INE798K01010,Equity,,,,,
533212,GKB Ophthalmics Ltd.,GKB,GKB Ophthalmics Ltd,Active,B ,10.00,INE265D01015,Equity,,,,,
533217,Hindustan Media Ventures Limited,HMVL,Hindustan Media Ventures Ltd,Active,T ,10.00,INE871K01015,Equity,,,,,
533218,EMAMI REALTY LIMITED,EMAMIREAL,Emami Realty Ltd,Active,B ,2.00,INE778K01012,Equity,,,,,
533221,Asian Hotels (West) Ltd,AHLWEST,Asian Hotels (West) Ltd,Active,T ,10.00,INE915K01010,Equity,,,,,
533227,Asian Hotels (East) Limited,AHLEAST,Asian Hotels (East) Ltd,Active,B ,10.00,INE926K01017,Equity,,,,,
533229,BAJAJ CONSUMER CARE LIMITED,BAJAJCON,Bajaj Consumer Care Ltd,Active,A ,1.00,INE933K01021,Equity,,,,,
533239,Prakash Steelage Limited,PRAKASHSTL,Prakash Steelage Ltd,Active,B ,1.00,INE696K01024,Equity,,,,,
533248,Gujarat Pipavav Port Limited,GPPL,Gujarat Pipavav Port Ltd,Active,A ,10.00,INE517F01014,Equity,,,,,
533252,Welspun Investments and Commercials Ltd.,WELINV,Welspun Investments and Commercials Ltd,Active,T ,10.00,INE389K01018,Equity,,,,,
533257,INDOSOLAR LIMITED,WAAREEINDO,Indosolar Ltd,Active,B ,10.00,INE866K01023,Equity,,,,,
533259,HEALTH X PLATFORM LIMITED,HEALTHX,Health X Platform Ltd,Active,B ,10.00,INE019J01013,Equity,,,,,
533260,CP CAPITAL LIMITED,CPCAP,CP Capital Ltd,Active,B ,10.00,INE521J01018,Equity,,,,,
533262,Ramky Infrastructure Limited,RAMKY,Ramky Infrastructure Ltd,Active,B ,10.00,INE874I01013,Equity,,,,,
533263,Orient Green Power Company Limited,GREENPOWER,Orient Green Power Company Ltd,Active,B ,10.00,INE999K01014,Equity,,,,,
533267,CANTABIL RETAIL INDIA LIMITED,CANTABIL,Cantabil Retail India Ltd,Active,B ,2.00,INE068L01024,Equity,,,,,
533268,SEA TV Network Limited,SEATV,Sea TV Network Ltd,Active,X ,10.00,INE351L01016,Equity,,,,,
533269,VA Tech Wabag Limited,WABAG,VA Tech Wabag Ltd,Active,A ,2.00,INE956G01038,Equity,,,,,
533270,Bedmutha Industries Limited,BEDMUTHA,Bedmutha Industries Ltd,Active,B ,10.00,INE844K01012,Equity,,,,,
533271,Ashoka Buildcon Limited,ASHOKA,Ashoka Buildcon Ltd,Active,A ,5.00,INE442H01029,Equity,,,,,
533272,JUPITER WAGONS LIMITED,JWL,Jupiter Wagons Ltd,Active,A ,10.00,INE209L01016,Equity,,,,,
533273,OBEROI REALTY LIMITED,OBEROIRLTY,Oberoi Realty Ltd,Active,A ,10.00,INE093I01010,Equity,,,,,
533274,Prestige Estates Projects Limited,PRESTIGE,Prestige Estates Projects Ltd,Active,A ,10.00,INE811K01011,Equity,,,,,
533275,SHAH METACORP LIMITED,SHAH,Shah Metacorp Ltd,Active,B ,1.00,INE482J01021,Equity,,,,,
533278,Coal India Limited,COALINDIA,Coal India Ltd,Active,A ,10.00,INE522F01014,Equity,,,,,
533282,GRAVITA INDIA LIMITED,GRAVITA,Gravita India Ltd,Active,A ,2.00,INE024L01027,Equity,,,,,
533284,RPP INFRA PROJECTS LIMITED,RPPINFRA,R P P Infra Projects Ltd,Active,B ,10.00,INE324L01013,Equity,,,,,
533285,RDB INFRASTRUCTURE AND POWER LIMITED,RDBIPL,RDB Infrastructure And Power Ltd,Active,B ,1.00,INE245L01028,Equity,,,,,
533286,MOIL Limited,MOIL,Moil Ltd,Active,A ,10.00,INE490G01020,Equity,,,,,
533287,ZEE LEARN LIMITED,ZEELEARN,Zee Learn Ltd,Active,B ,1.00,INE565L01011,Equity,,,,,
533289,Kesar Terminals & Infrastructure Limited,KTIL,Kesar Terminals & Infrastructure Ltd,Active,X ,5.00,INE096L01025,Equity,,,,,
533292,A2Z Infra Engineering Limited,A2ZINFRA,A2Z Infra Engineering Ltd,Active,B ,10.00,INE619I01012,Equity,,,,,
533293,Kirloskar Oil Engines Limited,KIRLOSENG,Kirloskar Oil Engines Ltd,Active,A ,2.00,INE146L01010,Equity,,,,,
533294,Ravi Kumar Distilleries Limited,RKDL,Ravi Kumar Distilleries Ltd,Active,B ,10.00,INE722J01012,Equity,,,,,
533295,PUNJAB & SIND BANK,PSB,Punjab & Sind Bank,Active,B ,10.00,INE608A01012,Equity,,,,,
533296,Future Market Networks Limited,FMNL,Future Market Networks Ltd,Active,B ,10.00,INE360L01017,Equity,,,,,
533298,Surana Solar Limited,SURANASOL,Surana Solar Ltd,Active,B ,5.00,INE272L01022,Equity,,,,,
533301,SHEKHAWATI INDUSTRIES LIMITED,SHEKHAWATI,Shekhawati Industries Ltd,Active,T ,10.00,INE268L01046,Equity,,,,,
533302,Kalyani Investment Company Limited,KICL,Kalyani Investment Company Ltd,Active,B ,10.00,INE029L01018,Equity,,,,,
533303,BF Investment Limited,BFINVEST,BF Investment Ltd,Active,B ,5.00,INE878K01010,Equity,,,,,
533306,SUMMIT SECURITIES LTD.,SUMMITSEC,Summit Securities Ltd,Active,B ,10.00,INE519C01017,Equity,,,,,
533316,STEL Holdings Limited,STEL,STEL Holdings Ltd,Active,B ,10.00,INE577L01016,Equity,,,,,
533326,Texmaco Rail & Engineering Limited,TEXRAIL,Texmaco Rail & Engineering Ltd,Active,A ,1.00,INE621L01012,Equity,,,,,
533329,Indian Terrain Fashions Limited,INDTERRAIN,Indian Terrain Fashions Ltd,Active,B ,2.00,INE611L01021,Equity,,,,,
533333,Fineotex Chemical Limited,FCL,Fineotex Chemical Ltd,Active,B ,1.00,INE045J01034,Equity,,,,,
533336,Dhunseri Investments Ltd,DHUNINV,Dhunseri Investments Ltd,Active,B ,10.00,INE320L01011,Equity,,,,,
533339,Zen Technologies Ltd.,ZENTEC,ZEN Technologies Ltd,Active,A ,1.00,INE251B01027,Equity,,,,,
533343,Lovable Lingerie Limited,LOVABLE,Lovable Lingerie Ltd,Active,B ,10.00,INE597L01014,Equity,,,,,
533344,PTC India Financial Services Limited,PFS,PTC India Financial Services Ltd,Active,B ,10.00,INE560K01014,Equity,,,,,
533385,Motilal Oswal Mutual Fund,MON100,Motilal Oswal NASDAQ 100 ETF,Active,B ,1.00,INF247L01AP3,Equity,,,,,
533398,MUTHOOT FINANCE LIMITED,MUTHOOTFIN,Muthoot Finance Ltd,Active,A ,10.00,INE414G01012,Equity,,,,,
533407,TRUE GREEN BIO ENERGY LIMITED,TRUEGREEN,True Green Bio Energy Ltd,Active,XT,10.00,INE672K01025,Equity,,,,,
533427,VMS INDUSTRIES LIMITED,VMS,VMS Industries Ltd,Active,X ,10.00,INE932K01015,Equity,,,,,
533451,Karma Energy Limited,KARMAENG,Karma Energy Ltd,Active,B ,10.00,INE725L01011,Equity,,,,,
533452,DELPHI WORLD MONEY LIMITED,DELPHIFX,Delphi World Money Ltd,Active,T ,2.00,INE726L01027,Equity,,,,,
533470,Rushil Decor Limited,RUSHIL,Rushil Decor Ltd,Active,B ,1.00,INE573K01025,Equity,,,,,
533477,Enkei wheels (India) Limited,ENKEIWHEL,Enkei Wheels (India) Ltd,Active,B ,5.00,INE130L01014,Equity,,,,,
533482,Kridhan Infra Limited,KRIDHANINF,Kridhan Infra Ltd,Active,B ,2.00,INE524L01026,Equity,,,,,
533506,INVENTURE GROWTH & SECURITIES LIMITED,INVENTURE,Inventure Growth & Securities Ltd,Active,B ,1.00,INE878H01024,Equity,,,,,
533519,L&T Finance Limited,LTF,L&T Finance Ltd,Active,A ,10.00,INE498L01015,Equity,,,,,
533520,Indiabulls Limited,IBULLSLTD,Indiabulls Ltd,Active,B ,2.00,INE126M01010,Equity,,,,,
533540,Tree House Education & Accessories Limited,TREEHOUSE,Tree House Education & Accessories Ltd,Active,B ,10.00,INE040M01013,Equity,,,,,
533543,BROOKS LABORATORIES LIMITED,BROOKS,Brooks Laboratories Ltd,Active,B ,10.00,INE650L01011,Equity,,,,,
533552,RUPA & COMPANY LIMITED,RUPA,Rupa & Company Ltd,Active,B ,1.00,INE895B01021,Equity,,,,,
533553,TD Power Systems Ltd,TDPOWERSYS,TD Power Systems Ltd,Active,A ,1.00,INE419M01035,Equity,,,,,
533573,ALEMBIC PHARMACEUTICALS LIMITED,APLLTD,Alembic Pharmaceuticals Ltd,Active,A ,2.00,INE901L01018,Equity,,,,,
533576,Vaswani Industries Limited,VASWANI,Vaswani Industries Ltd,Active,B ,10.00,INE590L01019,Equity,,,,,
533581,PG Electroplast Limited,PGEL,PG Electroplast Ltd,Active,A ,1.00,INE457L01029,Equity,,,,,
533602,Lesha Industries Limited,LESHAIND,Lesha Industries Ltd,Active,X ,1.00,INE050L01048,Equity,,,,,
533605,SETUBANDHAN INFRASTRUCTURE LIMITED,SETUINFRA,Setubandhan Infrastructure Ltd,Active,Z ,1.00,INE023M01027,Equity,,,,,
533608,RDB Rasayans Limited,RDBRL,RDB Rasayans Ltd,Active,X ,10.00,INE123M01017,Equity,,,,,
533629,TIJARIA POLYPIPES LIMITED,TIJARIA,Tijaria Polypipes Ltd,Active,T ,10.00,INE440L01017,Equity,,,,,
533632,Onelife Capital Advisors Ltd,ONELIFECAP,Onelife Capital Advisors Ltd,Active,T ,10.00,INE912L01015,Equity,,,,,
533638,FLEXITUFF VENTURES INTERNATIONAL LIMITED,FLEXITUFF,Flexituff Ventures International Ltd,Active,T ,10.00,INE060J01017,Equity,,,,,
533644,Ujaas Energy Limited,UEL,Ujaas Energy Ltd,Active,B ,1.00,INE899L01030,Equity,,,,,
533655,Triveni Turbine Limited,TRITURBINE,Triveni Turbine Ltd,Active,A ,1.00,INE152M01016,Equity,,,,,
533676,Indo Thai Securities Limited,INDOTHAI,Indo Thai Securities Ltd,Active,B ,1.00,INE337M01021,Equity,,,,,
533704,Essar Shipping Ltd,ESSARSHPNG,Essar Shipping Ltd,Active,B ,10.00,INE122M01019,Equity,,,,,
533758,APL Apollo Tubes Limited,APLAPOLLO,APL Apollo Tubes Ltd,Active,A ,2.00,INE702C01027,Equity,,,,,
533761,GPT Infraprojects limited,GPTINFRA,GPT Infraprojects Ltd,Active,B ,10.00,INE390G01014,Equity,,,,,
533896,Fervent Synergies Limited,FERVENTSYN,Fervent Synergies Ltd,Active,X ,10.00,INE258M01011,Equity,,,,,
533941,THOMAS SCOTT (INDIA) LIMITED,THOMASCOTT,Thomas Scott (India) Ltd,Active,B ,10.00,INE480M01011,Equity,,,,,
533982,Tera Software Ltd.,TERASOFT,Tera Software Ltd,Active,B ,10.00,INE482B01010,Equity,,,,,
534060,PMC Fincorp Limited,PMCFIN,PMC Fincorp Ltd,Active,X ,1.00,INE793G01035,Equity,,,,,
534063,Futuristic Solutions Ltd.,FUTSOL,Futuristic Solutions Ltd,Active,X ,10.00,INE241F01011,Equity,,,,,
534064,Alliance Integrated Metaliks Limited,AIML,Alliance Integrated Metaliks Ltd,Active,XT,1.00,INE123D01024,Equity,,,,,
534076,RHI MAGNESITA INDIA LIMITED,RHIM,Rhi Magnesita India Ltd,Active,A ,1.00,INE743M01012,Equity,,,,,
534091,Multi Commodity Exchange of India Ltd,MCX,Multi Commodity Exchange of India Ltd,Active,A ,2.00,INE745G01043,Equity,,,,,
534109,Pyxis Finvest Limited,PYXISFIN,Pyxis Finvest Ltd,Active,MT,10.00,INE883L01018,Equity,,,,,
534139,SCHNEIDER ELECTRIC INFRASTRUCTURE LIMITED,SCHNEIDER,Schneider Electric Infrastructure Ltd,Active,A ,2.00,INE839M01018,Equity,,,,,
534190,Olympic Cards Limited,OLPCL,Olympic Cards Ltd,Active,X ,10.00,INE550L01013,Equity,,,,,
534309,NBCC (India) Limited,NBCC,NBCC (India) Ltd,Active,A ,1.00,INE095N01031,Equity,,,,,
534312,MT EDUCARE LIMITED,MTEDUCARE,MT Educare Ltd,Active,T ,10.00,INE472M01018,Equity,,,,,
534328,Hexa Tradex Limited,HEXATRADEX,Hexa Tradex Ltd,Active,B ,2.00,INE750M01017,Equity,,,,,
534338,Max heights Infrastucture Ltd,MAXHEIGHTS,Max heights Infrastucture Ltd,Active,X ,10.00,INE393F01010,Equity,,,,,
534369,Tribhovandas Bhimji Zaveri Limited,TBZ,Tribhovandas Bhimji Zaveri Ltd,Active,T ,10.00,INE760L01018,Equity,,,,,
534392,Vardhman Special Steels Ltd,VSSL,Vardhman Special Steels Ltd,Active,B ,10.00,INE050M01012,Equity,,,,,
534422,Looks Health Services Limited,LOOKS,Looks Health Services Ltd,Active,X ,10.00,INE204N01013,Equity,,,,,
534425,Speciality Restaurants Limited,SPECIALITY,Speciality Restaurants Ltd,Active,T ,10.00,INE247M01014,Equity,,,,,
534532,AURUS GEM CORPORATION LIMITED,AURUS,Aurus Gem Corporation Ltd,Active,B ,10.00,INE142K01011,Equity,,,,,
534535,STRING METAVERSE LIMITED,META,String Metaverse Ltd,Active,T ,1.00,INE958L01034,Equity,,,,,
534597,RATTANINDIA ENTERPRISES LIMITED,RTNINDIA,Rattanindia Enterprises Ltd,Active,B ,2.00,INE834M01019,Equity,,,,,
534598,Sampann Utpadan India Limited,SAMPANN,Sampann Utpadan India Ltd,Active,B ,10.00,INE735M01018,Equity,,,,,
534600,JTL INDUSTRIES LIMITED,JTLIND,JTL Industries Ltd,Active,B ,1.00,INE391J01032,Equity,,,,,
534612,ADVANCE METERING TECHNOLOGY LIMITED,AMTL,Advance Metering Technology Ltd,Active,X ,5.00,INE436N01029,Equity,,,,,
534615,North Eastern Carrying Corporation Limited,NECCLTD,North Eastern Carrying Corporation Ltd,Active,T ,10.00,INE553C01016,Equity,,,,,
534618,WAAREE RENEWABLE TECHNOLOGIES LIMITED,WAAREERTL,Waaree Renewable Technologies Ltd,Active,A ,2.00,INE299N01021,Equity,,,,,
534623,Jupiter Infomedia Limited,JUPITERIN,Jupiter Infomedia Ltd,Active,X ,10.00,INE524N01014,Equity,,,,,
534639,VINAYAK POLYCON INTERNATIONAL LIMITED,VINAYAKPOL,Vinayak Polycon International Ltd,Active,X ,10.00,INE581M01016,Equity,,,,,
534659,Jointeca Education Solutions Limited,JOINTECAED,Jointeca Education Solutions Ltd,Active,MT,10.00,INE131N01018,Equity,,,,,
534674,Ducon Infratechnologies Limited,DUCON,Ducon Infratechnologies Ltd,Active,B ,1.00,INE741L01018,Equity,,,,,
534675,PROZONE REALTY LIMITED,PROZONER,Prozone Realty Ltd,Active,B ,2.00,INE195N01013,Equity,,,,,
534680,SRG Housing Finance Limited,SRGHFL,SRG Housing Finance Ltd,Active,B ,10.00,INE559N01010,Equity,,,,,
534691,Comfort Commotrade Limited,COMCL,Comfort Commotrade Ltd,Active,X ,10.00,INE456N01019,Equity,,,,,
534708,SHANTI GURU INDUSTRIES LIMITED,SHANTIGURU,Shanti Guru Industries Ltd,Active,M ,10.00,INE892L01019,Equity,,,,,
534732,CASPIAN CORPORATE SERVICES LIMITED,CASPIAN,Caspian Corporate Services Ltd,Active,X ,10.00,INE176N01039,Equity,,,,,
534733,Aerpace Industries Limited,AERPACE,Aerpace Industries Ltd,Active,XT,1.00,INE175N01023,Equity,,,,,
534741,VIRTUAL GLOBAL EDUCATION LTD.,VIRTUALG,Virtual Global Education Ltd,Active,T ,1.00,INE247C01023,Equity,,,,,
534742,ZUARI AGRO CHEMICALS LIMITED,ZUARI,Zuari Agro Chemicals Ltd,Active,B ,10.00,INE840M01016,Equity,,,,,
534748,Steel Exchange India Ltd.,STEELXIND,Steel Exchange India Ltd,Active,B ,1.00,INE503B01021,Equity,,,,,
534755,Trio Mercantile & Trading Limited,TRIOMERC,Trio Mercantile & Trading Ltd,Active,XT,2.00,INE234G01022,Equity,,,,,
534796,JUJHAR LOGISTICS  LIMITED,JUJHARLOGI,Jujhar Logistics Ltd,Active,X ,10.00,INE198N01017,Equity,,,,,
534804,CARE Ratings Limited,CARERATING,CARE Ratings Ltd,Active,A ,10.00,INE752H01013,Equity,,,,,
534809,PC JEWELLER LIMITED,PCJEWELLER,PC Jeweller Ltd,Active,A ,1.00,INE785M01021,Equity,,,,,
534816,INDUS TOWERS LIMITED,INDUSTOWER,Indus Towers Ltd,Active,A ,10.00,INE121J01017,Equity,,,,,
534920,iSERA LIFESCIENCES LIMITED,ISERA,iSERA Lifesciences Ltd,Active,XT,10.00,INE899M01020,Equity,,,,,
534976,V-Mart Retail Limited,VMART,V-Mart Retail Ltd,Active,A ,10.00,INE665J01013,Equity,,,,,
535136,NIBE LIMITED,NIBE,NIBE Ltd,Active,B ,10.00,INE149O01018,Equity,,,,,
535204,Mukta Agriculture Limited,MUKTA,Mukta Agriculture Ltd,Active,XT,10.00,INE160O01031,Equity,,,,,
535205,Mystic Electronics Limited,MYSTICELE,Mystic Electronics Ltd,Active,X ,10.00,INE159O01033,Equity,,,,,
535267,COMFORT FINCAP LIMITED,COMFINCAP,Comfort Fincap Ltd,Active,X ,2.00,INE274M01026,Equity,,,,,
535276,SBI Mutual Fund,SBISENSEX,SBI Mutual Fund - SBI Sensex ETF,Active,B ,10.00,INF200K01VT2,Equity,,,,,
535279,Bothra Metals & Alloys Limited,BMAL,Bothra Metals & Alloys Ltd,Active,M ,10.00,INE583M01012,Equity,,,,,
535322,Repco Home Finance Limited,REPCOHOME,Repco Home Finance Ltd,Active,B ,10.00,INE612J01015,Equity,,,,,
535387,LAKHOTIA POLYESTERS (INDIA) LIMITED,LAKHOTIA,Lakhotia Polyesters (India) Ltd,Active,X ,10.00,INE191O01010,Equity,,,,,
535431,GCM Securities Limited,GCMSECU,GCM Securities Ltd,Active,B ,1.00,INE168O01026,Equity,,,,,
535458,NRB INDUSTRIAL BEARINGS LIMITED,NIBL,NRB Industrial Bearings Ltd,Active,B ,2.00,INE047O01014,Equity,,,,,
535514,Prime Capital Market Limited,PRIMECAPM,Prime Capital Market Ltd,Active,XT,10.00,INE748D01010,Equity,,,,,
535566,KIFS Financial Services Ltd,KIFS,KIFS Financial Services Ltd,Active,X ,10.00,INE902D01013,Equity,,,,,
535601,Sreeleathers Limited,SREEL,Sreeleathers Ltd,Active,T ,10.00,INE099F01013,Equity,,,,,
535602,Sharda Motor Industries Ltd,SHARDAMOTR,Sharda Motor Industries Ltd,Active,B ,2.00,INE597I01028,Equity,,,,,
535620,Binny Mills Limited,BINNYMILLS,Binny Mills Ltd,Active,X ,10.00,INE160L01011,Equity,,,,,
535621,S V Global Mill Limited,SVGLOBAL,S V Global Mill Ltd,Active,B ,5.00,INE159L01013,Equity,,,,,
535647,SDC TECHMEDIA LIMITED,SDC,SDC Techmedia Ltd,Active,MT,10.00,INE807O01011,Equity,,,,,
535648,Just Dial Limited,JUSTDIAL,Just Dial Ltd,Active,A ,10.00,INE599M01018,Equity,,,,,
535657,ObjectOne Information Systems Ltd,OONE,ObjectOne Information Systems Ltd,Active,X ,10.00,INE860E01011,Equity,,,,,
535667,India Finsec Limited,IFINSEC,India Finsec Ltd,Active,X ,10.00,INE474O01010,Equity,,,,,
535693,BRAHMAPUTRA INFRASTRUCTURE LIMITED,BRAHMINFRA,Brahmaputra Infrastructure Ltd,Active,B ,10.00,INE320I01017,Equity,,,,,
535719,AMPVOLTS LIMITED,AMPVOLTS,Ampvolts Ltd,Active,X ,10.00,INE989J01017,Equity,,,,,
535730,Khoobsurat Ltd.,KHOOBSURAT,Khoobsurat Ltd,Active,X ,1.00,INE731G01027,Equity,,,,,
535754,ORIENT CEMENT LIMITED,ORIENTCEM,Orient Cement Ltd,Active,B ,1.00,INE876N01018,Equity,,,,,
535755,Aditya Birla Fashion and Retail Limited,ABFRL,Aditya Birla Fashion and Retail Ltd,Active,A ,10.00,INE647O01011,Equity,,,,,
535789,Sammaan Capital Limited,SAMMAANCAP,Sammaan Capital Ltd,Active,A ,2.00,INE148I01020,Equity,,,,,
535910,Money Masters Leasing & Finance Limited,MMLF,Money Masters Leasing & Finance Ltd,Active,B ,1.00,INE340O01021,Equity,,,,,
535916,Alacrity Securities Limited,ALSL,Alacrity Securities Ltd,Active,B ,10.00,INE030P01017,Equity,,,,,
535917,GCM Commodity & Derivatives Limited,GCMCOMM,GCM Commodity & Derivatives Ltd,Active,M ,10.00,INE200P01016,Equity,,,,,
535958,Integra Essentia Limited,ESSENTIA,Integra Essentia Ltd,Active,B ,1.00,INE418N01035,Equity,,,,,
536073,JULIEN AGRO INFRATECH LIMITED,JULIEN,Julien Agro Infratech Ltd,Active,X ,5.00,INE890N01027,Equity,,,,,
536264,Tiger Logistics (India) Limited,TIGERLOGS,Tiger Logistics (India) Ltd,Active,B ,1.00,INE906O01029,Equity,,,,,
536493,JK Agri Genetics Limited,JKAGRI,JK Agri Genetics Ltd,Active,X ,10.00,INE690O01011,Equity,,,,,
536507,Future Lifestyle Fashions Limited,FLFL,Future Lifestyle Fashions Ltd,Active,Z ,2.00,INE452O01016,Equity,,,,,
536565,NOVELIX PHARMACEUTICALS LIMITED,NOVELIX,Novelix Pharmaceuticals Ltd,Active,X ,10.00,INE314I01036,Equity,,,,,
536659,PVV Infra Limited,PVVINFRA,PVV Infra Ltd,Active,X ,5.00,INE428B01021,Equity,,,,,
536672,VCU Data Management Limited,VCU,VCU Data Management Ltd,Active,X ,10.00,INE962O01014,Equity,,,,,
536709,IND Renewable Energy Ltd,INDRENEW,IND Renewable Energy Ltd,Active,Z ,10.00,INE138O01029,Equity,,,,,
536710,SRG FINGROW FINANCE LIMITED,SRGFFL,SRG Fingrow Finance Ltd,Active,MT,10.00,INE326P01019,Equity,,,,,
536737,Amrapali Capital and Finance Services Limited,ACFSL,Amrapali Capital and Finance Services Ltd,Active,MT,10.00,INE218P01018,Equity,,,,,
536738,STELLAR CAPITAL SERVICES LIMITED,STELLAR,Stellar Capital Services Ltd,Active,M ,10.00,INE325P01011,Equity,,,,,
536773,JINDAL POLY INVESTMENT AND FINANCE COMPANY LIMITED,JPOLYINVST,Jindal Poly Investment and Finance Company Ltd,Active,B ,10.00,INE147P01019,Equity,,,,,
536846,Yuranus Infrastructure Ltd,YURANUS,Yuranus Infrastructure Ltd,Active,X ,10.00,INE156M01017,Equity,,,,,
536960,Motilal Oswal Mutual Fund,MOM100,Motilal Oswal Nifty Midcap 100 ETF,Active,B ,10.00,INF247L01023,Equity,,,,,
536974,CAPTAIN POLYPLAST LIMITED,CPL,Captain Polyplast Ltd,Active,B ,2.00,INE536P01021,Equity,,,,,
537007,ICICI Prudential Mutual Fund,NIFTYIETF,ICICI Prudential Nifty 50 ETF,Active,B ,10.00,INF109K012R6,Equity,,,,,
537008,ICICI Prudential Mutual Fund,NIF100IETF,ICICI Prudential Nifty 100 ETF,Active,B ,1.00,INF109KC16V9,Equity,,,,,
537069,Arnold Holdings Ltd,ARNOLD,Arnold Holdings Ltd,Active,XT,10.00,INE185K01036,Equity,,,,,
537253,Sunil Healthcare Limited,SUNLOC,Sunil Healthcare Ltd,Active,B ,10.00,INE671C01016,Equity,,,,,
537254,JTL DEFENCE LIMITED,JTLDEFENCE,JTL Defence Ltd,Active,XT,10.00,INE140B01048,Equity,,,,,
537259,Suyog Telematics Limited,SUYOG,Suyog Telematics Ltd,Active,B ,10.00,INE442P01014,Equity,,,,,
537291,Nath Biogene India Ltd.,NATHBIOGEN,Nath Bio-Genes (India) Ltd,Active,B ,10.00,INE448G01010,Equity,,,,,
537292,Agri-Tech India Ltd.,AGRITECH,Agri- Tech (India) Ltd,Active,B ,10.00,INE449G01018,Equity,,,,,
537326,CHEMTECH INDUSTRIAL VALVES LIMITED,CHEMTECH,Chemtech Industrial Valves Ltd,Active,X ,10.00,INE212P01011,Equity,,,,,
537392,Keto Motors Limited,KETOMOTORS,Keto Motors Ltd,Active,XT,10.00,INE392H01026,Equity,,,,,
537483,Nippon India Mutual Fund,NIF100BEES,NIPPON INDIA ETF NIFTY 100,Active,B ,10.00,INF204K014N5,Equity,,,,,
537536,Denis Chem Lab Limited,DENISCHEM,Denis Chem Lab Ltd,Active,X ,10.00,INE051G01012,Equity,,,,,
537573,Polymac Thermoformers Limited,POLYMAC,Polymac Thermoformers Ltd,Active,M ,10.00,INE826P01018,Equity,,,,,
537582,Unishire Urban Infra Limited,UNISHIRE,Unishire Urban Infra Ltd,Active,M ,10.00,INE210P01015,Equity,,,,,
537669,LAXMIPATI ENGINEERING WORKS LIMITED,LAXMIPATI,Laxmipati Engineering Works Ltd,Active,MT,10.00,INE920P01019,Equity,,,,,
537707,LADDU GOPAL ONLINE SERVICES LIMITED,LADDU,Laddu Gopal Online Services Ltd,Active,X ,2.00,INE546I01025,Equity,,,,,
537708,Kotak Mahindra Mutual Fund,NIFTY1,Kotak Nifty 50 ETF,Active,B ,1.00,INF174K014P6,Equity,,,,,
537709,SHREE HANUMAN SUGAR & INDUSTRIES LTD.,HANSUGAR,Shree Hanuman Sugar & Industries Ltd,Active,XT,10.00,INE101H01013,Equity,,,,,
537750,Kiran Vyapar Limited,KIRANVYPAR,Kiran Vyapar Ltd,Active,B ,10.00,INE555P01013,Equity,,,,,
537766,B.C. Power Controls Limited,BCP,B.C. Power Controls Ltd,Active,X ,2.00,INE905P01028,Equity,,,,,
537784,Karnimata Cold Storage Limited,KCSL,Karnimata Cold Storage Ltd,Active,M ,10.00,INE576P01019,Equity,,,,,
537785,RACE ECO CHAIN LIMITED,RACE,Race Eco Chain Ltd,Active,B ,10.00,INE084Q01012,Equity,,,,,
537800,Mangalam Industrial Finance Limited,MANGIND,Mangalam Industrial Finance Ltd,Active,X ,1.00,INE717C01025,Equity,,,,,
537820,VIJI FINANCE LIMITED,VIJIFIN,Viji Finance Ltd,Active,T ,1.00,INE159N01027,Equity,,,,,
537839,HBG HOTELS LIMITED,HBGHOTELS,HBG Hotels Ltd,Active,X ,10.00,INE977M01024,Equity,,,,,
537985,INFRONICS SYSTEMS LIMITED,INFRONICS,Infronics Systems Ltd,Active,X ,10.00,INE463B01036,Equity,,,,,
538057,Nippon India Mutual Fund,CPSEETF,CPSE ETF,Active,B ,10.00,INF457M01133,Equity,,,,,
538081,Haria Apparels Limited,HARIAAPL,Haria Apparels Ltd,Active,X ,10.00,INE493N01012,Equity,,,,,
538092,SHRI VASUPRADA PLANTATIONS LIMITED,VASUPRADA,Shri Vasuprada Plantations Ltd,Active,B ,10.00,INE574G01013,Equity,,,,,
538119,R&B Denims Limited,RNBDENIMS,R&B Denims Ltd,Active,T ,1.00,INE012Q01039,Equity,,,,,
538212,SHARP INVESTMENTS LTD,SHARPINV,Sharp Investments Ltd,Active,XT,1.00,INE909D01026,Equity,,,,,
538268,Wonderla Holidays Limited,WONDERLA,Wonderla Holidays Ltd,Active,B ,10.00,INE066O01014,Equity,,,,,
538273,Response Informatics Limited,RESPONSINF,Response Informatics Ltd,Active,X ,10.00,INE401B01010,Equity,,,,,
538319,GCM Capital Advisors Limited,GCMCAPI,GCM Capital Advisors Ltd,Active,MT,10.00,INE191P01017,Equity,,,,,
538351,A.F. Enterprises Limited,AFEL,A.F. Enterprises Ltd,Active,Z ,10.00,INE663P01015,Equity,,,,,
538365,INCREDIBLE INDUSTRIES LIMITED,INCREDIBLE,Incredible Industries Ltd,Active,B ,10.00,INE452L01012,Equity,,,,,
538382,WEST LEISURE RESORTS LIMITED,WESTLEIRES,West Leisure Resorts Ltd,Active,X ,10.00,INE266P01017,Equity,,,,,
538395,Nam Securities Ltd.,NAM,Nam Securities Ltd,Active,XT,10.00,INE792G01011,Equity,,,,,
538401,MAESTROS ELECTRONICS & TELECOMMUNICATIONS SYSTEMS LTD,METSL,Maestros Electronics & Telecommunications Systems Ltd,Active,X ,10.00,INE318N01011,Equity,,,,,
538422,Jackson Investments Limited,JACKSON,Jackson Investments Ltd,Active,X ,1.00,INE508N01025,Equity,,,,,
538446,MONEYBOXX FINANCE LIMITED,MONEYBOXX,Moneyboxx Finance Ltd,Active,B ,10.00,INE296Q01012,Equity,,,,,
538451,Worth Investment & Trading Co Limited,WORTH,Worth Investment & Trading Co Ltd,Active,X ,1.00,INE114O01020,Equity,,,,,
538464,Thirani Projects Limited,TPROJECT,Thirani Projects Ltd,Active,X ,10.00,INE901C01017,Equity,,,,,
538476,Capital Trade Links Limited,CTL,Capital Trade Links Ltd,Active,XT,1.00,INE172D01021,Equity,,,,,
538496,Tarini International Limited,TARINI,Tarini International Ltd,Active,M ,10.00,INE849M01017,Equity,,,,,
538520,SHIVAMSHREE BUSINESSES LIMITED,SBL,Shivamshree Businesses Ltd,Active,X ,1.00,INE857P01021,Equity,,,,,
538521,YAAN ENTERPRISES LIMITED,YAANENT,Yaan Enterprises Ltd,Active,X ,10.00,INE969E01010,Equity,,,,,
538539,ANNVRRIDHHI VENTURES LIMITED,ANVRDHI,Annvrridhhi  Ventures Ltd,Active,X ,10.00,INE075K01013,Equity,,,,,
538540,RAAMA FINANCE LIMITED,RAAMA,Raama Finance Ltd,Active,XT,1.00,INE516P01015,Equity,,,,,
538542,GoldCoin Health Foods Limited,GOLDCOINHF,Gold Coin Health Foods Ltd,Active,X ,10.00,INE634J01027,Equity,,,,,
538546,Bansal Roofing Products Limited,BRPL,Bansal Roofing Products Ltd,Active,B ,10.00,INE319Q01012,Equity,,,,,
538556,Arman Holdings Limited,ARMAN,Arman Holdings Ltd,Active,X ,10.00,INE510P01018,Equity,,,,,
538562,Skipper Limited,SKIPPER,Skipper Ltd,Active,B ,1.00,INE439E01022,Equity,,,,,
538563,SMT ENGINEERING LIMITED,SMTEL,SMT Engineering Ltd,Active,X ,10.00,INE673E01018,Equity,,,,,
538564,James Warren Tea Limited,JAMESWARREN,James Warren Tea Ltd,Active,X ,10.00,INE718P01017,Equity,,,,,
538565,Vistar Amar Limited,VISTARAMAR,Vistar Amar Ltd,Active,X ,10.00,INE878P01019,Equity,,,,,
538567,Gulf Oil Lubricants India Limited,GULFOILLUB,Gulf Oil Lubricants India Ltd,Active,B ,2.00,INE635Q01029,Equity,,,,,
538568,Fruition Venture Limited,FRUTION,Fruition Venture Ltd,Active,XT,10.00,INE836C01015,Equity,,,,,
538569,Triveni Enterprises Limited,TRIVENIENT,Triveni Enterprises Ltd,Active,X ,1.00,INE916P01025,Equity,,,,,
538576,Bhanderi Infracon Limited,BHANDERI,Bhanderi Infracon Ltd,Active,MT,10.00,INE336Q01016,Equity,,,,,
538579,ZINEMA MEDIA AND ENTERTAINMENT LIMITED,ZINEMA,Zinema Media And Entertainment Ltd,Active,MT,10.00,INE641Q01019,Equity,,,,,
538596,CEMANTIC INFRA-TECH LIMITED,CEMAINFRA,Cemantic Infra-Tech Ltd,Active,X ,10.00,INE222B01028,Equity,,,,,
538597,TTI Enterprise Limited,TTIENT,TTI Enterprise Ltd,Active,X ,10.00,INE404F01031,Equity,,,,,
538598,Vishal Fabrics Limited,VISHAL,Vishal Fabrics Ltd,Active,B ,5.00,INE755Q01025,Equity,,,,,
538607,TOYAM SPORTS LIMITED,TOYAMSL,Toyam Sports Ltd,Active,B ,1.00,INE457P01020,Equity,,,,,
538609,Gajanan Securities Services Ltd.,GAJANANSEC,Gajanan Securities Services Ltd,Active,X ,10.00,INE868G01019,Equity,,,,,
538610,Unison Metals Ltd,UNISON,Unison Metals Ltd,Active,XT,1.00,INE099D01026,Equity,,,,,
538611,Real Touch Finance Limited,RTFL,Real Touch Finance Ltd,Active,Z ,10.00,INE840I01014,Equity,,,,,
538634,Vasundhara Rasayans Ltd.,VRL,Vasundhara Rasayans Ltd,Active,X ,10.00,INE406F01010,Equity,,,,,
538635,SNOWMAN LOGISTICS LIMITED,SNOWMAN,Snowman Logistics Ltd,Active,B ,10.00,INE734N01019,Equity,,,,,
538646,QGO FINANCE LIMITED,QGO,QGO Finance Ltd,Active,X ,10.00,INE837C01013,Equity,,,,,
538647,Purshottam Investofin Limited,PURSHOTTAM,Purshottam Investofin Ltd,Active,X ,10.00,INE729C01020,Equity,,,,,
538652,HIND COMMERCE LIMITED,HCLTD,Hind Commerce Ltd,Active,X ,10.00,INE691J01019,Equity,,,,,
538666,Sharda Cropchem Limited,SHARDACROP,Sharda Cropchem Ltd,Active,A ,10.00,INE221J01015,Equity,,,,,
538667,Sirohia & Sons Limited,SIROHIA,Sirohia & Sons Ltd,Active,M ,10.00,INE785O01019,Equity,,,,,
538668,Meghna Infracon Infrastructure Limited,MIIL,Meghna Infracon Infrastructure Ltd,Active,B ,10.00,INE898Q01015,Equity,,,,,
538674,City Online Services Limited,CITYONLINE,City Online Services Ltd,Active,Z ,10.00,INE158C01014,Equity,,,,,
538683,Nippon India Mutual Fund,SENSEXBEES,Nippon India ETF S&P BSE Sensex,Active,B ,10.00,INF204KA1UN7,Equity,,,,,
538685,SHEMAROO ENTERTAINMENT LIMITED,SHEMAROO,Shemaroo Entertainment Ltd,Active,T ,10.00,INE363M01019,Equity,,,,,
538706,Ultracab (India) Limited,ULTRACAB,Ultracab (India) Ltd,Active,X ,2.00,INE010R01023,Equity,,,,,
538707,Rajasthan Cylinders & Containers Limited,RCCL,Rajasthan Cylinders & Containers Ltd,Active,X ,10.00,INE929D01016,Equity,,,,,
538708,Econo Trade (India) Limited,ETIL,Econo Trade (India) Ltd,Active,X ,10.00,INE937K01014,Equity,,,,,
538713,Atishay Limited,ATISHAY,Atishay Ltd,Active,X ,10.00,INE011R01013,Equity,,,,,
538714,Sangam Finserv Limited,SANGAMFIN,Sangam Finserv Ltd,Active,X ,10.00,INE475D01010,Equity,,,,,
538715,Dhabriya Polywood Limited,DHABRIYA,Dhabriya Polywood Ltd,Active,T ,10.00,INE260R01016,Equity,,,,,
538716,Aryaman Capital Markets Limited,ARYACAPM,Aryaman Capital Markets Ltd,Active,B ,10.00,INE229R01011,Equity,,,,,
538730,PDS LIMITED,PDSL,PDS Ltd,Active,B ,2.00,INE111Q01021,Equity,,,,,
538731,HANMAN FIT LIMITED,HANMAN,Hanman Fit Ltd,Active,M ,10.00,INE982Q01017,Equity,,,,,
538732,Vibrant Global Capital Limited,VGCL,Vibrant Global Capital Ltd,Active,B ,10.00,INE761Q01015,Equity,,,,,
538734,CEINSYS TECH LIMITED,CEINSYS,Ceinsys Tech Ltd,Active,B ,10.00,INE016Q01014,Equity,,,,,
538742,PANABYTE TECHNOLOGIES LIMITED,PANABYTE,Panabyte Technologies Ltd,Active,XT,10.00,INE516E01019,Equity,,,,,
538743,Mudunuru Limited,MUDUNURU,Mudunuru Ltd,Active,XT,2.00,INE491C01027,Equity,,,,,
538765,JLA Infraville Shoppers Limited,JSHL,JLA Infraville Shoppers Ltd,Active,MT,10.00,INE401Q01018,Equity,,,,,
538770,Crane Infrastructure Limited,CRANEINFRA,Crane Infrastructure Ltd,Active,X ,10.00,INE176L01017,Equity,,,,,
538772,Niyogin Fintech Limited,NIYOGIN,Niyogin Fintech Ltd,Active,X ,10.00,INE480D01010,Equity,,,,,
538777,ASIA CAPITAL LIMITED,ASIACAP,Asia Capital Ltd,Active,XT,10.00,INE131Q01011,Equity,,,,,
538778,Kalyan Capitals Limited,KALYANCAP,Kalyan Capitals Ltd,Active,X ,2.00,INE149Q01021,Equity,,,,,
538786,Citizen Solar Limited,CITIZEN,Citizen Solar Ltd,Active,X ,10.00,INE473L01018,Equity,,,,,
538787,Goenka Business & Finance Limited,GBFL,Goenka Business & Finance Ltd,Active,X ,10.00,INE997C01015,Equity,,,,,
538788,Gilada Finance & Investments Ltd.,GILADAFINS,Gilada Finance & Investments Ltd,Active,X ,5.00,INE918C01029,Equity,,,,,
538794,JET SOLAR LIMITED,JETSOLAR,Jet Solar Ltd,Active,M ,10.00,INE155R01018,Equity,,,,,
538795,Shree Ajit Pulp And Paper Ltd,SAPPL,Shree Ajit Pulp And Paper Ltd,Active,B ,10.00,INE185C01017,Equity,,,,,
538812,Aanchal Ispat Limited,AANCHALISP,Aanchal Ispat Ltd,Active,XT,10.00,INE322R01022,Equity,,,,,
538817,Captain Pipes Limited,CAPPIPES,Captain Pipes Ltd,Active,B ,1.00,INE513R01026,Equity,,,,,
538833,KAIZEN AGRO INFRABUILD LIMITED,KAIZENAGRO,Kaizen Agro Infrabuild Ltd,Active,XT,10.00,INE891N01017,Equity,,,,,
538834,JMJ Fintech Limited,JMJFIN,JMJ Fintech Ltd,Active,X ,10.00,INE242Q01016,Equity,,,,,
538835,INTELLECT DESIGN ARENA LIMITED,INTELLECT,Intellect Design Arena Ltd,Active,A ,5.00,INE306R01017,Equity,,,,,
538836,Monte Carlo Fashions Limited,MONTECARLO,Monte Carlo Fashions Ltd,Active,B ,10.00,INE950M01013,Equity,,,,,
538837,Jeevan Scientific Technology Limited,JSTL,Jeevan Scientific Technology Ltd,Active,X ,10.00,INE237B01018,Equity,,,,,
538838,Indo Cotspin Limited,ICL,Indo Cotspin Ltd,Active,X ,10.00,INE407P01017,Equity,,,,,
538857,Scintilla Commercial & Credit  Limited,SCC,Scintilla Commercial & Credit Ltd,Active,X ,10.00,INE892C01018,Equity,,,,,
538860,PANAFIC INDUSTRIALS LTD,PANAFIC,Panafic Industrials Ltd,Active,XT,1.00,INE655P01029,Equity,,,,,
538862,My Money Securities Ltd.,MYMONEY,My Money Securities Ltd,Active,X ,10.00,INE232L01018,Equity,,,,,
538863,SRI AMARNATH FINANCE LIMITED,AMARNATH,Sri Amarnath Finance Ltd,Active,X ,10.00,INE985Q01010,Equity,,,,,
538868,Continental Securities Limited,CSL,Continental Securities Ltd,Active,XT,2.00,INE183Q01020,Equity,,,,,
538874,NEXUS SURGICAL AND MEDICARE LIMITED,NEXUSSURGL,Nexus Surgical And Medicare Ltd,Active,XT,10.00,INE370Q01015,Equity,,,,,
538881,Galada Finance Limited,GALADAFIN,Galada Finance Ltd,Active,X ,10.00,INE243E01010,Equity,,,,,
538882,Emerald Finance Limited,EMERALD,Emerald Finance Ltd,Active,X ,10.00,INE030Q01015,Equity,,,,,
538890,M. K. Exim (India) Ltd.,MKEXIM,M.K. Exim (India) Ltd,Active,B ,10.00,INE227F01010,Equity,,,,,
538891,MAGELLANIC CLOUD LIMITED,MCLOUD,Magellanic Cloud Ltd,Active,B ,2.00,INE613C01026,Equity,,,,,
538894,Octal Credit Capital Ltd.,OCTAL,Octal Credit Capital Ltd,Active,X ,10.00,INE513C01010,Equity,,,,,
538895,Mihika Industries Ltd.,MIHIKA,Mihika Industries Ltd,Active,XT,10.00,INE779Q01017,Equity,,,,,
538896,Kanchi Karpooram Ltd.,KANCHI,Kanchi Karpooram Ltd,Active,B ,10.00,INE081G01019,Equity,,,,,
538897,Shri Niwas Leasing and Finance Limited,SHRINIWAS,Shri Niwas Leasing And Finance Ltd,Active,XT,10.00,INE201F01015,Equity,,,,,
538902,Dhunseri Tea & Industries Ltd,DTIL,Dhunseri Tea & Industries Ltd,Active,T ,10.00,INE341R01014,Equity,,,,,
538918,Vani Commercials Limited,VANICOM,Vani Commercials Ltd,Active,X ,10.00,INE661Q01017,Equity,,,,,
538920,VINTAGE COFFEE AND BEVERAGES LIMITED,VINCOFE,Vintage Coffee And Beverages Ltd,Active,B ,10.00,INE498Q01014,Equity,,,,,
538921,Raghuvansh Agrofarms Limited,RAFL,Raghuvansh Agrofarms Ltd,Active,M ,10.00,INE865P01016,Equity,,,,,
538922,COSYN Limited,COSYN,COSYN Ltd,Active,X ,10.00,INE029B01019,Equity,,,,,
538923,SOFCOM SYSTEMS LIMITED,SOFCOM,Sofcom Systems Ltd,Active,XT,10.00,INE499Q01012,Equity,,,,,
538926,Naturite Agro Products Limited,NAPL,Naturite Agro Products Ltd,Active,X ,10.00,INE223R01014,Equity,,,,,
538928,Karnavati Finance Limited,KARNAVATI,Karnavati Finance Ltd,Active,X ,1.00,INE554R01020,Equity,,,,,
538935,Abhishek Finlease limited,ABHIFIN,Abhishek Finlease Ltd,Active,X ,10.00,INE723C01015,Equity,,,,,
538942,Mercantile Ventures Limited,MERCANTILE,Mercantile Ventures Ltd,Active,B ,10.00,INE689O01013,Equity,,,,,
538943,Sonal Mercantile Limited,SONAL,Sonal Mercantile Ltd,Active,B ,10.00,INE321M01017,Equity,,,,,
538952,Abhinav Leasing & Finance Limited,ALFL,Abhinav Leasing & Finance Ltd,Active,X ,1.00,INE211D01027,Equity,,,,,
538961,GENUS PAPER & BOARDS LIMITED,GENUSPAPER,Genus Paper & Boards Ltd,Active,B ,1.00,INE949P01018,Equity,,,,,
538962,Minda Corporation Limited,MINDACORP,Minda Corporation Ltd,Active,A ,2.00,INE842C01021,Equity,,,,,
538964,Mercury Laboratories Limited,MERCURYLAB,Mercury Laboratories Ltd,Active,X ,10.00,INE947G01011,Equity,,,,,
538965,Concord Drugs Limited,CONCORD,Concord Drugs Ltd,Active,X ,10.00,INE858L01010,Equity,,,,,
538970,WARDWIZARD INNOVATIONS AND MOBILITY LIMITED,WARDINMOBI,Wardwizard Innovations & Mobility Ltd,Active,B ,1.00,INE945P01024,Equity,,,,,
538975,Shree Securities Ltd.,SHREESEC,Shree Securities Ltd,Active,Z ,1.00,INE397C01026,Equity,,,,,
538979,Greenlam Industries Ltd,GREENLAM,Greenlam Industries Ltd,Active,B ,1.00,INE544R01021,Equity,,,,,
538987,TALBROS ENGINEERING LIMITED,TALBROSENG,Talbros Engineering Ltd,Active,X ,10.00,INE717E01013,Equity,,,,,
538992,Sar  Auto Products Limited,SAPL,SAR Auto Products Ltd,Active,XT,10.00,INE002E01010,Equity,,,,,
538993,Purohit Construction Limited,PUROHITCON,Purohit Construction Ltd,Active,XT,10.00,INE147J01012,Equity,,,,,
539005,JAYATMA ENTERPRISES LIMITED,JAYATMA,Jayatma Enterprises Ltd,Active,X ,10.00,INE246D01015,Equity,,,,,
539006,PTC Industries Ltd.,PTCIL,PTC Industries Ltd,Active,A ,10.00,INE596F01018,Equity,,,,,
539011,CHENNAI FERROUS INDUSTRIES LIMITED,CHENFERRO,Chennai Ferrous Industries Ltd,Active,X ,10.00,INE777O01016,Equity,,,,,
539012,Megri Soft Limited,MEGRISOFT,Megri Soft Ltd,Active,X ,10.00,INE756R01013,Equity,,,,,
539013,GITA RENEWABLE ENERGY LIMITED,GITARENEW,Gita Renewable Energy Ltd,Active,X ,10.00,INE776O01018,Equity,,,,,
539014,Kalpa Commercial Limited,KALPACOMME,Kalpa Commercial Ltd,Active,X ,10.00,INE059Q01014,Equity,,,,,
539016,Neil Industries Ltd.,NEIL,Neil Industries Ltd,Active,X ,10.00,INE396C01010,Equity,,,,,
539017,STAR HOUSING FINANCE LIMITED,STARHFL,Star Housing Finance Ltd,Active,X ,5.00,INE526R01028,Equity,,,,,
539018,Beekay Steel Industries Ltd.,BEEKAY,Beekay Steel Industries Ltd,Active,B ,10.00,INE213D01015,Equity,,,,,
539026,SSPN Finance Limited,SSPNFIN,SSPN Finance Ltd,Active,M ,10.00,INE820R01017,Equity,,,,,
539031,SBI Mutual Fund,SETFBSE100,SBI Mutual Fund - SBI - ETF BSE 100,Active,B ,10.00,INF200KA1572,Equity,,,,,
539032,Fraser And Company Limited,FRASER,Fraser and Company Ltd,Active,X ,10.00,INE184Q01010,Equity,,,,,
539040,TIRUPATI INNOVAR LIMITED,TIRUPATIIN,Tirupati Innovar Ltd,Active,X ,10.00,INE812Q01016,Equity,,,,,
539041,GANESHA ECOVERSE LIMITED,GANVERSE,Ganesha Ecoverse Ltd,Active,MT,10.00,INE369Q01017,Equity,,,,,
539042,AGI Infra Limited,AGIIL,AGI Infra Ltd,Active,B ,1.00,INE976R01033,Equity,,,,,
539044,Manaksia Steels Limited,MANAKSTEEL,Manaksia Steels Ltd,Active,T ,1.00,INE824Q01011,Equity,,,,,
539045,Manaksia Aluminium Company Ltd,MANAKALUCO,Manaksia Aluminium Company Ltd,Active,B ,1.00,INE859Q01017,Equity,,,,,
539046,Manaksia Coated Metals & Industries Ltd,MANAKCOAT,Manaksia Coated Metals & Industries Ltd,Active,B ,1.00,INE830Q01018,Equity,,,,,
539056,IMAGICAAWORLD ENTERTAINMENT LIMITED,IMAGICAA,Imagicaaworld Entertainment Ltd,Active,B ,10.00,INE172N01012,Equity,,,,,
539083,Inox Wind Limited,INOXWIND,Inox Wind Ltd,Active,A ,10.00,INE066P01011,Equity,,,,,
539090,Rajputana Investment and Finance Ltd.,RAJPUTANA,Rajputana Investment and Finance Ltd,Active,X ,10.00,INE751R01014,Equity,,,,,
539091,Consecutive Commodities Limited,CCDL,Consecutive Commodities Ltd,Active,XT,1.00,INE187R01029,Equity,,,,,
539097,UR SUGAR INDUSTRIES LIMITED,URSUGAR,UR Sugar Industries Ltd,Active,T ,2.00,INE904R01027,Equity,,,,,
539098,Filtra Consultants and Engineers Limited,FILTRA,Filtra Consultants and Engineers Ltd,Active,M ,10.00,INE541R01019,Equity,,,,,
539099,Athena Constructions Limited,ATHCON,Athena Constructions Ltd,Active,M ,10.00,INE291R01011,Equity,,,,,
539110,Northlink Fiscal And Capital Services Ltd.,NORTHLINK,Northlink Fiscal and Capital Services Ltd,Active,Z ,10.00,INE736P01019,Equity,,,,,
539111,SHESHADRI INDUSTRIES LIMITED,SHESHAINDS,Sheshadri Industries Ltd,Active,X ,10.00,INE193R01019,Equity,,,,,
539112,SAB INDUSTRIES LIMITED,SAB,SAB Industries Ltd,Active,B ,10.00,INE137M01017,Equity,,,,,
539113,Paul Merchants Ltd.,PML,Paul Merchants Ltd,Active,B ,10.00,INE291E01019,Equity,,,,,
539115,ALAN SCOTT ENTERPRISES LIMITED,ALANSCOTT,Alan Scott Enterprises Ltd,Active,XT,10.00,INE273F01022,Equity,,,,,
539116,O. P. Chains Limited,OPCHAINS,O. P. Chains Ltd,Active,MT,10.00,INE118Q01018,Equity,,,,,
539117,Sujala Trading & Holdings Ltd.,SUJALA,Sujala Trading & Holdings Ltd,Active,X ,10.00,INE029H01016,Equity,,,,,
539118,VRL Logistics Limited,VRLLOG,VRL Logistics Ltd,Active,B ,10.00,INE366I01010,Equity,,,,,
539119,Jain Marmo Industries Ltd.,JAINMARMO,Jain Marmo Industries Ltd,Active,X ,10.00,INE780Q01015,Equity,,,,,
539120,GRAMEVA LIMITED,GRAMEVA,Grameva Ltd,Active,XT,10.00,INE578R01011,Equity,,,,,
539121,Palco Metals Limited,PALCO,Palco Metals Ltd,Active,X ,10.00,INE239L01013,Equity,,,,,
539122,Bodhtree Consulting Limited,BODHTREE,Bodhtree Consulting Ltd,Active,X ,10.00,INE104F01029,Equity,,,,,
539123,V B INDUSTRIES LIMITED,VBIND,V B Industries Ltd,Active,X ,10.00,INE334E01017,Equity,,,,,
539124,Sarvottam Finvest Limited,SARVOTTAM,Sarvottam Finvest Ltd,Active,X ,10.00,INE822Q01015,Equity,,,,,
539126,MEP Infrastructure Developers Limited,MEP,MEP Infrastructure Developers Ltd,Active,Z ,10.00,INE776I01010,Equity,,,,,
539132,Wardwizard Foods and Beverages Limited,WARDWIZFBL,Wardwizard Foods and Beverages Ltd,Active,X ,1.00,INE761D01021,Equity,,,,,
539141,UFO Moviez India Limited,UFO,UFO Moviez India Ltd,Active,B ,10.00,INE527H01019,Equity,,,,,
539143,PANTH INFINITY LIMITED,PANTH,Panth Infinity Ltd,Active,X ,10.00,INE945O01019,Equity,,,,,
539148,Shivalik Rasayan Ltd.,SHIVALIK,Shivalik Rasayan Ltd,Active,B ,5.00,INE788J01021,Equity,,,,,
539149,Integrated Capital Services Ltd,ICSL,Integrated Capital Services Ltd,Active,X ,1.00,INE682B01023,Equity,,,,,
539150,PNC Infratech Limited,PNCINFRA,PNC Infratech Ltd,Active,A ,2.00,INE195J01029,Equity,,,,,
539151,Arfin India Limited,ARFIN,Arfin India Ltd,Active,B ,1.00,INE784R01023,Equity,,,,,
539167,Virat Leasing Limited,VLL,Virat Leasing Ltd,Active,X ,5.00,INE347L01022,Equity,,,,,
539174,Helpage Finlease Ltd.,HELPAGE,Helpage Finlease Ltd,Active,X ,10.00,INE738P01015,Equity,,,,,
539176,Hawa Engineers ltd.,HAWAENG,Hawa Engineers Ltd,Active,X ,10.00,INE230I01018,Equity,,,,,
539177,Authum Investment & Infrastructure Limited,AIIL,Authum Investment & Infrastructure Ltd,Active,A ,1.00,INE206F01022,Equity,,,,,
539189,Adhbhut Infrastructure Ltd.,ADHBHUTIN,Adhbhut Infrastructure Ltd,Active,X ,10.00,INE578L01014,Equity,,,,,
539190,Decillion Finance Ltd.,DFL,Decillion Finance Ltd,Active,X ,10.00,INE848N01017,Equity,,,,,
539195,POCL ENTERPRISES LTD,POEL,POCL Enterprises Ltd,Active,B ,2.00,INE035S01028,Equity,,,,,
539196,Amba Enterprises Ltd.,AEL,Amba Enterprises Ltd,Active,X ,5.00,INE829P01020,Equity,,,,,
539199,SG FINSERVE LIMITED,SGFIN,SG Finserve Ltd,Active,B ,10.00,INE618R01015,Equity,,,,,
539200,NOBLE POLYMERS LIMITED,NOBPOL,Noble Polymers Ltd,Active,XT,5.00,INE203Q01026,Equity,,,,,
539201,SATIA INDUSTRIES LIMITED,SATIA,Satia Industries Ltd,Active,B ,1.00,INE170E01023,Equity,,,,,
539206,GENOMIC VALLEY BIOTECH LIMITED,GVBL,Genomic Valley Biotech Ltd,Active,X ,10.00,INE574D01010,Equity,,,,,
539216,GARMENT MANTRA LIFESTYLE LIMITED,GARMNTMNTR,Garment Mantra Lifestyle Ltd,Active,X ,1.00,INE653S01028,Equity,,,,,
539217,Srestha Finvest Limited,SRESTHA,Srestha Finvest Ltd,Active,X ,1.00,INE606K01049,Equity,,,,,
539218,Saumya Consultants Ltd.,SAUMYA,Saumya Consultants Ltd,Active,X ,10.00,INE563C01015,Equity,,,,,
539219,MAURIA UDYOG LIMITED,MUL,Mauria Udyog Ltd,Active,X ,1.00,INE150D01027,Equity,,,,,
539220,Mishka Exim Limited,MISHKA,Mishka Exim Ltd,Active,X ,10.00,INE540S01019,Equity,,,,,
539221,Sportking India Ltd.,SPORTKING,Sportking India Ltd,Active,B ,1.00,INE885H01029,Equity,,,,,
539222,GROWINGTON VENTURES INDIA LIMITED,GROWINGTON,Growington Ventures India Ltd,Active,B ,1.00,INE451S01027,Equity,,,,,
539224,HCKK Ventures Limited,HCKKVENTURE,HCKK Ventures Ltd,Active,XT,10.00,INE345Q01017,Equity,,,,,
539225,Jiya Eco-Products Limited,JIYAECO,Jiya Eco-Products Ltd,Active,XT,100.00,INE023S01024,Equity,,,,,
539226,RUDRA GLOBAL INFRA PRODUCTS LIMITED,RUDRA,Rudra Global Infra Products Ltd,Active,B ,5.00,INE027T01023,Equity,,,,,
539227,Loyal Equipments Limited,LOYAL,Loyal Equipments Ltd,Active,X ,10.00,INE876S01017,Equity,,,,,
539228,Gala Global Products Limited,GGPL,Gala Global Products Ltd,Active,Z ,5.00,INE480S01026,Equity,,,,,
539230,Chemiesynth (Vapi) Limited,CHEMIESYNT,Chemiesynth (Vapi) Ltd,Active,XT,10.00,INE829R01018,Equity,,,,,
539251,Balkrishna Paper Mills Ltd,BALKRISHNA,Balkrishna Paper Mills Ltd,Active,B ,10.00,INE875R01011,Equity,,,,,
539252,Shyam Century Ferrous Limited,SHYAMCENT,Shyam Century Ferrous Ltd,Active,T ,1.00,INE979R01011,Equity,,,,,
539253,Surya India Limited,SURYAINDIA,Surya India Ltd,Active,X ,10.00,INE446E01019,Equity,,,,,
539254,Adani Energy Solutions Limited,ADANIENSOL,Adani Energy Solutions Ltd,Active,A ,10.00,INE931S01010,Equity,,,,,
539255,STAR DELTA TRANSFORMERS LIMITED,STARDELTA,Star Delta Transformers Ltd,Active,X ,10.00,INE541K01014,Equity,,,,,
539265,Amrapali Fincap Limited,AMRAFIN,Amrapali Fincap Ltd,Active,MT,10.00,INE990S01016,Equity,,,,,
539267,SAMSRITA LABS LIMITED,SAMSRITA,Samsrita Labs Ltd,Active,X ,10.00,INE579N01018,Equity,,,,,
539268,Syngene International Limited,SYNGENE,Syngene International Ltd,Active,A ,10.00,INE398R01022,Equity,,,,,
539273,PECOS Hotels And Pubs Limited,PECOS,Pecos Hotels and Pubs Ltd,Active,M ,10.00,INE484S01010,Equity,,,,,
539275,Mangalam Seeds Limited,MSL,Mangalam Seeds Ltd,Active,B ,10.00,INE829S01016,Equity,,,,,
539276,Kaya Limited,KAYA,Kaya Ltd,Active,T ,10.00,INE587G01015,Equity,,,,,
539278,Symbiox Investment & Trading Co. Ltd.,SYMBIOX,Symbiox Investment & Trading Company Ltd,Active,X ,10.00,INE653R01012,Equity,,,,,
539287,ORTIN GLOBAL LIMITED,ORTINGLOBE,Ortin Global Ltd,Active,B ,10.00,INE749B01020,Equity,,,,,
539289,AURUM PROPTECH LIMITED,AURUM,Aurum PropTech Ltd,Active,B ,5.00,INE898S01029,Equity,,,,,
539290,Oswal Greentech Limited,OSWALGREEN,Oswal Greentech Ltd,Active,B ,10.00,INE143A01010,Equity,,,,,
539300,SUNRAKSHAKK INDUSTRIES INDIA LIMITED,SUNRAKSHAK,Sunrakshakk Industries India Ltd,Active,B ,2.00,INE671K01027,Equity,,,,,
539301,Arvind SmartSpaces Limited,ARVSMART,Arvind SmartSpaces Ltd,Active,B ,10.00,INE034S01021,Equity,,,,,
539302,Power Mech Projects Limited,POWERMECH,Power Mech Projects Ltd,Active,A ,10.00,INE211R01019,Equity,,,,,
539309,Rama Steel Tubes Limited,RAMASTEEL,Rama Steel Tubes Ltd,Active,T ,1.00,INE230R01035,Equity,,,,,
539310,THINKINK PICTUREZ LIMITED,THINKINK,Thinkink Picturez Ltd,Active,X ,1.00,INE365S01045,Equity,,,,,
539312,UTI Mutual Fund,SENSEXBETA,UTI BSE SENSEX ETF,Active,B ,10.00,INF789FB1X58,Equity,,,,,
539313,UTI Mutual Fund,NIFTYBETA,UTI NIFTY 50 ETF,Active,B ,1.00,INF789F1AZC0,Equity,,,,,
539314,Universal Autofoundry Limited,UNIAUTO,Universal Autofoundry Ltd,Active,B ,10.00,INE203T01012,Equity,,,,,
539331,VETO SWITCHGEARS AND CABLES LIMITED,VETO,Veto Switchgears and Cables Ltd,Active,B ,10.00,INE918N01018,Equity,,,,,
539332,Navkar Corporation Limited,NAVKARCORP,Navkar Corporation Ltd,Active,B ,10.00,INE278M01019,Equity,,,,,
539334,Shree Pushkar Chemicals & Fertilisers Limited,SHREEPUSHK,Shree Pushkar Chemicals & Fertilisers Ltd,Active,B ,10.00,INE712K01011,Equity,,,,,
539335,Callista Industries Limited,CALLISTA,Callista Industries Ltd,Active,XT,10.00,INE714Q01014,Equity,,,,,
539336,Gujarat Energy Limited,GUJENERGY,Gujarat Energy Ltd,Active,A ,2.00,INE844O01030,Equity,,,,,
539337,WAAREE TECHNOLOGIES LIMITED ,WAAREE,Waaree Technologies Ltd,Active,M ,10.00,INE725P01012,Equity,,,,,
539346,Sadbhav Infrastructure Project Limited,SADBHIN,Sadbhav Infrastructure Project Ltd,Active,B ,10.00,INE764L01010,Equity,,,,,
539352,P. B. Films Limited,PBFL,P. B. Films Ltd,Active,MT,10.00,INE212Q01019,Equity,,,,,
539353,SAL AUTOMOTIVE LIMITED,SALAUTO,Sal Automotive Ltd,Active,X ,10.00,INE724G01014,Equity,,,,,
539354,POLYSPIN EXPORTS LIMITED,POLYSPIN,Polyspin Exports Ltd,Active,B ,5.00,INE914G01029,Equity,,,,,
539359,Pritika Auto Industries Limited,PRITIKAUTO,Pritika Auto Industries Ltd,Active,T ,2.00,INE583R01029,Equity,,,,,
539383,Mahaveer Infoway Limited,MAHAVEER,Mahaveer Infoway Ltd,Active,Z ,10.00,INE019D01016,Equity,,,,,
539391,Acme Resources Limited,ACME,Acme Resources Ltd,Active,Z ,10.00,INE636B01011,Equity,,,,,
539393,Kabra Commercial Limited,KCL,Kabra Commercial Ltd,Active,XT,10.00,INE926E01010,Equity,,,,,
539398,Vishal Bearings Limited,VISHALBL,Vishal Bearings Ltd,Active,B ,10.00,INE060T01024,Equity,,,,,
539399,Bella Casa Fashion & Retail Limited,BELLACASA,Bella Casa Fashion & Retail Ltd,Active,B ,10.00,INE344T01014,Equity,,,,,
539400,MALLCOM (INDIA) LTD.,MALLCOM,Mallcom (India) Ltd,Active,B ,10.00,INE389C01015,Equity,,,,,
539401,Patdiam Jewellery Limited,PJL,Patdiam Jewellery Ltd,Active,M ,10.00,INE473T01011,Equity,,,,,
539402,Naksh Precious Metals Limited,NAKSH,Naksh Precious Metals Ltd,Active,Z ,10.00,INE256S01012,Equity,,,,,
539404,SATIN CREDITCARE NETWORK LIMITED,SATIN,Satin Creditcare Network Ltd,Active,B ,10.00,INE836B01017,Equity,,,,,
539405,Decorous Investment and Trading Co. Ltd.,DITCO,Decorous Investment & Trading Co Ltd,Active,X ,10.00,INE183R01010,Equity,,,,,
539406,Swagtam Trading & Services Limited,SWAGTAM,Swagtam Trading & Services Ltd,Active,X ,10.00,INE150R01019,Equity,,,,,
539407,Generic Engineering Construction and Projects Limited,GENCON,Generic Engineering Construction and Projects Ltd,Active,B ,5.00,INE854S01022,Equity,,,,,
539408,Kuber Udyog Limited,KUBERJI,Kuber Udyog Ltd,Active,XT,10.00,INE594R01018,Equity,,,,,
539409,NEERAJ PAPER MARKETING LIMITED,NEERAJ,Neeraj Paper Marketing Ltd,Active,X ,10.00,INE894J01019,Equity,,,,,
539428,Tejnaksh Healthcare Limited,TEJNAKSH,Tejnaksh Healthcare Ltd,Active,X ,5.00,INE030T01027,Equity,,,,,
539434,Brilliant Portfolios Ltd.,BRIPORT,Brilliant Portfolios Ltd,Active,X ,10.00,INE661F01010,Equity,,,,,
539435,Richfield Financial Services Ltd.,RFSL,Richfield Financial Services Ltd,Active,X ,10.00,INE201C01012,Equity,,,,,
539436,Coffee Day Enterprises Limited,COFFEEDAY,Coffee Day Enterprises Ltd,Active,B ,10.00,INE335K01011,Equity,,,,,
539437,IDFC FIRST BANK LIMITED,IDFCFIRSTB,IDFC First Bank Ltd,Active,A ,10.00,INE092T01019,Equity,,,,,
539448,InterGlobe Aviation Limited,INDIGO,InterGlobe Aviation Ltd,Active,A ,10.00,INE646L01027,Equity,,,,,
539449,IGC Industries Limited,IGCIL,IGC Industries Ltd,Active,X ,10.00,INE099S01016,Equity,,,,,
539450,S H Kelkar and Company Limited,SHK,S H Kelkar and Company Ltd,Active,B ,10.00,INE500L01026,Equity,,,,,
539455,ECOFINITY ATOMIX LIMITED,ECOFINITY,Ecofinity Atomix Ltd,Active,X ,10.00,INE360S01012,Equity,,,,,
539468,Typhoon Financial Services Limited,TFSL,Typhoon Financial Services Ltd,Active,X ,10.00,INE761R01013,Equity,,,,,
539469,PANORAMA STUDIOS INTERNATIONAL LIMITED ,PANORAMA,Panorama Studios International Ltd,Active,B ,2.00,INE258R01028,Equity,,,,,
539470,Shree Ganesh Biotech (India) Limited,SHREEGANES,Shree Ganesh Biotech (India) Ltd,Active,X ,1.00,INE051N01026,Equity,,,,,
539479,GTV Engineering Limited,GTV,GTV Engineering Ltd,Active,X ,2.00,INE910R01024,Equity,,,,,
539480,LIC Mutual Fund,LICNETFN50,LIC MF EXCHANGE TRADED FUND- NIFTY 50,Active,B ,10.00,INF767K01OS7,Equity,,,,,
539487,LIC Mutual Fund,LICNETFSEN,LIC MF EXCHANGE TRADED FUND- SENSEX,Active,B ,10.00,INF767K01OT5,Equity,,,,,
539488,Tirupati Fin-Lease Ltd.,TFLL,Tirupati Finlease Ltd,Active,XT,10.00,INE027S01017,Equity,,,,,
539492,Garbi Finvest Limited,GARBIFIN,Garbi Finvest Ltd,Active,X ,10.00,INE721C01019,Equity,,,,,
539494,Smart Finsec Limited,SMARTFIN,Smart Finsec Ltd,Active,X ,1.00,INE766D01020,Equity,,,,,
539495,Rajkot Investment Trust Limited,RAJKOTINV,Rajkot Investment Trust Ltd,Active,X ,10.00,INE176R01014,Equity,,,,,
539506,Adcon Capital Services Limited,ADCON,Adcon Capital Services Ltd,Active,X ,1.00,INE805Q01028,Equity,,,,,
539515,Quint Digital Limited,QUINT,Quint Digital Ltd,Active,T ,10.00,INE641R01017,Equity,,,,,
539516,HDFC Mutual Fund,HDFCNIFTY,HDFC NIFTY 50 ETF,Active,B ,76.13,INF179KC1965,Equity,,,,,
539517,HDFC Mutual Fund,HDFCSENSEX,HDFC BSE SENSEX ETF,Active,B ,25.04,INF179KC1HX2,Equity,,,,,
539518,Uday Jewellery Industries Limited.,UDAYJEW,Uday Jewellery Industries Ltd,Active,B ,10.00,INE551B01012,Equity,,,,,
539519,TAVEXIA LIFECARE LIMITED,TAVEXIA,Tavexia Lifecare Ltd,Active,XT,1.00,INE280E01038,Equity,,,,,
539521,Navigant Corporate Advisors Limited,NAVIGANT,Navigant Corporate Advisors Ltd,Active,MT,10.00,INE364T01012,Equity,,,,,
539522,Grovy India Limited,GROVY,Grovy India Ltd,Active,XT,10.00,INE343C01012,Equity,,,,,
539523,Alkem Laboratories Limited,ALKEM,Alkem Laboratories Ltd,Active,A ,2.00,INE540L01014,Equity,,,,,
539524,Dr. Lal Pathlabs Limited,LALPATHLAB,Dr. Lal PathLabs Ltd,Active,A ,10.00,INE600L01024,Equity,,,,,
539526,Suncare Traders Limited,SCTL,Suncare Traders Ltd,Active,X ,2.00,INE452S01025,Equity,,,,,
539527,Creative Castings Limited,CREATIVE,Creative Castings Ltd,Active,X ,10.00,INE146E01015,Equity,,,,,
539528,AAYUSH WELLNESS LIMITED,AAYUSH,Aayush Wellness Ltd,Active,X ,1.00,INE430R01023,Equity,,,,,
539533,ELITECON INTERNATIONAL LIMITED,ELITECON,Elitecon International Ltd,Active,B ,1.00,INE669R01026,Equity,,,,,
539542,LUX Industries Limited,LUXIND,Lux Industries Ltd,Active,B ,2.00,INE150G01020,Equity,,,,,
539543,Valley Magnesite Company Limited,VALLEY,Valley Magnesite Company Ltd,Active,X ,10.00,INE834E01016,Equity,,,,,
539544,Abhishek Infraventures Limited,ABHIINFRA,Abhishek Infraventures Ltd,Active,XT,10.00,INE281P01016,Equity,,,,,
539545,Apoorva Leasing Finance & Investment Company Limited,APOORVA,Apoorva Leasing Finance and Investment Company Ltd,Active,B ,10.00,INE217S01014,Equity,,,,,
539546,AGRIBIO SPIRITS LIMITED,AGRIBIO,Agribio Spirits Ltd,Active,X ,10.00,INE679E01015,Equity,,,,,
539551,Narayana Hrudayalaya Limited,NH,Narayana Hrudayalaya Ltd,Active,A ,10.00,INE410P01011,Equity,,,,,
539552,DHVIJA FINANCE LIMITED,DHVIJAFIN,Dhvija Finance Ltd,Active,X ,2.00,INE108T01021,Equity,,,,,
539559,Deep Health AI India Limited,DEEPAI,Deep Health AI India Ltd,Active,XT,1.00,INE005G01026,Equity,,,,,
539560,MALT LAND DISTILLERIES LIMITED,MALTLAND,Malt Land Distilleries Ltd,Active,XT,10.00,INE994N01019,Equity,,,,,
539561,SUPHA PHARMACHEM LIMITED,SUPHA,Supha Pharmachem Ltd,Active,Z ,1.00,INE549S01036,Equity,,,,,
539562,AARNAV FASHIONS LIMITED,AARNAV,Aarnav Fashions Ltd,Active,T ,10.00,INE750R01016,Equity,,,,,
539593,Shivansh Finserv Limited,SHIVA,Shivansh Finserve Ltd,Active,XT,10.00,INE728Q01014,Equity,,,,,
539594,Mishtann Foods Limited,MISHTANN,Mishtann Foods Ltd,Active,X ,1.00,INE094S01041,Equity,,,,,
539596,Delta Industrial Resources Limited,DELTA,Delta Industrial Resources Ltd,Active,X ,10.00,INE681Q01015,Equity,,,,,
539598,AMPL Capital Limited,AMPL,AMPL Capital Ltd,Active,X ,2.00,INE727C01024,Equity,,,,,
539599,Kotia Enterprises Limited,KEL,Kotia Enterprises Ltd,Active,X ,10.00,INE079C01012,Equity,,,,,
539607,Blue Cloud Softech Solutions Limited,BLUECLOUDS,Blue Cloud Softech Solutions Ltd,Active,B ,1.00,INE373T01047,Equity,,,,,
539620,KANORIA ENERGY AND INFRASTRUCTURE LIMITED,KEIL,Kanoria Energy & Infrastructure Ltd,Active,X ,5.00,INE534E01020,Equity,,,,,
539621,BCL Enterprises Limited,BCLENTERPR,BCL Enterprises Ltd,Active,XT,1.00,INE368E01023,Equity,,,,,
539636,Precision Camshafts Limited,PRECAM,Precision Camshafts Ltd,Active,B ,10.00,INE484I01029,Equity,,,,,
539658,TeamLease Services Limited,TEAMLEASE,TeamLease Services Ltd,Active,B ,10.00,INE985S01024,Equity,,,,,
539659,VIKRAM KAMATS HOSPITALITY LIMITED,KAMATS,Vikram Kamats Hospitality Ltd,Active,B ,10.00,INE564S01019,Equity,,,,,
539660,BEST AGROLIFE LIMITED,BESTAGRO,Best Agrolife Ltd,Active,B ,1.00,INE052T01021,Equity,,,,,
539661,ACE MEN ENGG WORKS LIMITED,ACEMEN,Ace Men Engg Works Ltd,Active,X ,10.00,INE023R01018,Equity,,,,,
539662,BFL Asset Finvest Limited,BFLAFL,BFL Asset Finvest Ltd,Active,X ,10.00,INE948Q01018,Equity,,,,,
539669,RGF Capital Markets Limited,RGF,RGF Capital Markets Ltd,Active,X ,1.00,INE684D01025,Equity,,,,,
539673,Radhagobind Commercial Limited,RCL,Radhagobind Commercial Ltd,Active,Z ,1.00,INE792P01020,Equity,,,,,
539678,Quick Heal Technologies Limited,QUICKHEAL,Quick Heal Technologies Ltd,Active,B ,10.00,INE306L01010,Equity,,,,,
539679,Kapil Raj Finance Ltd.,KAPILRAJ,Kapil Raj Finance Ltd,Active,XT,1.00,INE332Q01023,Equity,,,,,
539680,Ganga Pharmaceuticals Limited,GANGAPHARM,Ganga Pharmaceuticals Ltd,Active,M ,10.00,INE615T01017,Equity,,,,,
539681,dynamic Archistructures Limited,DAL,Dynamic Archistructures Ltd,Active,X ,10.00,INE874E01012,Equity,,,,,
539682,Mobavenue AI Tech Limited,MOBAVENUE,Mobavenue AI Tech Ltd,Active,X ,2.00,INE622Q01027,Equity,,,,,
539683,Shivkamal Impex Limited,SHIVKAMAL,Shivkamal Impex Ltd,Active,XT,10.00,INE429R01017,Equity,,,,,
539686,K.P. Energy Limited,KPEL,K.P. Energy Ltd,Active,B ,5.00,INE127T01021,Equity,,,,,
539691,REAL GROWTH CORPORATION LIMITED,RGCORP,Real Growth Corporation Ltd,Active,XT,10.00,INE836D01013,Equity,,,,,
539692,INTERACTIVE FINANCIAL SERVICES LIMITED,IFINSER,Interactive Financial Services Ltd,Active,X ,10.00,INE064T01018,Equity,,,,,
539697,HILIKS TECHNOLOGIES LIMITED,HILIKS,Hiliks Technologies Ltd,Active,XT,10.00,INE966Q01010,Equity,,,,,
539724,HYPERSOFT TECHNOLOGIES LIMITED,HYPERSOFT,Hypersoft Technologies Ltd,Active,XT,10.00,INE039D01014,Equity,,,,,
539725,Gokul Agro Resources Ltd,GOKULAGRO,Gokul Agro Resources Ltd,Active,B ,1.00,INE314T01033,Equity,,,,,
539730,Fredun Pharmaceuticals Limited,FREDUN,Fredun Pharmaceuticals Ltd,Active,B ,10.00,INE194R01017,Equity,,,,,
539742,Simbhaoli Sugars Ltd,SIMBHALS,Simbhaoli Sugars Ltd,Active,Z ,10.00,INE748T01016,Equity,,,,,
539760,Relicab Cable Manufacturing Limited,RELICAB,Relicab Cable Manufacturing Ltd,Active,B ,10.00,INE773T01014,Equity,,,,,
539761,Vantage Knowledge Academy Limited,VKAL,Vantage Knowledge Academy Ltd,Active,X ,1.00,INE427T01025,Equity,,,,,
539762,MODERN ENGINEERING AND PROJECTS LIMITED,MEAPL,Modern Engineering And Projects Ltd,Active,X ,10.00,INE250S01015,Equity,,,,,
539767,Mega Nirman & Industries Limited,MNIL,Mega Nirman and Industries Ltd,Active,X ,10.00,INE216Q01010,Equity,,,,,
539770,DARJEELING INDUSTRIIES LIMITED,DARJEELING,Darjeeling Industriies Ltd,Active,X ,10.00,INE830S01014,Equity,,,,,
539773,Advik Capital Limited,ADVIKCA,Advik Capital Ltd,Active,B ,1.00,INE178T01024,Equity,,,,,
539784,LIC Mutual Fund,LICNFNHGP,LIC MF Exchange Traded Fund- NIFTY 100,Active,B ,10.00,INF767K01PC8,Equity,,,,,
539785,Pudumjee Paper Products Limited,PDMJEPAPER,Pudumjee Paper Products Ltd,Active,B ,1.00,INE865T01018,Equity,,,,,
539787,HealthCare Global Enterprises Limited,HCG,HealthCare Global Enterprises Ltd,Active,A ,10.00,INE075I01017,Equity,,,,,
539788,Khemani Distributors & Marketing Limited,KDML,Khemani Distributors & Marketing Ltd,Active,MT,5.00,INE030U01025,Equity,,,,,
539798,Umiya Tubes Limited,UMIYA,Umiya Tubes Ltd,Active,X ,10.00,INE173U01015,Equity,,,,,
539799,Bharat Wire Ropes Limited,BHARATWIRE,Bharat Wire Ropes Ltd,Active,B ,10.00,INE316L01019,Equity,,,,,
539800,CHD Chemicals Limited,CHDCHEM,CHD Chemicals Ltd,Active,X ,10.00,INE043U01010,Equity,,,,,
539807,AvenuesAI Limited,CCAVENUE,AvenuesAI Ltd,Active,A ,1.00,INE483S01020,Equity,,,,,
539814,LE LAVOIR LIMITED,LELAVOIR,LE Lavoir Ltd,Active,X ,10.00,INE204S01012,Equity,,,,,
539819,Mudra Financial Services Ltd.,MUDRA,Mudra Financial Services Ltd,Active,X ,10.00,INE967S01014,Equity,,,,,
539834,Balgopal Commercial limited,BALGOPAL,Balgopal Commercial Ltd,Active,X ,10.00,INE119R01014,Equity,,,,,
539835,Superior Finlease Limited,SUPERIOR,Superior Finlease Ltd,Active,X ,1.00,INE574R01028,Equity,,,,,
539837,RAGHAV PRODUCTIVITY ENHANCERS LIMITED,RPEL,Raghav Productivity Enhancers Ltd,Active,B ,10.00,INE912T01018,Equity,,,,,
539839,Franklin Leasing and Finance Limited,FRANKLIN,Franklin Leasing and Finance Ltd,Active,M ,10.00,INE399S01010,Equity,,,,,
539841,Lancer Container Lines Limited,LANCER,Lancer Container Lines Ltd,Active,B ,5.00,INE359U01028,Equity,,,,,
539843,NINtec Systems Limited,NINSYS,NINtec Systems Ltd,Active,B ,10.00,INE395U01014,Equity,,,,,
539854,Halder Venture Limited,HALDER,Halder Venture Ltd,Active,B ,10.00,INE115S01010,Equity,,,,,
539864,Ghushine Fintrrade Ocean Limited,GHUSHINE,Ghushine Fintrrade Ocean Ltd,Active,MT,10.00,INE009U01011,Equity,,,,,
539871,Thyrocare Technologies Limited,THYROCARE,Thyrocare Technologies Ltd,Active,A ,10.00,INE594H01019,Equity,,,,,
539872,Bajaj Healthcare Limited,BAJAJHCARE,Bajaj Healthcare Ltd,Active,B ,5.00,INE411U01027,Equity,,,,,
539875,RSD Finance Limited,RSDFIN,RSD Finance Ltd,Active,T ,5.00,INE616F01022,Equity,,,,,
539876,Crompton Greaves Consumer Electricals Limited,CROMPTON,Crompton Greaves Consumer Electricals Ltd,Active,A ,2.00,INE299U01018,Equity,,,,,
539883,Pilani Investment And Industries Corporation Limited,PILANIINVS,Pilani Investment and Industries Corporation Ltd,Active,B ,10.00,INE417C01014,Equity,,,,,
539884,Darshan Orna Limited,DARSHANORNA,Darshan Orna Ltd,Active,X ,2.00,INE671T01028,Equity,,,,,
539889,Parag Milk Foods Limited,PARAGMILK,Parag Milk Foods Ltd,Active,A ,10.00,INE883N01014,Equity,,,,,
539894,Madhav Infra Projects Limited,MADHAVIPL,Madhav Infra Projects Ltd,Active,B ,1.00,INE631R01026,Equity,,,,,
539895,SPICE LOUNGE FOOD WORKS LIMITED,SPICELOUNG,Spice Lounge Food Works Ltd,Active,B ,1.00,INE631E01024,Equity,,,,,
539900,DALMIA INDUSTRIAL DEVELOPMENT LIMITED,DIDL,Dalmia Industrial Development Ltd,Active,X ,10.00,INE642P01019,Equity,,,,,
539911,Svarnim Trade Udyog Limited,SNIM,Svarnim Trade Udyog Ltd,Active,X ,10.00,INE730R01042,Equity,,,,,
539921,Shanti Educational Initiatives Limited,SEIL,Shanti Educational Initiatives Ltd,Active,B ,1.00,INE440T01028,Equity,,,,,
539922,Rotographics (India) Limited,RGIL,Rotographics (India) Ltd,Active,XT,2.00,INE364S01022,Equity,,,,,
539927,LIKHAMI CONSULTING LIMITED,LIKHAMI,Likhami Consulting Ltd,Active,X ,10.00,INE920T01011,Equity,,,,,
539938,Medico Intercontinental Limited,MIL,Medico Intercontinental Ltd,Active,X ,10.00,INE858Q01019,Equity,,,,,
539939,Yash Chemex Limited,YASHCHEM,Yash Chemex Ltd,Active,X ,10.00,INE571U01010,Equity,,,,,
539945,ICICI Prudential Mutual Fund,NV20IETF,ICICI Prudential Nifty50 Value 20 ETF,Active,B ,1.00,INF109KC11V0,Equity,,,,,
539946,Bazel International Limited,BAZELINTER,Bazel International Ltd,Active,XT,10.00,INE217E01014,Equity,,,,,
539947,JINDAL LEASEFIN LIMITED,JLL,Jindal Leasefin Ltd,Active,XT,10.00,INE919T01013,Equity,,,,,
539956,TAAL TECH LIMITED,TAALTECH,TAAL Tech Ltd,Active,B ,2.00,INE524T01029,Equity,,,,,
539957,Mahanagar Gas Limited,MGL,Mahanagar Gas Ltd,Active,A ,10.00,INE002S01010,Equity,,,,,
539963,Zeal Aqua Limited,ZEAL,Zeal Aqua Ltd,Active,X ,1.00,INE819S01025,Equity,,,,,
539978,Quess Corp Limited,QUESS,Quess Corp Ltd,Active,B ,10.00,INE615P01015,Equity,,,,,
539979,DIGJAM LIMITED,DIGJAMLMTD,Digjam Ltd,Active,T ,10.00,INE731U01028,Equity,,,,,
539980,ICICI Prudential Mutual Fund,MIDSELIETF,ICICI Prudential BSE Midcap Select ETF,Active,B ,1.00,INF109KC10W0,Equity,,,,,
539983,SIDH AUTOMOBILES LIMITED,SIDH,Sidh Automobiles Ltd,Active,XT,10.00,INE403L01015,Equity,,,,,
539985,Titaanium Ten Enterprise Limited,TITAANIUM,Titaanium Ten Enterprise Ltd,Active,M ,10.00,INE120V01014,Equity,,,,,
539986,Commercial Syn Bags Limited,COMSYN,Commercial Syn Bags Ltd,Active,B ,10.00,INE073V01015,Equity,,,,,
539991,CONFIDENCE FUTURISTIC ENERGETECH LIMITED,CFEL,Confidence Futuristic Energetech Ltd,Active,T ,5.00,INE700F01024,Equity,,,,,
539992,LLOYDS ENGINEERING WORKS LIMITED,LLOYDSENGG,Lloyds Engineering Works Ltd,Active,A ,1.00,INE093R01011,Equity,,,,,
539997,Kwality Pharmaceuticals Limited,KPL,Kwality Pharmaceuticals Ltd,Active,B ,10.00,INE552U01010,Equity,,,,,
540005,LTM LIMITED,LTM,LTM Ltd,Active,A ,1.00,INE214T01019,Equity,,,,,
540006,EAST WEST FREIGHT CARRIERS LTD,EASTWEST,East West Freight Carriers Ltd,Active,B ,2.00,INE595R01023,Equity,,,,,
540008,Aditya Birla Sun Life Mutual Fund,BSLSENETFG,Aditya Birla Sun Life BSE Sensex ETF,Active,B ,1.00,INF209KB10E8,Equity,,,,,
540023,COLORCHIPS NEW MEDIA LIMITED,COLORCHIPS,Colorchips New Media Ltd,Active,X ,10.00,INE621I01042,Equity,,,,,
540025,Advanced Enzyme Technologies Limited,ADVENZYMES,Advanced Enzyme Technologies Ltd,Active,B ,2.00,INE837H01020,Equity,,,,,
540026,Ladam Affortable Housing Limited,LAHL,Ladam Affordable Housing Ltd,Active,X ,5.00,INE213U01019,Equity,,,,,
540047,Dilip Buildcon Limited,DBL,Dilip Buildcon Ltd,Active,A ,10.00,INE917M01012,Equity,,,,,
540048,S.P. Apparels Limited,SPAL,S.P. Apparels Ltd,Active,B ,10.00,INE212I01016,Equity,,,,,
540061,Bigbloc Construction Limited,BIGBLOC,Bigbloc Construction Ltd,Active,B ,2.00,INE412U01025,Equity,,,,,
540062,Golden Crest Education & Services Limited,GOLDENCREST,Golden Crest Education & Services Ltd,Active,X ,10.00,INE222U01010,Equity,,,,,
540065,RBL Bank Limited,RBLBANK,RBL Bank Ltd,Active,A ,10.00,INE976G01028,Equity,,,,,
540066,AMS POLYMERS LIMITED,AMS,AMS Polymers Ltd,Active,XT,10.00,INE345U01019,Equity,,,,,
540072,Shiva Granito Export Limited,SHIVAEXPO,Shiva Granito Export Ltd,Active,MT,10.00,INE191V01015,Equity,,,,,
540073,BLS International Services Ltd,BLS,BLS International Services Ltd,Active,A ,1.00,INE153T01027,Equity,,,,,
540078,Mitsu Chem Plast Limited,MITSU,Mitsu Chem Plast Ltd,Active,X ,10.00,INE317V01016,Equity,,,,,
540079,Sprayking Limited,SPRAYKING,Sprayking Ltd,Active,B ,1.00,INE537U01037,Equity,,,,,
540080,Dhatre Udyog Limited,DHATRE,Dhatre Udyog Ltd,Active,B ,1.00,INE715T01031,Equity,,,,,
540082,Riddhi Steel and Tube Limited,RSTL,Riddhi Steel and Tube Ltd,Active,MT,10.00,INE367U01013,Equity,,,,,
540083,TV VISION LIMITED,TVVISION,TV Vision Ltd,Active,T ,10.00,INE871L01013,Equity,,,,,
540097,GAMCO LIMITED,GAMCO,Gamco Ltd,Active,X ,2.00,INE890S01026,Equity,,,,,
540115,L&T Technology Services Limited,LTTS,L&T Technology Services Ltd,Active,A ,2.00,INE010V01017,Equity,,,,,
540124,G N A Axles Limited,GNA,G N A Axles Ltd,Active,B ,10.00,INE934S01014,Equity,,,,,
540125,Radhika Jeweltech Limited,RADHIKAJWE,Radhika Jeweltech Ltd,Active,T ,2.00,INE583V01021,Equity,,,,,
540132,Sabrimala Industries India Limited,SIIL,Sabrimala Industries India Ltd,Active,XT,10.00,INE400R01018,Equity,,,,,
540133,ICICI Prudential Life Insurance Company Limited,ICICIPRULI,ICICI Prudential Life Insurance Company Ltd,Active,A ,10.00,INE726G01019,Equity,,,,,
540135,ARC Finance Limited,ARCFIN,ARC Finance Ltd,Active,X ,1.00,INE202R01026,Equity,,,,,
540136,HPL Electric & Power Limited,HPL,HPL Electric & Power Ltd,Active,B ,10.00,INE495S01016,Equity,,,,,
540143,Sagarsoft (India) Limited,SAGARSOFT,Sagarsoft (India) Ltd,Active,X ,10.00,INE184B01012,Equity,,,,,
540144,DRA CONSULTANTS LIMITED,DRA,DRA Consultants Ltd,Active,M ,10.00,INE746V01016,Equity,,,,,
540145,Valiant Organics Limited,VALIANTORG,Valiant Organics Ltd,Active,B ,10.00,INE565V01010,Equity,,,,,
540146,ADITYA CONSUMER MARKETING LIMITED,ACML,Aditya Consumer Marketing Ltd,Active,M ,10.00,INE427V01013,Equity,,,,,
540147,Shashijit Infraprojects Limited,SHASHIJIT,Shashijit Infraprojects Ltd,Active,X ,2.00,INE700V01021,Equity,,,,,
540148,Bindal Exports Limited,BINDALEXPO,Bindal Exports Ltd,Active,MT,10.00,INE564V01013,Equity,,,,,
540150,Mewar Hi-Tech Engineering Limited,MHEL,Mewar Hi-Tech Engineering Ltd,Active,MT,10.00,INE957U01011,Equity,,,,,
540151,Diksat Transworld Limited,DIKSAT,Diksat Transworld Ltd,Active,MT,10.00,INE942P01013,Equity,,,,,
540153,Endurance Technologies Limited,ENDURANCE,Endurance Technologies Ltd,Active,A ,10.00,INE913H01037,Equity,,,,,
540154,Bandhan Mutual Fund,IDFSENSEXE,Bandhan S&P BSE SENSEX ETF,Active,B ,10.00,INF194KA1T91,Equity,,,,,
540159,PURPLE AGROTECH INDUSTRIES LIMITED,PURPLE,Purple Agrotech Industries Ltd,Active,X ,10.00,INE905R01016,Equity,,,,,
540168,Supra Pacific Financial Services Limited,SUPRAPFSL,Supra Pacific Financial Services Ltd,Active,X ,10.00,INE268T01015,Equity,,,,,
540173,PNB Housing Finance Limited,PNBHOUSING,PNB Housing Finance Ltd,Active,A ,10.00,INE572E01012,Equity,,,,,
540174,SOUTHERN INFOCONSULTANTS LIMITED,SOUTHERNIN,Southern Infoconsultants Ltd,Active,X ,10.00,INE298B01010,Equity,,,,,
540175,REGENCY FINCORP LIMITED,REGENCY,Regency Fincorp Ltd,Active,XT,10.00,INE964R01013,Equity,,,,,
540180,Varun Beverages Limited,VBL,Varun Beverages Ltd,Active,A ,2.00,INE200M01039,Equity,,,,,
540181,Salem Erode Investments Ltd.,SALEM,Salem Erode Investments Ltd,Active,X ,1.00,INE894E01028,Equity,,,,,
540189,Unipro Technologies Limited,UPROTECH,Unipro Technologies Ltd,Active,XT,10.00,INE448F01012,Equity,,,,,
540190,Franklin Industries Limited,FRANKLININD,Franklin Industries Ltd,Active,X ,1.00,INE789R01022,Equity,,,,,
540192,LKP Securities Limited,LKPSEC,LKP Securities Ltd,Active,B ,2.00,INE341H01023,Equity,,,,,
540198,OSIAJEE TEXFAB LIMITED,OSIAJEE,Osiajee Texfab Ltd,Active,X ,10.00,INE186R01013,Equity,,,,,
540199,Corporate Merchant Bankers Limited,CMBL,Corporate Merchant Bankers Ltd,Active,X ,10.00,INE850R01014,Equity,,,,,
540203,Sheela Foam Limited,SFL,Sheela Foam Ltd,Active,A ,5.00,INE916U01025,Equity,,,,,
540204,EIKO LIFESCIENCES LIMITED,EIKO,Eiko Lifesciences Ltd,Active,X ,10.00,INE666Q01016,Equity,,,,,
540205,Aditya Vision Limited,AVL,Aditya Vision Ltd,Active,A ,1.00,INE679V01027,Equity,,,,,
540210,Heads UP Ventures Limited,HEADSUP,Heads UP Ventures Ltd,Active,B ,10.00,INE759V01019,Equity,,,,,
540212,TCI Express Limited,TCIEXP,TCI Express Ltd,Active,B ,2.00,INE586V01016,Equity,,,,,
540221,Shashank Traders Limited,SHASHANK,Shashank Traders Ltd,Active,X ,10.00,INE508R01018,Equity,,,,,
540222,Laurus Labs Limited,LAURUSLABS,Laurus Labs Ltd,Active,A ,2.00,INE947Q01028,Equity,,,,,
540243,NEW LIGHT INDUSTRIES LIMITED,NEWLIGHT,New Light Industries Ltd,Active,XT,1.00,INE835U01027,Equity,,,,,
540252,Viram Suvarn Limited,VSL,Viram Suvarn Ltd,Active,B ,2.00,INE607V01028,Equity,,,,,
540254,MARG TECHNO PROJECTS LIMITED,MTPL,Marg Techno Projects Ltd,Active,XT,10.00,INE245H01018,Equity,,,,,
540259,SHANGAR DECOR LIMITED,SHANGAR,Shangar Decor Ltd,Active,X ,1.00,INE118R01032,Equity,,,,,
540266,Globe Commercials Limited,GLCL,Globe Commercials Ltd,Active,X ,10.00,INE804Q01013,Equity,,,,,
540267,Flora Corporation Limited,FLORACORP,Flora Corporation Ltd,Active,X ,10.00,INE318U01016,Equity,,,,,
540268,TruCap Finance Limited,TRU,TruCap Finance Ltd,Active,B ,2.00,INE615R01029,Equity,,,,,
540269,SUPER FINE KNITTERS LIMITED,SKL,Super Fine Knitters Ltd,Active,MT,10.00,INE459U01018,Equity,,,,,
540270,Raideep Industries Limited,RAIDEEPIND,Raideep Industries Ltd,Active,XT,10.00,INE923R01019,Equity,,,,,
540293,Pricol Limited,PRICOLLTD,Pricol Ltd,Active,A ,1.00,INE726V01018,Equity,,,,,
540310,Classic Filaments Limited,CFL,Classic Filaments Ltd,Active,XT,10.00,INE181U01018,Equity,,,,,
540311,JITF INFRALOGISTICS LIMITED,JITFINFRA,JITF Infralogistics Ltd,Active,B ,2.00,INE863T01013,Equity,,,,,
540318,Sueryaa Knitwear Limited,SUERYAAKNI,Sueryaa Knitwear Ltd,Active,XT,10.00,INE249U01013,Equity,,,,,
540332,Tanvi Foods (India) Limited,TANVI,Tanvi Foods (India) Ltd,Active,M ,10.00,INE978V01015,Equity,,,,,
540358,RMC SWITCHGEARS LIMITED,RMC,RMC Switchgears Ltd,Active,B ,10.00,INE655V01019,Equity,,,,,
540360,LEADING LEASING FINANCE AND INVESTMENT CO. LIMITED,LLFICL,Leading Leasing Finance And Investment Company Ltd,Active,T ,1.00,INE715Q01029,Equity,,,,,
540361,DANUBE INDUSTRIES LIMITED,DANUBE,Danube Industries Ltd,Active,XT,2.00,INE575D01041,Equity,,,,,
540366,Music Broadcast Limited,RADIOCITY,Music Broadcast Ltd,Active,B ,2.00,INE919I01024,Equity,,,,,
540376,Avenue Supermarts Limited,DMART,Avenue Supermarts Ltd,Active,A ,10.00,INE192R01011,Equity,,,,,
540377,IFL ENTERPRISES LIMITED,IFL,IFL Enterprises Ltd,Active,B ,1.00,INE714U01024,Equity,,,,,
540386,Ontic Finserve Limited,ONTIC,Ontic Finserve Ltd,Active,XT,1.00,INE989S01042,Equity,,,,,
540393,Sarthak Metals Limited,SMLT,Sarthak Metals Ltd,Active,B ,10.00,INE017W01010,Equity,,,,,
540395,Chemcrux Enterprises Limited,CHEMCRUX,Chemcrux Enterprises Ltd,Active,B ,10.00,INE298W01016,Equity,,,,,
540396,Manomay Tex India Limited,MANOMAY,Manomay Tex India Ltd,Active,B ,10.00,INE784W01015,Equity,,,,,
540401,Maximus International Limited,MAXIMUS,Maximus International Ltd,Active,X ,1.00,INE544W01021,Equity,,,,,
540402,Manas Properties Limited,MANAS,Manas Properties Ltd,Active,MT,10.00,INE800W01019,Equity,,,,,
540403,CL Educate Limited,CLEDUCATE,CL Educate Ltd,Active,B ,5.00,INE201M01029,Equity,,,,,
540404,PRIME FRESH LIMITED,PRIMEFRESH,Prime Fresh Ltd,Active,B ,10.00,INE442V01012,Equity,,,,,
540405,Oceanic Foods Limited,OCEANIC,Oceanic Foods Ltd,Active,X ,10.00,INE711V01010,Equity,,,,,
540416,Octaware Technologies Limited,OCTAWARE,Octaware Technologies Ltd,Active,M ,10.00,INE208U01019,Equity,,,,,
540425,Shankara Building Products Limited,SHANKARA,Shankara Building Products Ltd,Active,B ,10.00,INE274V01019,Equity,,,,,
540455,Escorp Asset Management Limited,ESCORP,Escorp Asset Management Ltd,Active,B ,10.00,INE953W01016,Equity,,,,,
540467,PARMESHWARI SILK MILLS LIMITED,PARMSILK,Parmeshwari Silk Mills Ltd,Active,XT,10.00,INE808R01012,Equity,,,,,
540468,KMS Medisurgi Limited,KMSMEDI,KMS Medisurgi Ltd,Active,MT,10.00,INE870V01014,Equity,,,,,
540481,Classic Leasing & Finance Ltd.,CLFL,Classic Leasing & Finance Ltd,Active,X ,10.00,INE949C01016,Equity,,,,,
540492,STARLINEPS ENTERPRISES LIMITED,STARLENT,Starlineps Enterprises Ltd,Active,B ,1.00,INE594W01042,Equity,,,,,
540497,S Chand And Company Limited,SCHAND,S Chand and Company Ltd,Active,B ,5.00,INE807K01035,Equity,,,,,
540515,KANUNGO FINANCIERS LIMITED,KANUNGO,Kanungo Financiers Ltd,Active,XT,10.00,INE453S01015,Equity,,,,,
540519,Meera Industries Limited,MEERA,Meera Industries Ltd,Active,B ,5.00,INE343X01026,Equity,,,,,
540530,Housing &Urban Development Corporation Ltd.,HUDCO,Housing & Urban Development Corporation Ltd,Active,A ,10.00,INE031A01017,Equity,,,,,
540544,PSP Projects Limited,PSPPROJECT,PSP Projects Ltd,Active,B ,10.00,INE488V01015,Equity,,,,,
540545,GURU KRUPA GEMS AND JEWELLERY LIMITED,GKL,Guru Krupa Gems and Jewellery Ltd,Active,XT,10.00,INE986W01016,Equity,,,,,
540550,Yug Decor Limited,YUG,Yug Decor Ltd,Active,M ,10.00,INE796W01019,Equity,,,,,
540570,VARIMAN GLOBAL ENTERPRISES LIMITED,VARIMAN,Variman Global Enterprises Ltd,Active,X ,1.00,INE717F01028,Equity,,,,,
540575,Star Cement Limited,STARCEMENT,Star Cement Ltd,Active,B ,1.00,INE460H01021,Equity,,,,,
540590,Riddhi Corporate Services Limited,RIDDHICORP,Riddhi Corporate Services Ltd,Active,X ,10.00,INE325X01015,Equity,,,,,
540595,Tejas Networks Limited,TEJASNET,Tejas Networks Ltd,Active,A ,10.00,INE010J01012,Equity,,,,,
540596,Eris Lifesciences Limited,ERIS,Eris Lifesciences Ltd,Active,A ,1.00,INE406M01024,Equity,,,,,
540597,Containerway International Limited,CONTAINER,Containerway International Ltd,Active,X ,5.00,INE319U01022,Equity,,,,,
540602,GTPL Hathway Limited,GTPL,GTPL Hathway Ltd,Active,B ,10.00,INE869I01013,Equity,,,,,
540611,AU Small Finance Bank Limited,AUBANK,AU Small Finance Bank Ltd,Active,A ,10.00,INE949L01017,Equity,,,,,
540612,ICICI Prudential Mutual Fund,LOWVOLIETF,ICICI Prudential Nifty 100 Low Volatility 30 ETF,Active,B ,1.00,INF109KC19U5,Equity,,,,,
540613,Gautam Exim Limited,GEL,Gautam Exim Ltd,Active,M ,5.00,INE721X01023,Equity,,,,,
540615,7NR Retail Limited,7NR,7NR Retail Ltd,Active,XT,10.00,INE413X01035,Equity,,,,,
540642,Salasar Techno Engineering Limited,SALASAR,Salasar Techno Engineering Ltd,Active,B ,1.00,INE170V01027,Equity,,,,,
540647,Ganges Securities Ltd.,GANGESSECU,Ganges Securities Ltd,Active,B ,10.00,INE335W01016,Equity,,,,,
540648,Palash Securities Limited,PALASHSECU,Palash Securities Ltd,Active,B ,10.00,INE471W01019,Equity,,,,,
540649,AVADH SUGAR & ENERGY LIMITED,AVADHSUGAR,Avadh Sugar & Energy Ltd,Active,B ,10.00,INE349W01017,Equity,,,,,
540650,Magadh Sugar & Energy Limited,MAGADSUGAR,Magadh Sugar & Energy Ltd,Active,B ,10.00,INE347W01011,Equity,,,,,
540651,Jigar Cables Limited,JIGAR,Jigar Cables Ltd,Active,M ,10.00,INE943X01015,Equity,,,,,
540652,Captain Technocast Limited,CTCL,Captain Technocast Ltd,Active,MT,10.00,INE931X01010,Equity,,,,,
540654,GlobalSpace Technologies Limited,GSTL,Globalspace Technologies Ltd,Active,X ,10.00,INE632W01016,Equity,,,,,
540669,UTI Mutual Fund,NEXT50BETA,UTI Nifty Next 50 ETF,Active,B ,1.00,INF789F1AUW9,Equity,,,,,
540673,SIS LIMITED,SIS,SIS Ltd,Active,B ,5.00,INE285J01028,Equity,,,,,
540678,Cochin Shipyard Limited,COCHINSHIP,Cochin Shipyard Ltd,Active,A ,5.00,INE704P01025,Equity,,,,,
540679,HALEOS LABS LIMITED,HALEOSLABS,Haleos Labs Ltd,Active,B ,10.00,INE320X01016,Equity,,,,,
540680,KIOCL Limited,KIOCL,KIOCL Ltd,Active,B ,10.00,INE880L01014,Equity,,,,,
540681,CHOTHANI FOODS LIMITED,CHOTHANI,Chothani Foods Ltd,Active,MT,10.00,INE344X01016,Equity,,,,,
540686,Smruthi Organics Limited,SMRUTHIORG,Smruthi Organics Ltd,Active,X ,10.00,INE172E01011,Equity,,,,,
540691,Aditya Birla Capital Ltd,ABCAPITAL,Aditya Birla Capital Ltd,Active,A ,10.00,INE674K01013,Equity,,,,,
540692,Apex Frozen Foods Limited,APEX,Apex Frozen Foods Ltd,Active,B ,10.00,INE346W01013,Equity,,,,,
540693,Shish Industries Limited,SHISHIND,Shish Industries Ltd,Active,X ,1.00,INE145Y01023,Equity,,,,,
540694,ANG Lifesciences India Limited,ANG,ANG Lifesciences India Ltd,Active,T ,10.00,INE236W01016,Equity,,,,,
540696,KCD INDUSTRIES INDIA LIMITED,KCDGROUP,KCD Industries India Ltd,Active,XT,1.00,INE185U01035,Equity,,,,,
540699,Dixon Technologies (India) Limited,DIXON,Dixon Technologies (India) Ltd,Active,A ,2.00,INE935N01020,Equity,,,,,
540700,Bharat Road Network Limited,BRNL,Bharat Road Network Ltd,Active,B ,10.00,INE727S01012,Equity,,,,,
540701,Dishman Carbogen Amcis Limited,DCAL,Dishman Carbogen Amcis Ltd,Active,B ,2.00,INE385W01011,Equity,,,,,
540703,PRO CLB GLOBAL LIMITED,PROCLB,Pro Clb Global Ltd,Active,X ,10.00,INE438C01010,Equity,,,,,
540704,Matrimony.com Limited,MATRIMONY,Matrimony.com Ltd,Active,B ,5.00,INE866R01028,Equity,,,,,
540709,Reliance Home Finance Limited,RHFL,Reliance Home Finance Ltd,Active,Z ,10.00,INE217K01011,Equity,,,,,
540710,Capacite Infraprojects Limited,CAPACITE,Capacite Infraprojects Ltd,Active,B ,10.00,INE264T01014,Equity,,,,,
540716,ICICI Lombard General Insurance Company Limited ,ICICIGI,ICICI Lombard General Insurance Company Ltd,Active,A ,10.00,INE765G01017,Equity,,,,,
540717,Polo Queen Industrial and Fintech Limited ,PQIF,Polo Queen Industrial and Fintech Ltd,Active,X ,2.00,INE689M01025,Equity,,,,,
540718,AAYUSH ART AND BULLION LIMITED,AAYUSHBULL,Aayush Art And Bullion Ltd,Active,M ,10.00,INE777X01017,Equity,,,,,
540719,SBI Life Insurance Company Limited,SBILIFE,SBI Life Insurance Company Ltd,Active,A ,10.00,INE123W01016,Equity,,,,,
540724,Prataap Snacks Limited,DIAMONDYD,Prataap Snacks Ltd,Active,B ,5.00,INE393P01035,Equity,,,,,
540725,Share India Securities Limited,SHAREINDIA,Share India Securities Ltd,Active,B ,2.00,INE932X01026,Equity,,,,,
540726,Trident Texofab Limited,TTFL,Trident Texofab Ltd,Active,X ,10.00,INE071Y01013,Equity,,,,,
540727,Poojawestern Metaliks Limited,POOJA,Poojawestern Metaliks Ltd,Active,B ,10.00,INE973X01012,Equity,,,,,
540728,Sayaji Industries Limited,SAYAJIIND,Sayaji Industries Ltd,Active,B ,5.00,INE327G01032,Equity,,,,,
540729,Vanta Bioscience Limited,VANTABIO,Vanta Bioscience Ltd,Active,MT,10.00,INE695X01011,Equity,,,,,
540730,Mehai Technology  Limited,MEHAI,Mehai Technology Ltd,Active,X ,1.00,INE062Y01020,Equity,,,,,
540735,IRIS RegTech Solutions Limited,IRIS,IRIS RegTech Solutions Ltd,Active,B ,10.00,INE864K01010,Equity,,,,,
540737,Shree Ganesh Remedies Limited,SGRL,Shree Ganesh Remedies Ltd,Active,B ,10.00,INE414Y01015,Equity,,,,,
540738,Shreeji Translogistics Limited,STL,Shreeji Translogistics Ltd,Active,B ,2.00,INE402Y01028,Equity,,,,,
540743,Godrej Agrovet Limited,GODREJAGRO,Godrej Agrovet Ltd,Active,A ,10.00,INE850D01014,Equity,,,,,
540749,MAS Financial Services Limited,MASFIN,MAS Financial Services Ltd,Active,B ,10.00,INE348L01012,Equity,,,,,
540750,Indian Energy Exchange Limited,IEX,Indian Energy Exchange Ltd,Active,A ,1.00,INE022Q01020,Equity,,,,,
540755,General Insurance Corporation of India,GICRE,General Insurance Corporation of India,Active,A ,5.00,INE481Y01014,Equity,,,,,
540756,Kaarya Facilities and Services Limited,KAARYAFSL,Kaarya Facilities and Services Ltd,Active,M ,10.00,INE282Y01016,Equity,,,,,
540757,SHEETAL COOL PRODUCTS LIMITED,SCPL,Sheetal Cool Products Ltd,Active,T ,10.00,INE501Y01019,Equity,,,,,
540762,Tube Investments of India Ltd,TIINDIA,Tube Investments of India Ltd,Active,A ,1.00,INE974X01010,Equity,,,,,
540767,NIPPON LIFE INDIA ASSET MANAGEMENT LIMITED,NAM-INDIA,Nippon Life India Asset Management Ltd,Active,A ,10.00,INE298J01013,Equity,,,,,
540768,Mahindra Logistics Limited,MAHLOG,Mahindra Logistics Ltd,Active,B ,10.00,INE766P01016,Equity,,,,,
540769,The New India Assurance Company Limited,NIACL,The New India Assurance Company Ltd,Active,A ,5.00,INE470Y01017,Equity,,,,,
540774,IFGL Refractories Limited,IFGLEXPOR,IFGL Refractories Ltd,Active,B ,10.00,INE133Y01011,Equity,,,,,
540775,Khadim India Limited,KHADIM,Khadim India Ltd,Active,T ,10.00,INE834I01025,Equity,,,,,
540776,5paisa Capital Limited,5PAISA,5paisa Capital Ltd,Active,B ,10.00,INE618L01018,Equity,,,,,
540777,HDFC LIFE INSURANCE COMPANY LIMITED,HDFCLIFE,HDFC Life Insurance Company Ltd,Active,A ,10.00,INE795G01014,Equity,,,,,
540782,Sanghvi Brands Limited,SBRANDS,Sanghvi Brands Ltd,Active,M ,10.00,INE204Y01010,Equity,,,,,
540786,SHARIKA ENTERPRISES LIMITED,SHARIKA,Sharika Enterprises Ltd,Active,T ,5.00,INE669Y01022,Equity,,,,,
540787,ICICI Prudential Mutual Fund,ICICIB22,BHARAT 22 ETF - ICICI Prudential AMC,Active,B ,10.00,INF109KB15Y7,Equity,,,,,
540788,Aspira Pathlab & Diagnostics Limited,ASPIRA,Aspira Pathlab & Diagnostics Ltd,Active,X ,10.00,INE500C01017,Equity,,,,,
540789,Diligent Media Corporation Limited,DNAMEDIA,Diligent Media Corporation Ltd,Active,B ,1.00,INE016M01021,Equity,,,,,
540795,Dynamic Cables Limited,DYCL,Dynamic Cables Ltd,Active,B ,10.00,INE600Y01019,Equity,,,,,
540796,Ratnabhumi Developers Limited,RATNABHUMI,Ratnabhumi Developers Ltd,Active,B ,10.00,INE821Y01011,Equity,,,,,
540797,Shalby Limited,SHALBY,Shalby Ltd,Active,B ,10.00,INE597J01018,Equity,,,,,
540809,MRC AGROTECH LIMITED,MRCAGRO,MRC Agrotech Ltd,Active,B ,10.00,INE333Y01017,Equity,,,,,
540811,Diggi Multitrade Limited,DML,Diggi Multitrade Ltd,Active,M ,10.00,INE158R01012,Equity,,,,,
540821,CRYSTAL BUSINESS SYSTEM LIMITED,CRYSTAL,Crystal Business System Ltd,Active,X ,1.00,INE994R01028,Equity,,,,,
540824,Astron Paper & Board Mill Limited,ASTRON,Astron Paper & Board Mill Ltd,Active,Z ,10.00,INE646X01014,Equity,,,,,
540829,Chandrima Mercantiles limited ,CHANDRIMA,Chandrima Mercantiles Ltd,Active,XT,1.00,INE371F01024,Equity,,,,,
540843,Rithwik Facility Management Services Limited,RITHWIKFMS,Rithwik Facility Management Services Ltd,Active,MT,10.00,INE819Y01015,Equity,,,,,
540850,Jhandewalas Foods Limited,JFL,Jhandewalas Foods Ltd,Active,M ,10.00,INE841Y01019,Equity,,,,,
540874,7SEAS ENTERTAINMENT LIMITED,7SEASL,7Seas Entertainment Ltd,Active,X ,10.00,INE454F01010,Equity,,,,,
540879,Apollo Micro Systems Limited,APOLLO,Apollo Micro Systems Ltd,Active,A ,1.00,INE713T01028,Equity,,,,,
540900,Newgen Software Technologies Limited,NEWGEN,Newgen Software Technologies Ltd,Active,A ,10.00,INE619B01017,Equity,,,,,
540901,Praxis Home Retail Limited ,PRAXIS,Praxis Home Retail Ltd,Active,B ,5.00,INE546Y01022,Equity,,,,,
540902,Amber Enterprises India Limited,AMBER,Amber Enterprises India Ltd,Active,A ,10.00,INE371P01015,Equity,,,,,
540904,TIRUPATI FOAM LIMITED,TIRUFOAM,Tirupati Foam Ltd,Active,XT,10.00,INE115G01015,Equity,,,,,
540914,SRU Steels Limited,SRUSTEELS,SRU Steels Ltd,Active,X ,10.00,INE425C01017,Equity,,,,,
540923,Ashoka Metcast Limited,ASHOKAMET,Ashoka Metcast Ltd,Active,B ,10.00,INE760Y01011,Equity,,,,,
540935,Galaxy Surfactants Limited,GALAXYSURF,Galaxy Surfactants Ltd,Active,B ,10.00,INE600K01018,Equity,,,,,
540936,Gautam Gems Limited,GGL,Gautam Gems Ltd,Active,X ,10.00,INE063Z01017,Equity,,,,,
540937,MEDICO REMEDIES LIMITED,MEDICO,Medico Remedies Ltd,Active,B ,2.00,INE630Y01024,Equity,,,,,
540938,Gujarat Hy-Spin Limited,GUJHYSPIN,Gujarat Hy-Spin Ltd,Active,M ,10.00,INE578V01013,Equity,,,,,
540952,LORENZINI APPARELS LIMITED,LAL,Lorenzini Apparels Ltd,Active,B ,1.00,INE740X01023,Equity,,,,,
540953,Kenvi Jewels Limited,KENVI,Kenvi Jewels Ltd,Active,B ,1.00,INE923Y01023,Equity,,,,,
540954,The Indian Wood Products Co. Ltd.,IWP,The Indian Wood Products Company Ltd,Active,B ,2.00,INE586E01020,Equity,,,,,
540955,Tasty Dairy Specialities Limited,TDSL,Tasty Dairy Specialities Ltd,Active,Z ,10.00,INE773Y01014,Equity,,,,,
540956,Bhatia Communications & Retail (India) Limited,BHATIA,Bhatia Communications & Retail (India) Ltd,Active,X ,1.00,INE341Z01025,Equity,,,,,
540961,Shiva Mills Limited,SHIVAMILLS,Shiva Mills Ltd,Active,B ,10.00,INE644Y01017,Equity,,,,,
540975,ASTER DM QUALITY CARE LIMITED,ASTERDM,Aster DM Quality Care Ltd,Active,A ,10.00,INE914M01019,Equity,,,,,
540980,The Yamuna Syndicate Ltd ,YSL,The Yamuna Syndicate Ltd,Active,X ,100.00,INE868X01014,Equity,,,,,
541005,KANCO TEA & INDUSTRIES LIMITED,KANCOTEA,Kanco Tea & Industries Ltd,Active,B ,10.00,INE398L01017,Equity,,,,,
541006,Angel Fibers Limited,ANGEL,Angel Fibers Ltd,Active,M ,10.00,INE339Z01011,Equity,,,,,
541019,H.G. Infra Engineering Limited,HGINFRA,H.G. Infra Engineering Ltd,Active,B ,10.00,INE926X01010,Equity,,,,,
541083,Inflame Appliances Limited,INFLAME,Inflame Appliances Ltd,Active,M ,10.00,INE464Z01017,Equity,,,,,
541096,Bharat Parenterals Limited,BPLPHARMA,Bharat Parenterals Ltd,Active,B ,10.00,INE365Y01019,Equity,,,,,
541112,Shreeshay Engineers Limited,SHREESHAY,Shreeshay Engineers Ltd,Active,M ,10.00,INE452Z01012,Equity,,,,,
541133,APEX CAPITAL AND FINANCE LIMITED,ACFL,Apex Capital And Finance Ltd,Active,XT,10.00,INE758W01019,Equity,,,,,
541143,Bharat Dynamics Limited,BDL,Bharat Dynamics Ltd,Active,A ,5.00,INE171Z01026,Equity,,,,,
541144,Active Clothing Co  Limited,ACTIVE,Active Clothing Co Ltd,Active,B ,10.00,INE380Z01015,Equity,,,,,
541152,GOYAL ALUMINIUMS LIMITED,GOYALALUM,Goyal Aluminiums Ltd,Active,B ,1.00,INE705X01026,Equity,,,,,
541153,Bandhan Bank Limited,BANDHANBNK,Bandhan Bank Ltd,Active,A ,10.00,INE545U01014,Equity,,,,,
541154,Hindustan Aeronautics Limited,HAL,Hindustan Aeronautics Ltd,Active,A ,5.00,INE066F01020,Equity,,,,,
541161,DHARAN INFRA-EPC LIMITED,DHARAN,Dharan Infra-EPC Ltd,Active,Z ,1.00,INE278R01034,Equity,,,,,
541163,Sandhar Technologies Limited,SANDHAR,Sandhar Technologies Ltd,Active,B ,10.00,INE278H01035,Equity,,,,,
541167,YASHO INDUSTRIES LIMITED,YASHO,Yasho Industries Ltd,Active,B ,10.00,INE616Z01012,Equity,,,,,
541178,Benara Bearings and Pistons Limited,BENARA,Benara Bearings and Pistons Ltd,Active,MT,10.00,INE495Z01011,Equity,,,,,
541195,Mishra Dhatu Nigam Limited,MIDHANI,Mishra Dhatu Nigam Ltd,Active,A ,10.00,INE099Z01011,Equity,,,,,
541196,Lex Nimble Solutions Limited,LEX,Lex Nimble Solutions Ltd,Active,MT,10.00,INE860Y01019,Equity,,,,,
541206,OBCL Limited,OBCL,OBCL Ltd,Active,B ,10.00,INE426Z01016,Equity,,,,,
541228,Taylormade Renewables Limited,TRL,Taylormade Renewables Ltd,Active,T ,10.00,INE459Z01017,Equity,,,,,
541233,Lemon Tree Hotels Limited,LEMONTREE,Lemon Tree Hotels Ltd,Active,A ,10.00,INE970X01018,Equity,,,,,
541269,Chemfab Alkalis Ltd,CHEMFAB,Chemfab Alkalis Ltd,Active,B ,10.00,INE783X01023,Equity,,,,,
541276,HARDWYN INDIA LIMITED,HARDWYN,Hardwyn India Ltd,Active,B ,1.00,INE626Z01029,Equity,,,,,
541299,DR LALCHANDANI LABS LIMITED,DLCL,Dr Lalchandani Labs Ltd,Active,M ,10.00,INE871Z01013,Equity,,,,,
541301,Orient Electric Limited,ORIENTELEC,Orient Electric Ltd,Active,B ,1.00,INE142Z01019,Equity,,,,,
541302,Dhruv Consultancy Services Limited,DHRUV,Dhruv Consultancy Services Ltd,Active,B ,10.00,INE506Z01015,Equity,,,,,
541303,Akshar Spintex Limited,AKSHAR,Akshar Spintex Ltd,Active,B ,1.00,INE256Z01025,Equity,,,,,
541304,Indo US Bio-Tech Limited,INDOUS,Indo Us Bio-Tech Ltd,Active,B ,10.00,INE250Z01010,Equity,,,,,
541313,ICICI Prudential Mutual Fund,BSE500IETF,ICICI Prudential BSE 500 ETF,Active,B ,1.00,INF109KC1V59,Equity,,,,,
541336,IndoStar Capital Finance Limited,INDOSTAR,Indostar Capital Finance Ltd,Active,B ,10.00,INE896L01010,Equity,,,,,
541337,Milestone Furniture Limited,MILEFUR,Milestone Furniture Ltd,Active,MT,10.00,INE424Z01011,Equity,,,,,
541338,U. H. ZAVERI LIMITED,UHZAVERI,U. H. Zaveri Ltd,Active,B ,10.00,INE556Z01010,Equity,,,,,
541347,Parvati Sweetners and Power Ltd.,PARVATI,Parvati Sweetners and Power Ltd,Active,XT,5.00,INE295Z01015,Equity,,,,,
541352,Megastar Foods Limited,MEGASTAR,Megastar Foods Ltd,Active,B ,10.00,INE00EM01016,Equity,,,,,
541353,Innovators Facade Systems Limited,INNOVATORS,Innovators Facade Systems Ltd,Active,M ,10.00,INE870Z01015,Equity,,,,,
541358,UNIFINZ CAPITAL INDIA LIMITED,UCIL,Unifinz Capital India Ltd,Active,XT,10.00,INE926R01012,Equity,,,,,
541400,ZIM Laboratories Limited,ZIMLAB,Zim Laboratories Ltd,Active,B ,10.00,INE518E01015,Equity,,,,,
541402,Affordable Robotic & Automation Limited,AFFORDABLE,Affordable Robotic & Automation Ltd,Active,B ,10.00,INE692Z01013,Equity,,,,,
541403,Dollar Industries Limited,DOLLAR,Dollar Industries Ltd,Active,B ,2.00,INE325C01035,Equity,,,,,
541418,NAKODA GROUP OF INDUSTRIES LIMITED,NGIL,Nakoda Group of Industries Ltd,Active,B ,10.00,INE236Y01012,Equity,,,,,
541444,Palm Jewels Limited,PALMJEWELS,Palm Jewels Ltd,Active,X ,10.00,INE838Z01012,Equity,,,,,
541445,Waa Solar Limited,WAA,Waa Solar Ltd,Active,M ,10.00,INE799N01012,Equity,,,,,
541450,Adani Green Energy Limited,ADANIGREEN,Adani Green Energy Ltd,Active,A ,10.00,INE364U01010,Equity,,,,,
541503,Unick Fix-A- Form and Printers Limited,UNICK,Unick Fix-A-Form And Printers Ltd,Active,X ,10.00,INE250G01010,Equity,,,,,
541540,SOLARA ACTIVE PHARMA SCIENCES LIMITED,SOLARA,Solara Active Pharma Sciences Ltd,Active,B ,10.00,INE624Z01016,Equity,,,,,
541546,GAYATRI HIGHWAYS LTD,GAYAHWS,Gayatri Highways Ltd,Active,B ,2.00,INE287Z01012,Equity,,,,,
541556,RITES Limited,RITES,RITES Ltd,Active,A ,10.00,INE320J01015,Equity,,,,,
541557,Fine Organic Industries Limited,FINEORG,Fine Organic Industries Ltd,Active,A ,5.00,INE686Y01026,Equity,,,,,
541578,Varroc Engineering Limited,VARROC,Varroc Engineering Ltd,Active,A ,1.00,INE665L01035,Equity,,,,,
541601,Rajnish Wellness Limited,RAJNISH,Rajnish Wellness Ltd,Active,B ,1.00,INE685Z01033,Equity,,,,,
541627,Gujarat Winding Systems Limited,GUJWIND,Gujarat Winding Systems Ltd,Active,XT,10.00,INE173V01013,Equity,,,,,
541633,Sophia Traexpo Limited,STRAEXPO,Sophia Traexpo Ltd,Active,XT,10.00,INE268X01017,Equity,,,,,
541634,Raw Edge Industrial Solutions Limited,RAWEDGE,Raw Edge Industrial Solutions Ltd,Active,B ,10.00,INE960Z01014,Equity,,,,,
541701,Supershakti Metaliks Limited,SUPERSHAKT,Supershakti Metaliks Ltd,Active,M ,10.00,INE00SY01011,Equity,,,,,
541702,Ashnisha Industries Limited,ASHNI,Ashnisha Industries Ltd,Active,XT,1.00,INE694W01024,Equity,,,,,
541703,RACONTEUR GLOBAL RESOURCES LIMITED,RACONTEUR,Raconteur Global Resources Ltd,Active,M ,10.00,INE00WY01013,Equity,,,,,
541729,HDFC Asset Management Company Limited,HDFCAMC,HDFC Asset Management Company Ltd,Active,A ,5.00,INE127D01025,Equity,,,,,
541735,Vivanta Industries Limited,VIVANTA,Vivanta Industries Ltd,Active,X ,1.00,INE299W01022,Equity,,,,,
541741,Fratelli Vineyards Limited,FRATELLI,Fratelli Vineyards Ltd,Active,XT,10.00,INE401Z01019,Equity,,,,,
541770,CreditAccess Grameen Ltd.,CREDITACC,CreditAccess Grameen Ltd,Active,A ,10.00,INE741K01010,Equity,,,,,
541771,AMIN TANNERY LIMITED,AMINTAN,Amin Tannery Ltd,Active,XT,1.00,INE572Z01017,Equity,,,,,
541778,Deep Polymers Limited,DEEP,Deep Polymers Ltd,Active,T ,10.00,INE00IY01012,Equity,,,,,
541799,Sungold Media and Entertainment Limited,SMEL,Sungold Media and Entertainment Ltd,Active,MT,10.00,INE266S01011,Equity,,,,,
541809,ICICI Prudential Mutual Fund,NEXT50IETF,ICICI Prudential Nifty Next 50 ETF,Active,B ,1.00,INF109KC1NS5,Equity,,,,,
541865,Add-Shop E-Retail Limited,ASRL,Add-Shop ERetail Ltd,Active,X ,10.00,INE01B501018,Equity,,,,,
541890,Space Incubatrics Technologies Limited,SPACEINCUBA,Space Incubatrics Technologies Ltd,Active,XT,1.00,INE797Z01028,Equity,,,,,
541929,Synergy Green Industries Limited,SGIL,Synergy Green Industries Ltd,Active,B ,10.00,INE00QT01015,Equity,,,,,
541945,Ranjeet Mechatronics Limited,RANJEET,Ranjeet Mechatronics Ltd,Active,M ,5.00,INE01A501027,Equity,,,,,
541956,IRCON International Ltd,IRCON,IRCON International Ltd,Active,A ,2.00,INE962Y01021,Equity,,,,,
541967,Sky Gold And Diamonds Limited,SKYGOLD,Sky Gold And Diamonds Ltd,Active,A ,10.00,INE01IU01018,Equity,,,,,
541972,SBI Mutual Fund,SETFSN50,SBI - ETF - SENSEX NEXT 50,Active,B ,10.00,INF200KA1VQ2,Equity,,,,,
541973,Mac Hotels Limited,MACH,Mac Hotels Ltd,Active,M ,10.00,INE004Z01011,Equity,,,,,
541974,Manorama Industries Limited,MANORAMA,Manorama Industries Ltd,Active,A ,2.00,INE00VM01036,Equity,,,,,
541983,Innovative Ideals and Services (India) Limited,INNOVATIVE,Innovative Ideals and Services (India) Ltd,Active,M ,10.00,INE492Y01011,Equity,,,,,
541988,AAVAS Financiers Limited,AAVAS,AAVAS Financiers Ltd,Active,A ,10.00,INE216P01012,Equity,,,,,
542011,Garden Reach Shipbuilders & Engineers Limited,GRSE,Garden Reach Shipbuilders & Engineers Ltd,Active,A ,10.00,INE382Z01011,Equity,,,,,
542012,A-1 LIMITED,A1L,A-1 Ltd,Active,T ,1.00,INE911Z01025,Equity,,,,,
542013,Dolfin Rubbers Limited,DOLFIN,Dolfin Rubbers Ltd,Active,B ,10.00,INE666Y01010,Equity,,,,,
542019,Shubham Polyspin Limited,SHUBHAM,Shubham Polyspin Ltd,Active,X ,10.00,INE01J501010,Equity,,,,,
542020,AKI India Limited,AKI,AKI India Ltd,Active,T ,2.00,INE642Z01026,Equity,,,,,
542025,Sun Retail Limited,SUNRETAIL,Sun Retail Ltd,Active,MT,1.00,INE206Z01020,Equity,,,,,
542034,S. M. Gold Limited,SMGOLD,S. M. Gold Ltd,Active,B ,10.00,INE00Q901014,Equity,,,,,
542046,VIVID MERCANTILE LIMITED,VIVIDM,Vivid Mercantile Ltd,Active,B ,1.00,INE647Z01025,Equity,,,,,
542057,BCPL Railway Infrastructure Limited,BCPL,BCPL Railway Infrastructure Ltd,Active,B ,10.00,INE00SW01015,Equity,,,,,
542066,ADANI TOTAL GAS LIMITED,ATGL,Adani Total Gas Ltd,Active,A ,1.00,INE399L01023,Equity,,,,,
542123,The Phosphate Company Limited,PHOSPHATE,The Phosphate Company Ltd,Active,X ,10.00,INE398C01016,Equity,,,,,
542131,Mirae Asset Mutual Fund,NIFTYETF,MIRAE ASSET NIFTY 50 ETF (MAN50ETF),Active,B ,100.00,INF769K01EG9,Equity,,,,,
542141,Techno Electric & Engineering Company Limited,TECHNOE,Techno Electric & Engineering Company Ltd,Active,A ,2.00,INE285K01026,Equity,,,,,
542145,Roni Households Limited,RONI,Roni Households Ltd,Active,MT,10.00,INE02AP01013,Equity,,,,,
542146,Shree Krishna Infrastructure Limited,SKIFL,Shree Krishna Infrastructure Ltd,Active,M ,10.00,INE951Z01013,Equity,,,,,
542155,Diksha Greens Limited,DGL,Diksha Greens Ltd,Active,MT,10.00,INE01GR01018,Equity,,,,,
542176,Aryan Share & Stock Brokers Ltd.,ARYAN,Aryan Share and Stock Brokers Ltd,Active,X ,10.00,INE016X01010,Equity,,,,,
542206,NIVAKA FASHIONS LIMITED,NIVAKA,Nivaka Fashions Ltd,Active,XT,1.00,INE139E01028,Equity,,,,,
542216,DALMIA BHARAT LIMITED,DALBHARAT,Dalmia Bharat Ltd,Active,A ,2.00,INE00R701025,Equity,,,,,
542230,Aditya Birla Sun Life Mutual Fund,ABSLNN50ET,Aditya Birla Sun Life Nifty Next 50 ETF,Active,B ,1.00,INF209KB16D7,Equity,,,,,
542231,Nila Spaces Ltd,NILASPACES,Nila Spaces Ltd,Active,B ,1.00,INE00S901012,Equity,,,,,
542232,Shankar Lal Rampal Dye-Chem Limited,SRD,Shankar Lal Rampal Dye-Chem Ltd,Active,B ,10.00,INE01NE01012,Equity,,,,,
542233,Trejhara Solutions Limited,TREJHARA,Trejhara Solutions Ltd,Active,B ,10.00,INE00CA01015,Equity,,,,,
542248,Deccan Health Care Limited,DECCAN,Deccan Health Care Ltd,Active,B ,10.00,INE452W01019,Equity,,,,,
542285,Axita Cotton Limited,AXITA,Axita Cotton Ltd,Active,B ,1.00,INE02EZ01022,Equity,,,,,
542323,KPI Green Energy Limited,KPIGREEN,KPI Green Energy Ltd,Active,A ,5.00,INE542W01025,Equity,,,,,
542332,Hi-Klass Trading and Investment Limited,HIKLASS,Hi-Klass Trading and Investment Ltd,Active,XT,5.00,INE302R01024,Equity,,,,,
542333,RPSG VENTURES LIMITED,RPSGVENT,RPSG Ventures Ltd,Active,B ,10.00,INE425Y01011,Equity,,,,,
542337,Spencer's Retail Limited,SPENCERS,Spencers Retail Ltd,Active,B ,5.00,INE020801028,Equity,,,,,
542351,Gloster Ltd,GLOSTERLTD,Gloster Ltd,Active,B ,10.00,INE350Z01018,Equity,,,,,
542367,Xelpmoc Design and Tech Limited,XELPMOC,Xelpmoc Design and Tech Ltd,Active,B ,10.00,INE01P501012,Equity,,,,,
542376,SPA Capital Services Limited,SPACAPS,SPA Capital Services Ltd,Active,XT,10.00,INE726X01014,Equity,,,,,
542377,Aar Shyam India Investment Company Limited,AARSHYAM,Aar Shyam India Investment Company Ltd,Active,XT,10.00,INE512R01010,Equity,,,,,
542383,Ritco Logistics Limited,RITCO,Ritco Logistics Ltd,Active,B ,10.00,INE01EG01016,Equity,,,,,
542399,Chalet Hotels Limited,CHALET,Chalet Hotels Ltd,Active,A ,10.00,INE427F01016,Equity,,,,,
542437,Anmol India Limited,ANMOL,Anmol India Ltd,Active,T ,10.00,INE02AR01019,Equity,,,,,
542446,Jonjua Overseas Limited,JONJUA,Jonjua Overseas Ltd,Active,M ,10.00,INE793Z01027,Equity,,,,,
542459,Kranti Industries Limited,KRANTI,Kranti Industries Ltd,Active,B ,10.00,INE911T01010,Equity,,,,,
542460,The Anup Engineering Ltd,ANUP,The Anup Engineering Ltd,Active,B ,10.00,INE294Z01018,Equity,,,,,
542477,GLAAM UP JWEL LIMITED,GLAAMUP,Glaam Up Jwel Ltd,Active,MT,10.00,INE03CM01014,Equity,,,,,
542484,Arvind Fashions Limited,ARVINDFASN,Arvind Fashions Ltd,Active,A ,4.00,INE955V01021,Equity,,,,,
542503,Mahip Industries Limited,MAHIP,Mahip Industries Ltd,Active,MT,10.00,INE00CX01017,Equity,,,,,
542513,UTI Mutual Fund,SNXT50BETA,UTI BSE Sensex Next 50 ETF,Active,B ,1.00,INF789F1AUU3,Equity,,,,,
542524,AMBASSADOR INTRA HOLDINGS LIMITED,AIHL,Ambassador Intra Holdings Ltd,Active,X ,10.00,INE342U01016,Equity,,,,,
542544,Jyot International Marketing Limited,JYOTIN,Jyot International Marketing Ltd,Active,XT,10.00,INE043R01016,Equity,,,,,
542579,Ashapuri Gold Ornament Limited,AGOL,Ashapuri Gold Ornament Ltd,Active,B ,1.00,INE05FR01029,Equity,,,,,
542580,Aartech Solonics Limited,AARTECH,Aartech Solonics Ltd,Active,T ,5.00,INE01C001026,Equity,,,,,
542592,Humming Bird Education Limited,HBEL,Humming Bird Education Ltd,Active,M ,1.00,INE02PC01027,Equity,,,,,
542597,MSTC Limited,MSTCLTD,MSTC Ltd,Active,B ,10.00,INE255X01014,Equity,,,,,
542599,Roopshri Resorts Limited,ROOPSHRI,Roopshri Resorts Ltd,Active,MT,10.00,INE03WT01017,Equity,,,,,
542627,Chandni Machines Limited,CHANDNIMACH,Chandni Machines Ltd,Active,XT,10.00,INE01GZ01011,Equity,,,,,
542628,Northern Spirits Limited,NSL,Northern Spirits Ltd,Active,B ,10.00,INE01BL01012,Equity,,,,,
542649,Rail Vikas Nigam Limited,RVNL,Rail Vikas Nigam Ltd,Active,A ,10.00,INE415G01027,Equity,,,,,
542650,Metropolis Healthcare Limited,METROPOLIS,Metropolis Healthcare Ltd,Active,A ,2.00,INE112L01020,Equity,,,,,
542651,KPIT Technologies Ltd,KPITTECH,KPIT Technologies Ltd,Active,A ,10.00,INE04I401011,Equity,,,,,
542652,Polycab India Limited,POLYCAB,Polycab India Ltd,Active,A ,10.00,INE455K01017,Equity,,,,,
542654,V R FILMS & STUDIOS LIMITED,VRFILMS,V R Films & Studios Ltd,Active,B ,10.00,INE06LG01010,Equity,,,,,
542655,VIKAS LIFECARE LIMITED,VIKASLIFE,Vikas Lifecare Ltd,Active,B ,1.00,INE161L01027,Equity,,,,,
542665,Neogen Chemicals Limited,NEOGEN,Neogen Chemicals Ltd,Active,B ,10.00,INE136S01016,Equity,,,,,
542666,G. K. P. Printing & Packaging Limited,GKP,G. K. P. Printing & Packaging Ltd,Active,B ,10.00,INE05QJ01015,Equity,,,,,
542668,EVANS ELECTRIC LIMITED,EVANS,Evans Electric Ltd,Active,M ,10.00,INE06TD01010,Equity,,,,,
542669,BMW INDUSTRIES LIMITED,BMW,BMW Industries Ltd,Active,X ,1.00,INE374E01021,Equity,,,,,
542670,Artemis Electricals and Projects Limited,AEPL,Artemis Electricals and Projects Ltd,Active,B ,1.00,INE757T01025,Equity,,,,,
542677,Mahesh Developers Limited,MAHESH,Mahesh Developers Ltd,Active,X ,10.00,INE01MO01013,Equity,,,,,
542678,Cian Healthcare Limited,CHCL,Cian Healthcare Ltd,Active,MT,10.00,INE05BN01027,Equity,,,,,
542679,Dhanashree Electronics Limited,DEL,Dhanashree Electronics Ltd,Active,X ,10.00,INE413F01016,Equity,,,,,
542682,Harish Textile Engineers Limited,HARISH,Harish Textile Engineers Ltd,Active,X ,10.00,INE01K301012,Equity,,,,,
542684,Prakash Pipes Limited,PPL,Prakash Pipes Ltd,Active,T ,10.00,INE050001010,Equity,,,,,
542685,Digicontent Limited,DGCONTENT,Digicontent Ltd,Active,B ,2.00,INE03JI01017,Equity,,,,,
542694,Parshva Enterprises Limited,PARSHVA,Parshva Enterprises Ltd,Active,B ,10.00,INE05MV01019,Equity,,,,,
542721,Anand Rayons Limited,ARL,Anand Rayons Ltd,Active,T ,10.00,INE02GA01012,Equity,,,,,
542725,SBC EXPORTS LIMITED,SBC,SBC Exports Ltd,Active,B ,1.00,INE04AK01028,Equity,,,,,
542726,IndiaMART InterMESH Limited,INDIAMART,IndiaMART InterMESH Ltd,Active,A ,10.00,INE933S01016,Equity,,,,,
542727,CITY PULSE MULTIVENTURES LIMITED,CPML,City Pulse Multiventures Ltd,Active,M ,10.00,INE056001014,Equity,,,,,
542728,SK International Export Limited,SKIEL,SK International Export Ltd,Active,MT,10.00,INE04ST01013,Equity,,,,,
542729,DCM NOUVELLE LIMITED,DCMNVL,DCM Nouvelle Ltd,Active,B ,10.00,INE08KP01019,Equity,,,,,
542730,ICICI Prudential Mutual Fund,BANKIETF,ICICI Prudential Nifty Bank ETF,Active,B ,1.00,INF109KC15I8,Equity,,,,,
542747,Nippon India Mutual Fund,SNXT50BEES,Nippon India ETF S&P BSE Sensex Next 50,Active,B ,10.00,INF204KB15D0,Equity,,,,,
542752,AFFLE 3I LIMITED,AFFLE,Affle 3I Ltd,Active,A ,2.00,INE00WC01027,Equity,,,,,
542758,ICICI Prudential Mutual Fund,PVTBANIETF,ICICI Prudential Nifty Private Bank ETF,Active,B ,1.00,INF109KC18U7,Equity,,,,,
542759,Spandana Sphoorty Financial Limited,SPANDANA,Spandana Sphoorty Financial Ltd,Active,B ,10.00,INE572J01011,Equity,,,,,
542760,STERLING AND WILSON RENEWABLE ENERGY LIMITED,SWSOLAR,Sterling and Wilson Renewable Energy Ltd,Active,B ,1.00,INE00M201021,Equity,,,,,
542765,Transpact Enterprises Limited,TRANSPACT,Transpact Enterprises Ltd,Active,MS,10.00,INE06YD01010,Equity,,,,,
542770,Alphalogic Techsys Limited,ALPHALOGIC,Alphalogic Techsys Ltd,Active,B ,5.00,INE08E401029,Equity,,,,,
542771,Novateor Research Laboratories Limited,NOVATEOR,Novateor Research Laboratories Ltd,Active,M ,10.00,INE08JY01013,Equity,,,,,
542772,360 ONE WAM LIMITED,360ONE,360 ONE WAM LTD,Active,A ,1.00,INE466L01038,Equity,,,,,
542773,IIFL CAPITAL SERVICES LIMITED,IIFLCAPS,IIFL Capital Services Ltd,Active,A ,2.00,INE489L01022,Equity,,,,,
542774,MUFIN GREEN FINANCE LIMITED,MUFIN,Mufin Green Finance Ltd,Active,B ,1.00,INE08KJ01020,Equity,,,,,
542801,Misquita Engineering Limited,MISQUITA,Misquita Engineering Ltd,Active,M ,10.00,INE957W01025,Equity,,,,,
542802,Galactico Corporate Services Limited,GALACTICO,Galactico Corporate Services Ltd,Active,B ,1.00,INE906Y01028,Equity,,,,,
542803,Vaxfab Enterprises Limited,VEL,Vaxfab Enterprises Ltd,Active,X ,10.00,INE560T01015,Equity,,,,,
542812,Gujarat Fluorochemicals Limited,FLUOROCHEM,Gujarat Fluorochemicals Ltd,Active,A ,1.00,INE09N301011,Equity,,,,,
542830,Indian Railway Catering & Tourism Corporation Ltd,IRCTC,Indian Railway Catering and Tourism Corporation Ltd,Active,A ,2.00,INE335Y01020,Equity,,,,,
542850,GOBLIN INDIA LIMITED,GOBLIN,Goblin India Ltd,Active,MT,10.00,INE492Z01018,Equity,,,,,
542851,Gensol Engineering Limited,GENSOL,Gensol Engineering Ltd,Active,Z ,10.00,INE06H201014,Equity,,,,,
542852,Vishwaraj Sugar Industries Limited,VISHWARAJ,Vishwaraj Sugar Industries Ltd,Active,B ,2.00,INE430N01022,Equity,,,,,
542857,Greenpanel Industries Limited,GREENPANEL,Greenpanel Industries Ltd,Active,B ,1.00,INE08ZM01014,Equity,,,,,
542862,Shahlon Silk Industries Limited,SHAHLON,Shahlon Silk Industries Ltd,Active,X ,2.00,INE052001026,Equity,,,,,
542863,Aditya Birla Sun Life Mutual Fund,ABSLBANETF,Aditya Birla Sun Life Nifty Bank ETF,Active,B ,1.00,INF209KB17D5,Equity,,,,,
542864,MOUNT HOUSING AND INFRASTRUCTURE LIMITED,MOUNT,Mount Housing and Infrastructure Ltd,Active,XT,10.00,INE444X01014,Equity,,,,,
542865,Anuroop Packaging Limited,ANUROOP,Anuroop Packaging Ltd,Active,B ,10.00,INE490Z01012,Equity,,,,,
542867,CSB Bank Limited,CSBBANK,CSB Bank Ltd,Active,A ,10.00,INE679A01013,Equity,,,,,
542904,Ujjivan Small Finance Bank Limited,UJJIVANSFB,Ujjivan Small Finance Bank Ltd,Active,A ,10.00,INE551W01018,Equity,,,,,
542905,Hindware Home Innovation Limited,HINDWAREAP,Hindware Home Innovation Ltd,Active,B ,2.00,INE05AN01011,Equity,,,,,
542906,Easun Capital Markets Limited,EASUN,Easun Capital Markets Ltd,Active,XT,10.00,INE771C01014,Equity,,,,,
542907,Prince Pipes and Fittings Limited,PRINCEPIPE,Prince Pipes and Fittings Ltd,Active,B ,10.00,INE689W01016,Equity,,,,,
542910,Valencia Nutrition Limited,VALENCIA,Valencia Nutrition Ltd,Active,MS,10.00,INE08RT01016,Equity,,,,,
542911,Assam Entrade Limited,ASSAMENT,Assam Entrade Ltd,Active,B ,10.00,INE165G01010,Equity,,,,,
542918,Gian Life Care Limited,GIANLIFE,Gian Life Care Ltd,Active,Z ,10.00,INE063601012,Equity,,,,,
542919,Artemis Medicare Services Limited,ARTEMISMED,Artemis Medicare Services Ltd,Active,B ,1.00,INE025R01021,Equity,,,,,
542920,SUMITOMO CHEMICAL INDIA LIMITED,SUMICHEM,Sumitomo Chemical India Ltd,Active,A ,10.00,INE258G01013,Equity,,,,,
542921,ICICI Prudential Mutual Fund,MIDCAPIETF,ICICI Prudential Nifty Midcap 150 ETF,Active,B ,1.00,INF109KC11W8,Equity,,,,,
542922,Mirae Asset Mutual Fund,NEXT50,Mirae Asset Nifty Next 50 ETF (MANXT50ETF),Active,B ,275.00,INF769K01FN2,Equity,,,,,
542923,TRANWAY21 TECHNOLOGIES LIMITED,TRANWAY21,Tranway21 Technologies Ltd,Active,TS,10.00,INE0BIW01023,Equity,,,,,
542931,Vardhan Capital & Finance Limited,VARDHANCFL,Vardhan Capital & Finance Ltd,Active,XT,10.00,INE128G01018,Equity,,,,,
542933,UNIVERSUS PHOTO IMAGINGS LIMITED,UNIVPHOTO,Universus Photo Imagings Ltd,Active,T ,10.00,INE03V001013,Equity,,,,,
542934,Chandra Bhagat Pharma Limited,CBPL,Chandra Bhagat Pharma Ltd,Active,M ,10.00,INE07QQ01016,Equity,,,,,
542938,Octavius Plantations Limited,OCTAVIUSPL,Octavius Plantations Ltd,Active,X ,10.00,INE117S01016,Equity,,,,,
543064,Cohance Lifesciences Limited,COHANCE,Cohance Lifesciences Ltd,Active,A ,1.00,INE03QK01018,Equity,,,,,
543065,SM Auto Stamping Limited,SMAUTO,SM Auto Stamping Ltd,Active,M ,10.00,INE0C4I01011,Equity,,,,,
543066,SBI CARDS AND PAYMENT SERVICES LIMITED,SBICARD,SBI Cards and Payment Services Ltd,Active,A ,10.00,INE018E01016,Equity,,,,,
543144,Nippon India Mutual Fund,08MPD,NIPPON INDIA EQUITY SAVINGS FUND -  SEGREGATED PORTFOLIO 2 - MONTHLY DIVIDEND PLAN(Issue Price: 0.01),Active,B ,10.00,INF204KB11T5,Equity,,,,,
543145,Nippon India Mutual Fund,08ADR,NIPPON INDIA EQUITY SAVINGS FUND -  SEGREGATED PORTFOLIO 2 - DIRECT DIVIDEND PLAN(Issue Price: 0.01),Active,B ,10.00,INF204KB12S5,Equity,,,,,
543146,Nippon India Mutual Fund,08MPR,NIPPON INDIA EQUITY SAVINGS FUND -  SEGREGATED PORTFOLIO 2 - MONTHLY DIVIDEND PLAN(Issue Price: 0.01),Active,B ,10.00,INF204KB12T3,Equity,,,,,
543147,Nippon India Mutual Fund,08AMD,NIPPON INDIA EQUITY SAVINGS FUND -  SEGREGATED PORTFOLIO 2 - DIRECT MONTHLY DIVIDEND PLAN(Issue Price: 0.01),Active,B ,10.00,INF204KB13S3,Equity,,,,,
543148,Nippon India Mutual Fund,08AMR,NIPPON INDIA EQUITY SAVINGS FUND -  SEGREGATED PORTFOLIO 2 - DIRECT MONTHLY DIVIDEND PLAN(Issue Price: 0.01),Active,B ,10.00,INF204KB14S1,Equity,,,,,
543149,Nippon India Mutual Fund,08BPB,NIPPON INDIA EQUITY SAVINGS FUND -  SEGREGATED PORTFOLIO 2 - BONUS PLAN(Issue Price: 0.01),Active,B ,10.00,INF204KB15S8,Equity,,,,,
543150,Nippon India Mutual Fund,08GPG,NIPPON INDIA EQUITY SAVINGS FUND -  SEGREGATED PORTFOLIO 2 - GROWTH PLAN(Issue Price: 0.01),Active,B ,10.00,INF204KB16S6,Equity,,,,,
543151,Nippon India Mutual Fund,08ABB,NIPPON INDIA EQUITY SAVINGS FUND -  SEGREGATED PORTFOLIO 2 - DIRECT BONUS PLAN(Issue Price: 0.01),Active,B ,10.00,INF204KB17R6,Equity,,,,,
543152,Nippon India Mutual Fund,08QPD,NIPPON INDIA EQUITY SAVINGS FUND -  SEGREGATED PORTFOLIO 2 - QUARTERLY DIVIDEND PLAN(Issue Price: 0.01),Active,B ,10.00,INF204KB17S4,Equity,,,,,
543153,Nippon India Mutual Fund,08AGG,NIPPON INDIA EQUITY SAVINGS FUND -  SEGREGATED PORTFOLIO 2 - DIRECT GROWTH PLAN(Issue Price: 0.01),Active,B ,10.00,INF204KB18R4,Equity,,,,,
543154,Nippon India Mutual Fund,08QPR,NIPPON INDIA EQUITY SAVINGS FUND -  SEGREGATED PORTFOLIO 2 - QUARTERLY DIVIDEND PLAN(Issue Price: 0.01),Active,B ,10.00,INF204KB18S2,Equity,,,,,
543155,Nippon India Mutual Fund,08AQD,NIPPON INDIA EQUITY SAVINGS FUND -  SEGREGATED PORTFOLIO 2 - DIRECT QUARTERLY DIVIDEND PLAN(Issue Price: 0.01),Active,B ,10.00,INF204KB19R2,Equity,,,,,
543156,Nippon India Mutual Fund,08DPD,NIPPON INDIA EQUITY SAVINGS FUND -  SEGREGATED PORTFOLIO 2 - DIVIDEND PLAN(Issue Price: 0.01),Active,B ,10.00,INF204KB19S0,Equity,,,,,
543168,Nippon India Mutual Fund,08AQR,NIPPON INDIA EQUITY SAVINGS FUND -  SEGREGATED PORTFOLIO 2 - DIRECT QUARTERLY DIVIDEND PLAN(Issue Price: 0.01),Active,B ,10.00,INF204KB10S9,Equity,,,,,
543169,Nippon India Mutual Fund,08DPR,NIPPON INDIA EQUITY SAVINGS FUND -  SEGREGATED PORTFOLIO 2 - DIVIDEND PLAN(Issue Price: 0.01),Active,B ,10.00,INF204KB10T7,Equity,,,,,
543170,Nippon India Mutual Fund,08ADD,NIPPON INDIA EQUITY SAVINGS FUND -  SEGREGATED PORTFOLIO 2 - DIRECT DIVIDEND PLAN(Issue Price: 0.01),Active,B ,10.00,INF204KB11S7,Equity,,,,,
543171,RO Jewels Limited,ROJL,RO Jewels Ltd,Active,B ,2.00,INE0BDU01028,Equity,,,,,
543172,Cospower Engineering Limited,COSPOWER,Cospower Engineering Ltd,Active,MT,10.00,INE0CQB01010,Equity,,,,,
543173,Nippon India Mutual Fund,11DPR,NIPPON INDIA EQUITY HYBRID FUND -  SEGREGATED PORTFOLIO 2DIVIDEND PLANDIVIDEND REINVESTMENT,Active,B ,10.00,INF204KB14U7,Equity,,,,,
543174,Nippon India Mutual Fund,11GPG,NIPPON INDIA EQUITY HYBRID FUND -  SEGREGATED PORTFOLIO 2GROWTH PLAN GROWTH OPTIONGROWTH,Active,B ,10.00,INF204KB10U5,Equity,,,,,
543175,Nippon India Mutual Fund,11MPD,NIPPON INDIA EQUITY HYBRID FUND -  SEGREGATED PORTFOLIO 2MONTHLY DIVIDEND PLANDIVIDEND PAYOUT,Active,B ,10.00,INF204KB15U4,Equity,,,,,
543176,Nippon India Mutual Fund,11MPR,NIPPON INDIA EQUITY HYBRID FUND -  SEGREGATED PORTFOLIO 2MONTHLY DIVIDEND PLANREINVESTMENT,Active,B ,10.00,INF204KB16U2,Equity,,,,,
543177,Nippon India Mutual Fund,11QPD,NIPPON INDIA EQUITY HYBRID FUND -  SEGREGATED PORTFOLIO 2QUARTERLY DIVIDEND PLANDIVIDEND PAYOUT,Active,B ,10.00,INF204KB11U3,Equity,,,,,
543178,Nippon India Mutual Fund,11QPR,NIPPON INDIA EQUITY HYBRID FUND -  SEGREGATED PORTFOLIO 2QUARTERLY DIVIDEND PLANREINVESTMENT,Active,B ,10.00,INF204KB12U1,Equity,,,,,
543179,Nippon India Mutual Fund,11ADD,NIPPON INDIA EQUITY HYBRID FUND -  SEGREGATED PORTFOLIO 2DIRECT PLAN DIVIDEND PLANDIVIDEND PAYOUT,Active,B ,10.00,INF204KB16T4,Equity,,,,,
543180,Nippon India Mutual Fund,11ADR,NIPPON INDIA EQUITY HYBRID FUND -  SEGREGATED PORTFOLIO 2DIRECT PLAN DIVIDEND PLANDIVIDEND REINVESTMENT,Active,B ,10.00,INF204KB17T2,Equity,,,,,
543181,Nippon India Mutual Fund,11AGG,NIPPON INDIA EQUITY HYBRID FUND -  SEGREGATED PORTFOLIO 2DIRECT GROWTH PLAN GROWTH OPTIONGROWTH,Active,B ,10.00,INF204KB13T1,Equity,,,,,
543182,Nippon India Mutual Fund,11AMD,NIPPON INDIA EQUITY HYBRID FUND -  SEGREGATED PORTFOLIO 2DIRECT MONTHLY DIVIDEND PLANDIVIDEND PAYOUT,Active,B ,10.00,INF204KB18T0,Equity,,,,,
543183,Nippon India Mutual Fund,11AMR,NIPPON INDIA EQUITY HYBRID FUND -  SEGREGATED PORTFOLIO 2DIRECT MONTHLY DIVIDEND PLANREINVESTMENT,Active,B ,10.00,INF204KB19T8,Equity,,,,,
543184,Nippon India Mutual Fund,11AQD,NIPPON INDIA EQUITY HYBRID FUND -  SEGREGATED PORTFOLIO 2DIRECT QUARTERLY DIVIDEND PLANDIVIDEND PAYOUT,Active,B ,10.00,INF204KB14T9,Equity,,,,,
543185,Nippon India Mutual Fund,11AQR,NIPPON INDIA EQUITY HYBRID FUND -  SEGREGATED PORTFOLIO 2DIRECT QUARTERLY DIVIDEND PLANREINVESTMENT,Active,B ,10.00,INF204KB15T6,Equity,,,,,
543186,Nippon India Mutual Fund,11DPD,NIPPON INDIA EQUITY HYBRID FUND -  SEGREGATED PORTFOLIO 2DIVIDEND PLANDIVIDEND PAYOUT,Active,B ,10.00,INF204KB13U9,Equity,,,,,
543187,HITACHI ENERGY INDIA LIMITED,POWERINDIA,Hitachi Energy India Ltd,Active,A ,2.00,INE07Y701011,Equity,,,,,
543193,DJ Mediaprint & Logistics Limited,DJML,DJ Mediaprint & Logistics Ltd,Active,B ,10.00,INE0B1K01014,Equity,,,,,
543194,Nirmitee Robotics India Limited,NIRMITEE,Nirmitee Robotics India Ltd,Active,TS,10.00,INE0CPQ01010,Equity,,,,,
543207,Natural Biocon (India) Limited,NATURAL,Natural Biocon (India) Ltd,Active,X ,10.00,INE06MM01016,Equity,,,,,
543208,REGIS INDUSTRIES LIMITED,REGIS,Regis Industries Ltd,Active,X ,1.00,INE745R01024,Equity,,,,,
543209,Billwin Industries Limited,BILLWIN,Billwin Industries Ltd,Active,M ,10.00,INE0CRS01012,Equity,,,,,
543210,Aarti Surfactants Limited,AARTISURF,Aarti Surfactants Ltd,Active,T ,10.00,INE09EO01013,Equity,,,,,
543211,BONLON INDUSTRIES LIMITED,BONLON,Bonlon Industries Ltd,Active,B ,10.00,INE0B9A01018,Equity,,,,,
543212,Borosil Limited,BOROLTD,Borosil Ltd,Active,B ,1.00,INE02PY01013,Equity,,,,,
543213,ROSSARI BIOTECH LIMITED,ROSSARI,Rossari Biotech Ltd,Active,B ,2.00,INE02A801020,Equity,,,,,
543214,NDR Auto Components Limited,NDRAUTO,NDR Auto Components Ltd,Active,B ,10.00,INE07OG01012,Equity,,,,,
543218,SURATWWALA BUSINESS GROUP LIMITED,SBGLP,Suratwwala Business Group Ltd,Active,B ,1.00,INE05ST01028,Equity,,,,,
543219,ICICI Prudential Mutual Fund,ALPL30IETF,ICICI Prudential Nifty Alpha Low- Volatility 30 ETF,Active,B ,1.00,INF109KC17V7,Equity,,,,,
543220,Max Healthcare Institute Limited,MAXHEALTH,Max Healthcare Institute Ltd,Active,A ,10.00,INE027H01010,Equity,,,,,
543221,ICICI Prudential Mutual Fund,ITIETF,ICICI Prudential Nifty IT ETF,Active,B ,1.00,INF109KC16I6,Equity,,,,,
543223, Max India Limited,MAXIND,Max India Ltd,Active,B ,10.00,INE0CG601016,Equity,,,,,
543224,HDFC Mutual Fund,HDFCNIFBAN,HDFC Nifty Banking ETF,Active,B ,22.33,INF179KC1HY0,Equity,,,,,
543226,UTI Mutual Fund,BANKBETA,UTI NIFTY BANK ETF,Active,B ,1.00,INF789F1AUV1,Equity,,,,,
543227,Happiest Minds Technologies Limited,HAPPSTMNDS,Happiest Minds Technologies Ltd,Active,A ,2.00,INE419U01012,Equity,,,,,
543228,Route Mobile Limited,ROUTE,Route Mobile Ltd,Active,B ,10.00,INE450U01017,Equity,,,,,
543229,Samrat Forgings Limited,SAMRATFORG,Samrat Forgings Ltd,Active,X ,10.00,INE412J01010,Equity,,,,,
543230,ADVAIT ENERGY TRANSITIONS LIMITED,ADVAIT,Advait Energy Transitions Ltd,Active,B ,10.00,INE0ALI01010,Equity,,,,,
543231,Archidply Decor Limited,ADL,Archidply Decor Ltd,Active,B ,10.00,INE0CHO01012,Equity,,,,,
543232,Computer Age Management Services Limited,CAMS,Computer Age Management Services Ltd,Active,A ,2.00,INE596I01020,Equity,,,,,
543233,Chemcon Speciality Chemicals Limited,CHEMCON,Chemcon Speciality Chemicals Ltd,Active,T ,10.00,INE03YM01018,Equity,,,,,
543234,Secmark Consultancy Limited,SECMARK,SecMark Consultancy Ltd,Active,B ,10.00,INE0BTM01013,Equity,,,,,
543235,ANGEL ONE LIMITED,ANGELONE,Angel One Ltd,Active,A ,1.00,INE732I01021,Equity,,,,,
543236,Atam Valves Limited,ATAM,Atam Valves Ltd,Active,B ,10.00,INE09KD01013,Equity,,,,,
543237,Mazagon Dock Shipbuilders Limited,MAZDOCK,Mazagon Dock Shipbuilders Ltd,Active,A ,5.00,INE249Z01020,Equity,,,,,
543238,UTI Asset Management Company Limited,UTIAMC,UTI Asset Management Company Ltd,Active,A ,10.00,INE094J01016,Equity,,,,,
543239,G M Polyplast Limited,GMPL,G M Polyplast Ltd,Active,M ,10.00,INE0E2801015,Equity,,,,,
543240,Likhitha Infrastructure Limited,LIKHITHA,Likhitha Infrastructure Ltd,Active,B ,5.00,INE060901027,Equity,,,,,
543241,Veer Global Infraconstruction Limited,VGIL,Veer Global Infraconstruction Ltd,Active,B ,10.00,INE244W01010,Equity,,,,,
543242,Hemisphere Properties India Limited,HEMIPROP,Hemisphere Properties India Ltd,Active,B ,10.00,INE0AJG01018,Equity,,,,,
543243,Equitas Small Finance Bank Limited,EQUITASBNK,Equitas Small Finance Bank Ltd,Active,A ,10.00,INE063P01018,Equity,,,,,
543244,Shine Fashions (India) Limited,SHINEFASH,Shine Fashions (India) Ltd,Active,M ,5.00,INE0BLY01023,Equity,,,,,
543245, Gland Pharma Limited,GLAND,Gland Pharma Ltd,Active,A ,1.00,INE068V01023,Equity,,,,,
543246,Mirae Asset Mutual Fund,ESG,Mirae Asset Nifty 100 ESG Sector Leaders ETF,Active,B ,17.50,INF769K01GS9,Equity,,,,,
543247,Net Pix Shorts Digital Media Limited,NETPIX,Net Pix Shorts Digital Media Ltd,Active,TS,10.00,INE0D5F01013,Equity,,,,,
543248,Restaurant Brands Asia Limited,RBA,Restaurant Brands Asia Ltd,Active,A ,10.00,INE07T201019,Equity,,,,,
543249,TARC LIMITED,TARC,Tarc Ltd,Active,B ,2.00,INE0EK901012,Equity,,,,,
543251,Ravinder Heights Limited,RVHL,Ravinder Heights Ltd,Active,B ,1.00,INE09E501017,Equity,,,,,
543252,Fairchem Organics Limited,FAIRCHEMOR,Fairchem Organics Ltd,Active,T ,10.00,INE0DNW01011,Equity,,,,,
543253,Mrs. Bectors Food Specialities Limited,BECTORFOOD,Mrs. Bectors Food Specialities Ltd,Active,B ,2.00,INE495P01020,Equity,,,,,
543254,Antony Waste Handling Cell Limited,AWHCL,Antony Waste Handling Cell Ltd,Active,B ,5.00,INE01BK01022,Equity,,,,,
543255,Nippon India Mutual Fund,INFRABEES,Nippon India ETF Nifty Infrastructure BeES,Active,B ,10.00,INF732E01268,Equity,,,,,
543256,RITA FINANCE AND LEASING LIMITED,RFLL,Rita Finance and Leasing Ltd,Active,X ,10.00,INE018S01016,Equity,,,,,
543257,Indian Railway Finance Corporation,IRFC,Indian Railway Finance Corporation Ltd,Active,A ,10.00,INE053F01010,Equity,,,,,
543258,Indigo Paints Limited,INDIGOPNTS,Indigo Paints Ltd,Active,A ,10.00,INE09VQ01012,Equity,,,,,
543259,Home First Finance Company India Limited,HOMEFIRST,Home First Finance Company India Ltd,Active,A ,2.00,INE481N01025,Equity,,,,,
543260,STOVE KRAFT LIMITED,STOVEKRAFT,Stove Kraft Ltd,Active,B ,10.00,INE00IN01015,Equity,,,,,
543262,MRP Agro Limited,MRP,MRP Agro Ltd,Active,M ,10.00,INE0D7801012,Equity,,,,,
543263,SMC Global Securities Limited,SMCGLOBAL,SMC Global Securities Ltd,Active,B ,2.00,INE103C01036,Equity,,,,,
543264,Nureca Limited,NURECA,Nureca Ltd,Active,T ,10.00,INE0DSF01015,Equity,,,,,
543265,RailTel Corporation of India Limited,RAILTEL,RailTel Corporation of India Ltd,Active,A ,10.00,INE0DD101019,Equity,,,,,
543266,Heranba Industries Limited,HERANBA,Heranba Industries Ltd,Active,B ,10.00,INE694N01015,Equity,,,,,
543267,Davangere Sugar Company Limited,DAVANGERE,Davangere Sugar Company Ltd,Active,B ,1.00,INE179G01029,Equity,,,,,
543268,DRC Systems India Limited,DRCSYSTEMS,DRC Systems India Ltd,Active,B ,1.00,INE03RS01027,Equity,,,,,
543269,Adjia Technologies Limited,ADJIA,Adjia Technologies Ltd,Active,TS,10.00,INE0G0V01018,Equity,,,,,
543270,MTAR Technologies Limited,MTARTECH,MTAR Technologies Ltd,Active,T ,10.00,INE864I01014,Equity,,,,,
543271,Jubilant Ingrevia Limited,JUBLINGREA,Jubilant Ingrevia Ltd,Active,A ,1.00,INE0BY001018,Equity,,,,,
543272,Easy Trip Planners Limited,EASEMYTRIP,Easy Trip Planners Ltd,Active,B ,1.00,INE07O001026,Equity,,,,,
543273,Knowledge Marine & Engineering Works Limited,KMEW,Knowledge Marine & Engineering Works Ltd,Active,B ,5.00,INE0CJD01029,Equity,,,,,
543275,Anupam Rasayan India Limited,ANURAS,Anupam Rasayan India Ltd,Active,A ,10.00,INE930P01018,Equity,,,,,
543276,Craftsman Automation Limited,CRAFTSMAN,Craftsman Automation Ltd,Active,A ,5.00,INE00LO01017,Equity,,,,,
543277,Laxmi Organic Industries Limited,LXCHEM,Laxmi Organic Industries Ltd,Active,B ,2.00,INE576O01020,Equity,,,,,
543278,Kalyan Jewellers India Limited,KALYANKJIL,Kalyan Jewellers India Ltd,Active,A ,10.00,INE303R01014,Equity,,,,,
543279,Suryoday Small Finance Bank Limited,SURYODAY,Suryoday Small Finance Bank Ltd,Active,B ,10.00,INE428Q01011,Equity,,,,,
543280,Nazara Technologies Limited,NAZARA,Nazara Technologies Ltd,Active,A ,2.00,INE418L01047,Equity,,,,,
543281,Suvidhaa Infoserve Limited,SUVIDHAA,Suvidhaa Infoserve Ltd,Active,B ,1.00,INE018401013,Equity,,,,,
543282,Niks Technology Limited,NIKSTECH,Niks Technology Ltd,Active,TS,10.00,INE0GX601011,Equity,,,,,
543283,UNITED FOODBRANDS LIMITED,UFBL,United Foodbrands Ltd,Active,T ,5.00,INE382M01027,Equity,,,,,
543284,EKI Energy Services Limited,EKI,EKI Energy Services Ltd,Active,B ,10.00,INE0CPR01018,Equity,,,,,
543285,Rajeshwari Cans Limited,RCAN,Rajeshwari Cans Ltd,Active,M ,10.00,INE0CQ101015,Equity,,,,,
543286,Artemis ADR Marketplace Limited,ARTEMISADR,Artemis ADR Marketplace Ltd,Active,MT,10.00,INE0D9X01018,Equity,,,,,
543287,Lodha Developers Limited,LODHA,Lodha Developers Ltd,Active,A ,10.00,INE670K01029,Equity,,,,,
543288,Deep Industries Limited,DEEPINDS,Deep Industries Ltd,Active,B ,5.00,INE0FHS01024,Equity,,,,,
543289,Kuberan Global Edu Solutions Limited,KGES,Kuberan Global Edu Solutions Ltd,Active,TS,10.00,INE04CO01018,Equity,,,,,
543291,Mirae Asset Mutual Fund,MAFANG,Mirae Asset NYSE FANG+ ETF,Active,B ,40.00,INF769K01HF4,Equity,,,,,
543292,ICICI Prudential Mutual Fund,HEALTHIETF,ICICI Prudential Nifty Healthcare ETF,Active,B ,10.00,INF109KC1Q72,Equity,,,,,
543298,Vineet Laboratories Limited,VINEETLAB,Vineet Laboratories Ltd,Active,B ,10.00,INE505Y01010,Equity,,,,,
543299,Shyam Metalics and Energy Limited,SHYAMMETL,Shyam Metalics and Energy Ltd,Active,A ,10.00,INE810G01011,Equity,,,,,
543300,Sona BLW Precision Forgings Limited,SONACOMS,Sona BLW Precision Forgings Ltd,Active,A ,10.00,INE073K01018,Equity,,,,,
543306,Dodla Dairy Limited,DODLA,Dodla Dairy Ltd,Active,A ,10.00,INE021O01019,Equity,,,,,
543308,Krishna Institute of Medical Sciences Limited,KIMS,Krishna Institute of Medical Sciences Ltd,Active,A ,2.00,INE967H01025,Equity,,,,,
543309,Adeshwar Meditex Limited,ADESHWAR,Adeshwar Meditex Ltd,Active,M ,10.00,INE0H8J01015,Equity,,,,,
543310,Times Green Energy (India) Limited,TIMESGREEN,Times Green Energy (India) Ltd,Active,MT,10.00,INE0B6101012,Equity,,,,,
543311,India Pesticides Limited,IPL,India Pesticides Ltd,Active,B ,1.00,INE0D6701023,Equity,,,,,
543312,Focus Business Solution Limited,FOCUS,Focus Business Solution Ltd,Active,M ,10.00,INE0DXR01010,Equity,,,,,
543317,G R Infraprojects Limited,GRINFRA,G R Infraprojects Ltd,Active,B ,5.00,INE201P01022,Equity,,,,,
543318,Clean Science and Technology Limited,CLEAN,Clean Science and Technology Ltd,Active,A ,1.00,INE227W01023,Equity,,,,,
543319,AA Plus Tradelink Limited,AAPLUSTRAD,AA Plus Tradelink Ltd,Active,M ,1.00,INE0C5901022,Equity,,,,,
543320,Eternal Limited,ETERNAL,Eternal Ltd,Active,A ,1.00,INE758T01015,Equity,,,,,
543321,Tatva Chintan Pharma Chem Limited,TATVA,Tatva Chintan Pharma Chem Ltd,Active,B ,10.00,INE0GK401011,Equity,,,,,
543322,ALIVUS LIFE SCIENCES LIMITED,ALIVUS,Alivus Life Sciences Ltd,Active,A ,2.00,INE03Q201024,Equity,,,,,
543323,Mirae Asset Mutual Fund,BFSI,Mirae Asset Nifty Financial Services ETF,Active,B ,10.00,INF769K01HI8,Equity,,,,,
543324,Gretex Corporate Services Limited,GCSL,Gretex Corporate Services Ltd,Active,B ,10.00,INE199P01028,Equity,,,,,
543325,Rolex Rings Limited,ROLEXRINGS,Rolex Rings Ltd,Active,B ,1.00,INE645S01024,Equity,,,,,
543326,ICICI Prudential Mutual Fund,FMCGIETF,ICICI Prudential Nifty FMCG ETF,Active,B ,1.00,INF109KC19V3,Equity,,,,,
543327,Exxaro Tiles Limited,EXXARO,Exxaro Tiles Ltd,Active,B ,1.00,INE0GFE01026,Equity,,,,,
543328,Krsnaa Diagnostics Limited,KRSNAA,Krsnaa Diagnostics Ltd,Active,B ,5.00,INE08LI01020,Equity,,,,,
543329,Windlas Biotech Limited,WINDLAS,Windlas Biotech Ltd,Active,B ,5.00,INE0H5O01029,Equity,,,,,
543330,Devyani International Limited,DEVYANI,Devyani International Ltd,Active,A ,1.00,INE872J01023,Equity,,,,,
543331,Meghmani Organics Limited,MOL,Meghmani Organics Ltd,Active,B ,1.00,INE0CT101020,Equity,,,,,
543332,Epigral Limited,EPIGRAL,Epigral Ltd,Active,B ,10.00,INE071N01016,Equity,,,,,
543333,CarTrade Tech Limited,CARTRADE,CarTrade Tech Ltd,Active,A ,10.00,INE290S01011,Equity,,,,,
543334,Nuvoco Vistas Corporation Limited,NUVOCO,Nuvoco Vistas Corporation Ltd,Active,A ,10.00,INE118D01016,Equity,,,,,
543335,Aptus Value Housing Finance India Limited,APTUS,Aptus Value Housing Finance India Ltd,Active,A ,2.00,INE852O01025,Equity,,,,,
543336,Chemplast Sanmar Limited,CHEMPLASTS,Chemplast Sanmar Ltd,Active,B ,5.00,INE488A01050,Equity,,,,,
543341,SHARPLINE BROADCAST LIMITED,SHARPLINE,Sharpline Broadcast Ltd,Active,X ,10.00,INE647W01014,Equity,,,,,
543346,Aashka Hospitals Limited,AASHKA,Aashka Hospitals Ltd,Active,M ,10.00,INE0EAX01014,Equity,,,,,
543347,Axis Mutual Fund,ITAXIS,Axis NIFTY IT ETF,Active,B ,100.00,INF846K01Y96,Equity,,,,,
543348,Axis Mutual Fund,HEALTHAXIS,Axis NIFTY Healthcare ETF,Active,B ,10.00,INF846K01Z12,Equity,,,,,
543349,ACUTAAS CHEMICALS LIMITED,ACUTAAS,Acutaas Chemicals Ltd,Active,A ,5.00,INE00FF01025,Equity,,,,,
543350,Vijaya Diagnostic Centre Limited,VIJAYA,Vijaya Diagnostic Centre Ltd,Active,A ,1.00,INE043W01024,Equity,,,,,
543351,Naapbooks Limited,NBL,Naapbooks Ltd,Active,TS,10.00,INE0GOA01018,Equity,,,,,
543352,PlatinumOne Business Services Limited,POBS,PlatinumOne Business Services Ltd,Active,M ,10.00,INE0DTJ01015,Equity,,,,,
543357,Axis Mutual Fund,CONSUMAXIS,Axis NIFTY India Consumption ETF,Active,B ,10.00,INF846K016C7,Equity,,,,,
543358,Sansera Engineering Limited,SANSERA,Sansera Engineering Ltd,Active,A ,2.00,INE953O01021,Equity,,,,,
543363,Prevest Denpro Limited,PREVEST,Prevest Denpro Ltd,Active,M ,10.00,INE0GAO01018,Equity,,,,,
543364,Markolines Pavement Technologies Limited,MARKOLINES,Markolines Pavement Technologies Ltd,Active,B ,10.00,INE0FW001016,Equity,,,,,
543365,Mirae Asset Mutual Fund,MASPTOP50,Mirae Asset S&P 500 Top 50 ETF,Active,B ,20.00,INF769K01HP3,Equity,,,,,
543366,SBL Infratech Limited,SBLI,SBL Infratech Ltd,Active,M ,10.00,INE0DLM01024,Equity,,,,,
543367,Paras Defence and Space Technologies Limited,PARAS,Paras Defence and Space Technologies Ltd,Active,A ,5.00,INE045601023,Equity,,,,,
543372,Getalong Enterprise Limited,GETALONG,Getalong Enterprise Ltd,Active,M ,1.00,INE0H1201020,Equity,,,,,
543373,Shri Venkatesh Refineries Limited,SVRL,Shri Venkatesh Refineries Ltd,Active,T ,10.00,INE0HLJ01013,Equity,,,,,
543374,Aditya Birla Sun Life AMC Limited,ABSLAMC,Aditya Birla Sun Life AMC Ltd,Active,A ,5.00,INE404A01024,Equity,,,,,
543375,Promax Power Limited,PROMAX,Promax Power Ltd,Active,M ,10.00,INE0I2F01015,Equity,,,,,
543376,Samor Reality Limited,SAMOR,Samor Reality Ltd,Active,B ,10.00,INE0GD201014,Equity,,,,,
543377,Adishakti Loha and Ispat Limited,ADISHAKTI,Adishakti Loha and Ispat Ltd,Active,M ,10.00,INE0CWK01019,Equity,,,,,
543378,CWD Limited,CWD,CWD Ltd,Active,MS,10.00,INE0H8H01019,Equity,,,,,
543383,ICICI Prudential Mutual Fund,CONSUMIETF,ICICI Prudential Nifty India Consumption ETF,Active,B ,10.00,INF109KC1V42,Equity,,,,,
543384,FSN E-Commerce Ventures Limited,NYKAA,FSN E-Commerce Ventures Ltd,Active,A ,1.00,INE388Y01029,Equity,,,,,
543386,Fino Payments Bank Limited,FINOPB,Fino Payments Bank Ltd,Active,B ,10.00,INE02NC01014,Equity,,,,,
543387,S.J.S. Enterprises Limited,SJS,S.J.S. Enterprises Ltd,Active,A ,10.00,INE284S01014,Equity,,,,,
543388,DSP Mutual Fund,EQUAL50ADD,DSP Nifty 50 Equal Weight ETF,Active,B ,10.00,INF740KA1QK2,Equity,,,,,
543389,Sigachi Industries Limited,SIGACHI,Sigachi Industries Ltd,Active,B ,1.00,INE0D0K01022,Equity,,,,,
543390,PB Fintech Limited,POLICYBZR,PB Fintech Ltd,Active,A ,2.00,INE417T01026,Equity,,,,,
543391,Suyog Gurbaxani Funicular Ropeways Limited,SGFRL,Suyog Gurbaxani Funicular Ropeways Ltd,Active,M ,10.00,INE07GA01011,Equity,,,,,
543396,One 97 Communications Limited,PAYTM,One 97 Communications Ltd,Active,A ,1.00,INE982J01020,Equity,,,,,
543397,Sapphire Foods India Limited,SAPPHIRE,Sapphire Foods India Ltd,Active,A ,2.00,INE806T01020,Equity,,,,,
543398,Latent View Analytics Limited,LATENTVIEW,Latent View Analytics Ltd,Active,A ,1.00,INE0I7C01011,Equity,,,,,
543399,Tarsons Products Limited,TARSONS,Tarsons Products Ltd,Active,B ,2.00,INE144Z01023,Equity,,,,,
543400,Omnipotent Industries Limited,OMNIPOTENT,Omnipotent Industries Ltd,Active,M ,10.00,INE0JFE01012,Equity,,,,,
543401,Go Fashion (India) Limited,GOCOLORS,Go Fashion (India) Ltd,Active,B ,10.00,INE0BJS01011,Equity,,,,,
543410,DMR ENGINEERING LIMITED,DMR,DMR Engineering Ltd,Active,M ,10.00,INE07L501010,Equity,,,,,
543411,HI-TECH PIPES LIMITED,HITECH,Hi-Tech Pipes Ltd,Active,B ,1.00,INE106T01025,Equity,,,,,
543412,Star Health and Allied Insurance Company Limited,STARHEALTH,Star Health and Allied Insurance Company Ltd,Active,A ,10.00,INE575P01011,Equity,,,,,
543413,Tega Industries Limited,TEGA,Tega Industries Ltd,Active,A ,10.00,INE011K01018,Equity,,,,,
543414,Mirae Asset Mutual Fund,MAHKTECH,Mirae Asset Hang Seng TECH ETF,Active,B ,10.00,INF769K01HS7,Equity,,,,,
543415,Anand Rathi Wealth Limited,ANANDRATHI,Anand Rathi Wealth Ltd,Active,A ,5.00,INE463V01026,Equity,,,,,
543416,Zodiac Energy Limited,ZODIAC,Zodiac Energy Ltd,Active,B ,10.00,INE761Y01019,Equity,,,,,
543417,RateGain Travel Technologies Limited,RATEGAIN,RateGain Travel Technologies Ltd,Active,A ,1.00,INE0CLI01024,Equity,,,,,
543419,Shriram Properties Limited,SHRIRAMPPS,Shriram Properties Ltd,Active,B ,10.00,INE217L01019,Equity,,,,,
543420,Jet Freight Logistics Limited,JETFREIGHT,Jet Freight Logistics Ltd,Active,B ,5.00,INE982V01025,Equity,,,,,
543425,C.E. Info Systems Limited,MAPMYINDIA,C.E. Info Systems Ltd,Active,A ,2.00,INE0BV301023,Equity,,,,,
543426,Metro Brands Limited,METROBRAND,Metro Brands Ltd,Active,A ,5.00,INE317I01021,Equity,,,,,
543427,Medplus Health Services Limited,MEDPLUS,Medplus Health Services Ltd,Active,A ,2.00,INE804L01022,Equity,,,,,
543428,Data Patterns (India) Limited,DATAPATTNS,Data Patterns (India) Ltd,Active,A ,2.00,INE0IX101010,Equity,,,,,
543433,HP Adhesives Limited,HPAL,HP Adhesives Ltd,Active,B ,2.00,INE0GSL01024,Equity,,,,,
543434,Supriya Lifescience Limited,SUPRIYA,Supriya Lifescience Ltd,Active,B ,2.00,INE07RO01027,Equity,,,,,
543435,CLARA INDUSTRIES LIMITED,CLARA,Clara Industries Ltd,Active,M ,10.00,INE0JJS01014,Equity,,,,,
543436,Wherrelz IT Solutions Limited,WITS,Wherrelz IT Solutions Ltd,Active,TS,10.00,INE0IM001015,Equity,,,,,
543437,Motilal Oswal Mutual Fund,MONQ50,Motilal Oswal Nasdaq Q 50 ETF,Active,B ,10.00,INF247L01AU3,Equity,,,,,
543438,DSP Mutual Fund,MIDQ50ADD,DSP Nifty Midcap 150 Quality 50 ETF,Active,B ,1.00,INF740KA1ZF3,Equity,,,,,
543440,DSP Mutual Fund,NIFTYADD,DSP Nifty 50 ETF,Active,B ,10.00,INF740KA1CL0,Equity,,,,,
543441,CMS Info Systems Limited,CMSINFO,CMS Info Systems Ltd,Active,A ,10.00,INE925R01014,Equity,,,,,
543442,Brand Concepts Limited,BCONCEPTS,Brand Concepts Ltd,Active,B ,10.00,INE977Y01011,Equity,,,,,
543443,Ascensive Educare Limited,ASCENSIVE,Ascensive Educare Ltd,Active,MS,1.00,INE0E4I01027,Equity,,,,,
543444,FABINO ENTERPRISES LIMITED,FABINO,Fabino Enterprises Ltd,Active,M ,10.00,INE0DRT01018,Equity,,,,,
543449,WONDER ELECTRICALS LIMITED,WEL,Wonder Electricals Ltd,Active,B ,1.00,INE02WG01024,Equity,,,,,
543450,ICICI Prudential Mutual Fund,AUTOIETF,ICICI Prudential Nifty Auto ETF,Active,B ,1.00,INF109KC10V2,Equity,,,,,
543451,AGS TRANSACT TECHNOLOGIES LIMITED,AGSTRA,AGS Transact Technologies Ltd,Active,Z ,10.00,INE583L01014,Equity,,,,,
543453,ALKOSIGN LIMITED,ALKOSIGN,Alkosign Ltd,Active,M ,10.00,INE0KA601012,Equity,,,,,
543454,Mirae Asset Mutual Fund,MAKEINDIA,Mirae Asset Nifty India Manufacturing ETF,Active,B ,50.00,INF769K01IB1,Equity,,,,,
543458,AWL AGRI BUSINESS LIMITED,AWL,AWL Agri Business Ltd,Active,A ,1.00,INE699H01024,Equity,,,,,
543460,Quality RO Industries Limited,QRIL,Quality RO Industries Ltd,Active,M ,10.00,INE0KAF01018,Equity,,,,,
543461,Safa Systems & Technologies Limited,SSTL,Safa Systems & Technologies Ltd,Active,M ,10.00,INE0JNA01014,Equity,,,,,
543462,DEV INFORMATION TECHNOLOGY LIMITED,DEVIT,Dev Information Technology Ltd,Active,B ,2.00,INE060X01034,Equity,,,,,
543463,Vedant Fashions Limited,MANYAVAR,Vedant Fashions Ltd,Active,A ,1.00,INE825V01034,Equity,,,,,
543464,Maruti Interior Products Limited,SPITZE,Maruti Interior Products Ltd,Active,M ,10.00,INE0JSJ01014,Equity,,,,,
543465,Motilal Oswal Mutual Fund,MOMOMENTUM,Motilal Oswal Nifty 200 Momentum 30 ETF,Active,B ,2.00,INF247L01BK2,Equity,,,,,
543470,SoftTech Engineers Limited,SOFTTECH,Softtech Engineers Ltd,Active,B ,10.00,INE728Z01015,Equity,,,,,
543472,Aditya Birla Sun Life Mutual Fund,TECH,Aditya Birla Sunlife Nifty IT ETF,Active,B ,1.00,INF209KB11D8,Equity,,,,,
543473,Aditya Birla Sun Life Mutual Fund,HEALTHY,Aditya Birla Sun Life Nifty Healthcare ETF,Active,B ,1.00,INF209KB10C2,Equity,,,,,
543474,Aditya Birla Sun Life Mutual Fund,BSLNIFTY,Aditya Birla Sun Life Nifty 50 ETF,Active,B ,1.00,INF209KB19D1,Equity,,,,,
543475,Ekennis Software Service Limited,EKENNIS,Ekennis Software Service Ltd,Active,M ,10.00,INE0KCM01010,Equity,,,,,
543481,Mirae Asset Mutual Fund,MIDCAPETF,Mirae Asset Nifty Midcap 150 ETF,Active,B ,5.00,INF769K01IC9,Equity,,,,,
543482,Eureka Forbes Limited,EUREKAFORB,Eureka Forbes Ltd,Active,A ,10.00,INE0KCE01017,Equity,,,,,
543489,Gateway Distriparks Limited,GATEWAY,Gateway Distriparks Ltd,Active,B ,10.00,INE079J01017,Equity,,,,,
543490,GMR Power and Urban Infra Limited,GMRP&UI,GMR Power and Urban Infra Ltd,Active,A ,5.00,INE0CU601026,Equity,,,,,
543497,Bhatia Colour Chem Limited,BCCL,Bhatia Colour Chem Ltd,Active,M ,10.00,INE0KQ001017,Equity,,,,,
543498,Motherson Sumi Wiring India Limited,MSUMI,Motherson Sumi Wiring India Ltd,Active,A ,1.00,INE0FS801015,Equity,,,,,
543499,Achyut Healthcare Limited,ACHYUT,Achyut Healthcare Ltd,Active,T ,1.00,INE0K1401020,Equity,,,,,
543500,Evoq Remedies Limited,EVOQ,Evoq Remedies Ltd,Active,MT,10.00,INE0JVD01011,Equity,,,,,
543501,Motilal Oswal Mutual Fund,MOLOWVOL,Motilal Oswal BSE Low Volatility ETF,Active,B ,2.00,INF247L01BL0,Equity,,,,,
543512,Avro India Limited,AVROIND,Avro India Ltd,Active,B ,1.00,INE652Z01025,Equity,,,,,
543513,Uma Exports Limited,UMAEXPORTS,Uma Exports Ltd,Active,T ,10.00,INE0GIU01018,Equity,,,,,
543514,Veranda Learning Solutions Limited,VERANDA,Veranda Learning Solutions Ltd,Active,B ,10.00,INE0IQ001011,Equity,,,,,
543515,Sunrise Efficient Marketing Limited,SEML,Sunrise Efficient Marketing Ltd,Active,M ,10.00,INE0KPY01017,Equity,,,,,
543516,DHYAANI TRADEVENTTURES LIMITED,DHYAANITR,Dhyaani Tradeventtures Ltd,Active,MT,10.00,INE0K5F01014,Equity,,,,,
543517,Hariom Pipe Industries Limited,HARIOMPIPE,Hariom Pipe Industries Ltd,Active,B ,10.00,INE00EV01017,Equity,,,,,
543518,Eighty Jewellers Limited,EIGHTY,Eighty Jewellers Ltd,Active,M ,10.00,INE0KSN01014,Equity,,,,,
543519,Shashwat Furnishing Solutions Limited,SFSL,Shashwat Furnishing Solutions Ltd,Active,M ,10.00,INE0JMN01019,Equity,,,,,
543520,Global Longlife Hospital and Research Limited,GLHRL,Global Longlife Hospital and Research Ltd,Active,MT,10.00,INE0J2K01014,Equity,,,,,
543521,Fone4 Communications (India) Limited,FONE4,Fone4 Communications (India) Ltd,Active,M ,10.00,INE0L3H01014,Equity,,,,,
543522,Nanavati Ventures Limited,NVENTURES,Nanavati Ventures Ltd,Active,M ,10.00,INE0E5R01017,Equity,,,,,
543523,Campus Activewear Limited,CAMPUS,Campus Activewear Ltd,Active,A ,5.00,INE278Y01022,Equity,,,,,
543524,Rainbow Children's Medicare Limited,RAINBOW,Rainbow Children's Medicare Ltd,Active,A ,10.00,INE961O01016,Equity,,,,,
543525,Silver Touch Technologies Limited,SILVERTUC,Silver Touch Technologies Ltd,Active,B ,2.00,INE625X01026,Equity,,,,,
543526,LIFE INSURANCE CORPORATION OF INDIA,LICI,Life Insurance Corporation of India,Active,A ,10.00,INE0J1Y01017,Equity,,,,,
543527,Prudent Corporate Advisory Services Limited,PRUDENT,Prudent Corporate Advisory Services Ltd,Active,A ,5.00,INE00F201020,Equity,,,,,
543528,Venus Pipes & Tubes Limited,VENUSPIPES,Venus Pipes & Tubes Ltd,Active,B ,10.00,INE0JA001018,Equity,,,,,
543529,Delhivery Limited,DELHIVERY,Delhivery Ltd,Active,A ,1.00,INE148O01028,Equity,,,,,
543530,Paradeep Phosphates Limited,PARADEEP,Paradeep Phosphates Ltd,Active,A ,10.00,INE088F01024,Equity,,,,,
543531,Tierra Agrotech Limited,TIERRA,Tierra Agrotech Ltd,Active,X ,10.00,INE05CY01014,Equity,,,,,
543532,ETHOS LIMITED,ETHOSLTD,Ethos Ltd,Active,A ,10.00,INE04TZ01018,Equity,,,,,
543533,eMudhra Limited,EMUDHRA,eMudhra Ltd,Active,B ,5.00,INE01QM01018,Equity,,,,,
543534,Aether Industries Limited,AETHER,Aether Industries Ltd,Active,A ,10.00,INE0BWX01014,Equity,,,,,
543535,We Win Limited,WEWIN,We Win Ltd,Active,B ,10.00,INE082W01014,Equity,,,,,
543536,Silver Pearl Hospitality & Luxury Spaces Limited,SILVERPRL,Silver Pearl Hospitality & Luxury Spaces Ltd,Active,M ,10.00,INE0KXN01014,Equity,,,,,
543537,Scarnose International Limited,SCARNOSE,Scarnose International Ltd,Active,M ,10.00,INE0IXR01019,Equity,,,,,
543538,Goel Food Products Limited,GOEL,Goel Food Products Ltd,Active,M ,10.00,INE0K6L01010,Equity,,,,,
543539,MODI’S NAVNIRMAN LIMITED,MODIS,Modis Navnirman Ltd,Active,B ,10.00,INE0L0L01012,Equity,,,,,
543540,Pearl Green Clubs and Resorts Limited,PGCRL,Pearl Green Clubs and Resorts Ltd,Active,M ,10.00,INE0GTX01019,Equity,,,,,
543541,SAILANI TOURS N TRAVELS LIMITED,SAILANI,Sailani Tours N Travels Ltd,Active,M ,10.00,INE0KHQ01010,Equity,,,,,
543542,KESAR INDIA LIMITED,KESAR,Kesar India Ltd,Active,M ,10.00,INE0L1C01019,Equity,,,,,
543543,B-RIGHT REALESTATE LIMITED,BRRL,B-Right Realestate Ltd,Active,M ,10.00,INE0IZQ01016,Equity,,,,,
543544,JAYANT INFRATECH LIMITED,JAYANT,Jayant Infratech Ltd,Active,MT,10.00,INE0KR801019,Equity,,,,,
543545,Veerkrupa Jewellers Limited,VEERKRUPA,Veerkrupa Jewellers Ltd,Active,M ,1.00,INE0ID001024,Equity,,,,,
543546,HEALTHY LIFE AGRITEC LIMITED,HEALTHYLIFE,Healthy Life Agritec Ltd,Active,M ,10.00,INE0L3501015,Equity,,,,,
543547,DDEV PLASTIKS INDUSTRIES LIMITED,DDEVPLSTIK,Ddev Plastiks Industries Ltd,Active,B ,1.00,INE0HR601026,Equity,,,,,
543563,Motilal Oswal Mutual Fund,MOHEALTH,Motilal Oswal BSE Healthcare ETF,Active,B ,10.00,INF247L01BB1,Equity,,,,,
543568,ICICI Prudential Mutual Fund,MOM30IETF,ICICI Prudential Nifty 200 Momentum 30 ETF,Active,B ,10.00,INF109KC17C7,Equity,,,,,
543569,HDFC Mutual Fund,HDFCNIF100,HDFC NIFTY 100 ETF,Active,B ,17.73,INF179KC1HR4,Equity,,,,,
543570,HDFC Mutual Fund,HDFCNEXT50,HDFC Mutual Fund,Active,B ,41.82,INF179KC1HS2,Equity,,,,,
543571,ICICI Prudential Mutual Fund,INFRAIETF,ICICI Prudential Nifty Infrastructure ETF,Active,B ,10.00,INF109KC16E5,Equity,,,,,
543573,Syrma SGS Technology Limited,SYRMA,Syrma SGS Technology Ltd,Active,A ,10.00,INE0DYJ01015,Equity,,,,,
543574,Aditya Birla Sun Life Mutual Fund,NIFTYQLITY,Aditya Birla Sun Life Nifty 200 Quality 30 ETF,Active,B ,1.00,INF209KB15K4,Equity,,,,,
543575,Aditya Birla Sun Life Mutual Fund,MOMENTUM,Aditya Birla Sun Life Nifty 200 Momentum 30 ETF,Active,B ,1.00,INF209KB14K7,Equity,,,,,
543576,Motilal Oswal Mutual Fund,MOVALUE,Motilal Oswal BSE Enhanced Value ETF,Active,B ,10.00,INF247L01BE5,Equity,,,,,
543577,Motilal Oswal Mutual Fund,MOQUALITY,Motilal Oswal BSE Quality ETF,Active,B ,10.00,INF247L01BH8,Equity,,,,,
543578,Olatech Solutions Limited,OLATECH,Olatech Solutions Ltd,Active,M ,10.00,INE0M3901015,Equity,,,,,
543590,Rhetan TMT Limited,RHETAN,Rhetan TMT Ltd,Active,B ,1.00,INE0KKN01029,Equity,,,,,
543591,DREAMFOLKS SERVICES LIMITED,DREAMFOLKS,Dreamfolks Services Ltd,Active,B ,2.00,INE0JS101016,Equity,,,,,
543593,Dhampur Bio Organics Limited,DBOL,Dhampur Bio Organics Ltd,Active,B ,10.00,INE0I3401014,Equity,,,,,
543594,DIPNA PHARMACHEM LIMITED,DPL,Dipna Pharmachem Ltd,Active,M ,10.00,INE0MC401013,Equity,,,,,
543595,EP BIOCOMPOSITES LIMITED,EPBIO,EP Biocomposites Ltd,Active,M ,10.00,INE0D2I01014,Equity,,,,,
543596,Tamilnad Mercantile Bank Limited,TMB,Tamilnad Mercantile Bank Ltd,Active,A ,10.00,INE668A01016,Equity,,,,,
543597,Virtuoso Optoelectronics Limited,VOEPL,Virtuoso Optoelectronics Ltd,Active,B ,10.00,INE0I0T01010,Equity,,,,,
543598,SHANTIDOOT INFRA SERVICES LIMITED,SISL,Shantidoot Infra Services Ltd,Active,MT,10.00,INE0LU301014,Equity,,,,,
543599,Ksolves India Limited,KSOLVES,Ksolves India Ltd,Active,B ,5.00,INE0D6I01023,Equity,,,,,
543600,Harsha Engineers International Limited,HARSHA,Harsha Engineers International Ltd,Active,B ,10.00,INE0JUS01029,Equity,,,,,
543605,HDFC Mutual Fund,HDFCQUAL,HDFC NIFTY100 Quality 30 ETF,Active,B ,38.59,INF179KC1DL6,Equity,,,,,
543606,CONTAINE TECHNOLOGIES LIMITED,CONTAINE,Containe Technologies Ltd,Active,M ,10.00,INE0M8901010,Equity,,,,,
543607,HDFC Mutual Fund,HDFCGROWTH,HDFC NIFTY Growth Sectors 15 ETF,Active,B ,89.04,INF179KC1DJ0,Equity,,,,,
543608,HDFC Mutual Fund,HDFCVALUE,HDFC NIFTY50 Value 20 ETF,Active,B ,86.07,INF179KC1DK8,Equity,,,,,
543613,MAFIA TRENDS LIMITED,MAFIA,Mafia Trends Ltd,Active,M ,10.00,INE0KQQ01011,Equity,,,,,
543614,Tips Films Limited,TIPSFILMS,Tips Films Ltd,Active,B ,10.00,INE0LQS01015,Equity,,,,,
543615,SILICON RENTAL SOLUTIONS LIMITED,SRSOLTD,Silicon Rental Solutions Ltd,Active,M ,10.00,INE0MNV01014,Equity,,,,,
543616,Trident Lifeline Limited,TLL,Trident Lifeline Ltd,Active,M ,10.00,INE0MKA01014,Equity,,,,,
543617,REETECH INTERNATIONAL LIMITED,REETECH,Reetech International Ltd,Active,M ,10.00,INE0MKO01015,Equity,,,,,
543618,Cargotrans Maritime Limited,CARGOTRANS,Cargotrans Maritime Ltd,Active,M ,10.00,INE0M4L01013,Equity,,,,,
543619,Concord Control Systems Limited,CNCRD,Concord Control Systems Ltd,Active,M ,10.00,INE0N0J01014,Equity,,,,,
543620,INSOLATION ENERGY LIMITED,INA,Insolation Energy Ltd,Active,B ,1.00,INE0LGX01024,Equity,,,,,
543621,Cargosol Logistics Limited,CARGOSOL,Cargosol Logistics Ltd,Active,MT,10.00,INE0KZM01011,Equity,,,,,
543622,STEELMAN TELECOM LIMITED,STML,Steelman Telecom Ltd,Active,M ,10.00,INE0MSK01016,Equity,,,,,
543623,VEDANT ASSET LIMITED,VEDANTASSET,Vedant Asset Ltd,Active,MT,10.00,INE0NC801013,Equity,,,,,
543626,Electronics Mart India Limited,EMIL,Electronics Mart India Ltd,Active,B ,10.00,INE02YR01019,Equity,,,,,
543627,HDFC Mutual Fund,HDFCLOWVOL,HDFC NIFTY100 Low Volatility 30 ETF,Active,B ,12.62,INF179KC1HU8,Equity,,,,,
543628,HDFC Mutual Fund,HDFCMOMENT,HDFC NIFTY200 Momentum 30 ETF,Active,B ,19.06,INF179KC1HV6,Equity,,,,,
543635,PIRAMAL PHARMA LIMITED,PPLPHARMA,Piramal Pharma Ltd,Active,A ,10.00,INE0DK501011,Equity,,,,,
543636,Dc Infotech and Communication Limited,DCI,Dc Infotech and Communication Ltd,Active,B ,10.00,INE0A1101019,Equity,,,,,
543637,PACE E-COMMERCE VENTURES LIMITED,PACE,Pace E-Commerce Ventures Ltd,Active,M ,10.00,INE0N1L01018,Equity,,,,,
543638,Tracxn Technologies Limited,TRACXN,Tracxn Technologies Ltd,Active,B ,1.00,INE0HMF01019,Equity,,,,,
543643,Narmada Agrobase Limited,NARMADA,Narmada Agrobase Ltd,Active,B ,5.00,INE117Z01029,Equity,,,,,
543644,InfoBeans Technologies Limited,INFOBEAN,Infobeans Technologies Ltd,Active,B ,10.00,INE344S01016,Equity,,,,,
543645,HINDPRAKASH INDUSTRIES LIMITED,HPIL,Hindprakash Industries Ltd,Active,B ,10.00,INE05X901010,Equity,,,,,
543650,DCX Systems Limited,DCXINDIA,DCX Systems Ltd,Active,B ,2.00,INE0KL801015,Equity,,,,,
543651,DAPS ADVERTISING LIMITED,DAPS,DAPS Advertising Ltd,Active,M ,10.00,INE975Z01012,Equity,,,,,
543652,FUSION FINANCE LIMITED,FUSION,Fusion Finance Ltd,Active,B ,10.00,INE139R01012,Equity,,,,,
543653,Bikaji Foods International Limited,BIKAJI,Bikaji Foods International Ltd,Active,A ,1.00,INE00E101023,Equity,,,,,
543654,Global Health Limited,MEDANTA,Global Health Ltd,Active,A ,2.00,INE474Q01031,Equity,,,,,
543656,Technopack Polymers Limited,TECHNOPACK,Technopack Polymers Ltd,Active,M ,10.00,INE0MXP01015,Equity,,,,,
543657,Archean Chemical Industries Limited,ACI,Archean Chemical Industries Ltd,Active,A ,2.00,INE128X01021,Equity,,,,,
543663,Five-Star Business Finance Ltd.,FIVESTAR,Five-Star Business Finance Ltd,Active,A ,1.00,INE128S01021,Equity,,,,,
543664,KAYNES TECHNOLOGY INDIA LIMITED,KAYNES,Kaynes Technology India Ltd,Active,A ,10.00,INE918Z01012,Equity,,,,,
543665,HDFC Mutual Fund,HDFCNIFIT,HDFC NIFTY IT ETF,Active,B ,29.99,INF179KC1IA8,Equity,,,,,
543666,HDFC Mutual Fund,HDFCPVTBAN,HDFC NIFTY Private Bank ETF,Active,B ,21.68,INF179KC1HZ7,Equity,,,,,
543667,INOX GREEN ENERGY SERVICES LIMITED,INOXGREEN,Inox Green Energy Services Ltd,Active,A ,10.00,INE510W01014,Equity,,,,,
543668,B&B Triplewall Containers Limited,BBTCL,B&B Triplewall Containers Ltd,Active,B ,10.00,INE01EE01011,Equity,,,,,
543669,Keystone Realtors Limited,RUSTOMJEE,Keystone Realtors Ltd,Active,B ,10.00,INE263M01029,Equity,,,,,
543670,VINNY OVERSEAS LIMITED,VINNY,Vinny Overseas Ltd,Active,B ,1.00,INE01KI01027,Equity,,,,,
543671,AAA TECHNOLOGIES LIMITED,AAATECH,AAA Technologies Ltd,Active,B ,10.00,INE0D0U01013,Equity,,,,,
543677,ICICI Prudential Mutual Fund,FINIETF,ICICI Prudential Nifty Financial Services Ex-Bank ETF,Active,B ,10.00,INF109KC17L8,Equity,,,,,
543678,AMBO AGRITEC LIMITED,AMBOAGRI,Ambo Agritec Ltd,Active,M ,10.00,INE0N6V01016,Equity,,,,,
543686,Sirca Paints India Limited,SIRCA,Sirca Paints India Ltd,Active,B ,10.00,INE792Z01011,Equity,,,,,
543687,Dharmaj Crop Guard Limited,DHARMAJ,Dharmaj Crop Guard Ltd,Active,B ,10.00,INE00OQ01016,Equity,,,,,
543688,Sarveshwar Foods Limited,SARVESHWAR,Sarveshwar Foods Ltd,Active,B ,1.00,INE324X01026,Equity,,,,,
543689,Uniparts India Limited,UNIPARTS,Uniparts India Ltd,Active,B ,10.00,INE244O01017,Equity,,,,,
543709,PNGS GARGI FASHION JEWELLERY LIMITED,GARGI,PNGS Gargi Fashion Jewellery Ltd,Active,M ,10.00,INE0NT601018,Equity,,,,,
543710,ICICI Prudential Mutual Fund,COMMOIETF,ICICI Prudential Nifty Commodities ETF,Active,B ,10.00,INF109KC19O8,Equity,,,,,
543711,Sula Vineyards Limited,SULA,Sula Vineyards Ltd,Active,B ,2.00,INE142Q01026,Equity,,,,,
543712,ABANS FINANCIAL SERVICES LIMITED,AFSL,Abans Financial Services Ltd,Active,B ,2.00,INE00ZE01026,Equity,,,,,
543713,Droneacharya Aerial Innovations Limited,DRONACHRYA,Droneacharya Aerial Innovations Ltd,Active,M ,10.00,INE0MQD01015,Equity,,,,,
543714,LANDMARK CARS LIMITED,LANDMARK,Landmark Cars Ltd,Active,B ,5.00,INE559R01029,Equity,,,,,
543720,KFin Technologies Limited,KFINTECH,KFin Technologies Ltd,Active,A ,10.00,INE138Y01010,Equity,,,,,
543725,Elin Electronics Limited,ELIN,Elin Electronics Ltd,Active,B ,5.00,INE050401020,Equity,,,,,
543732,Radiant Cash Management Services Limited,RADIANTCMS,Radiant Cash Management Services Ltd,Active,B ,1.00,INE855R01021,Equity,,,,,
543737,Aveer Foods Limited,AVEER,Aveer Foods Ltd,Active,X ,10.00,INE09BN01011,Equity,,,,,
543738,DSP Mutual Fund,BANKADD,DSP Nifty Bank ETF,Active,B ,10.00,INF740KA1RX3,Equity,,,,,
543743,Aeroflex Neu Limited,AERONEU,Aeroflex Neu Ltd,Active,B ,10.00,INE035801013,Equity,,,,,
543744,Rex Sealing and Packing Industries Limited,REXSEAL,Rex Sealing and Packing Industries Ltd,Active,M ,10.00,INE0MFT01014,Equity,,,,,
543745,SVS VENTURES LIMITED,SVS,SVS Ventures Ltd,Active,M ,10.00,INE0MID01012,Equity,,,,,
543746,LOGICA INFOWAY LIMITED,LOGICA,Logica Infoway Ltd,Active,M ,10.00,INE0BSU01018,Equity,,,,,
543747,Kamdhenu Ventures Limited,KAMOPAINTS,Kamdhenu Ventures Ltd,Active,B ,1.00,INE0BTI01037,Equity,,,,,
543748,Aarti Pharmalabs Limited,AARTIPHARM,Aarti Pharmalabs Ltd,Active,A ,5.00,INE0LRU01027,Equity,,,,,
543753,DHARNI CAPITAL SERVICES LIMITED,DHARNI,Dharni Capital Services Ltd,Active,M ,1.00,INE0M9Q01011,Equity,,,,,
543754,TRANSVOY LOGISTICS INDIA LIMITED,TRANSVOY,Transvoy Logistics India Ltd,Active,M ,10.00,INE0MPU01011,Equity,,,,,
543765,Earthstahl & Alloys Limited,EARTH,Earthstahl & Alloys Ltd,Active,M ,10.00,INE0O4V01010,Equity,,,,,
543766,Ashika Global Securities Limited,ASHIKAG,Ashika Global Securities Ltd,Active,T ,10.00,INE094B01013,Equity,,,,,
543767,BODHI TREE MULTIMEDIA LIMITED,BTML,Bodhi Tree Multimedia Ltd,Active,B ,1.00,INE0EEJ01023,Equity,,,,,
543768,NMDC Steel Limited,NSLNISP,NMDC Steel Ltd,Active,A ,10.00,INE0NNS01018,Equity,,,,,
543769,INDONG TEA COMPANY LIMITED,INDONG,Indong Tea Company Ltd,Active,MT,10.00,INE0KN201016,Equity,,,,,
543774,HDFC Mutual Fund,HDFCBSE500,HDFC BSE 500 ETF,Active,B ,23.86,INF179KC1EZ4,Equity,,,,,
543775,HDFC Mutual Fund,HDFCSML250,HDFC NIFTY Smallcap 250 ETF,Active,B ,91.31,INF179KC1FB2,Equity,,,,,
543776,HDFC Mutual Fund,HDFCMID150,HDFC NIFTY Midcap 150 ETF,Active,B ,11.60,INF179KC1HT0,Equity,,,,,
543782,Sealmatic India Limited,SEALMATIC,Sealmatic India Ltd,Active,M ,10.00,INE0O4601016,Equity,,,,,
543787,Macfos Limited,ROBU,Macfos Ltd,Active,M ,10.00,INE0OLH01013,Equity,,,,,
543798,Patron Exim Limited,PATRON,Patron Exim Ltd,Active,M ,10.00,INE0NPA01011,Equity,,,,,
543799,S.V.J.ENTERPRISES LIMITED,SVJ,S. V. J. ENTERPRISES Ltd,Active,M ,10.00,INE0JZS01010,Equity,,,,,
543804,AMANAYA VENTURES LIMITED,AMANAYA,Amanaya Ventures Ltd,Active,M ,10.00,INE0G1V01016,Equity,,,,,
543805,RESGEN LIMITED,RESGEN,Resgen Ltd,Active,M ,10.00,INE0NYN01016,Equity,,,,,
543806,ITCONS E-Solutions Limited,ITCONS,ITCONS E-Solutions Ltd,Active,M ,10.00,INE0O6A01019,Equity,,,,,
543811,AIRAN LIMITED,AIRAN,Airan Ltd,Active,B ,2.00,INE645W01026,Equity,,,,,
543812,DIVGI TORQTRANSFER SYSTEMS LIMITED,DIVGIITTS,DIVGI TORQTRANSFER SYSTEMS Ltd,Active,B ,5.00,INE753U01022,Equity,,,,,
543814,PROSPECT CONSUMER PRODUCTS LIMITED,PCL,Prospect Consumer Products Ltd,Active,M ,10.00,INE0OKG01017,Equity,,,,,
543819,ICICI Prudential Mutual Fund,PSUBNKIETF,ICICI Prudential Nifty PSU Bank ETF,Active,B ,10.00,INF109KC10S8,Equity,,,,,
543828,SUDARSHAN PHARMA INDUSTRIES LIMITED,SUDARSHAN,Sudarshan Pharma Industries Ltd,Active,M ,1.00,INE00TV01023,Equity,,,,,
543829,Global Surfaces Limited,GSLSU,Global Surfaces Ltd,Active,B ,10.00,INE0JSX01015,Equity,,,,,
543830,LABELKRAFT TECHNOLOGIES LIMITED,LABELKRAFT,Labelkraft Technologies Ltd,Active,M ,10.00,INE0NLJ01011,Equity,,,,,
543831,Bright Outdoor Media Limited,BRIGHT,Bright Outdoor Media Ltd,Active,M ,10.00,INE0OMI01019,Equity,,,,,
543843,Command Polymers Limited,COMMAND,Command Polymers Ltd,Active,MT,10.00,INE0LKQ01012,Equity,,,,,
543848,Dev Labtech Venture Limited,DEVLAB,Dev Labtech Venture Ltd,Active,M ,5.00,INE0NIJ01025,Equity,,,,,
543853,Axis Mutual Fund,SENSEXAXIS,AXIS BSE SENSEX ETF,Active,B ,10.00,INF846K010Q0,Equity,,,,,
543858,Mirae Asset Mutual Fund,LOWVOL,Mirae Asset Nifty 100 Low Volatility 30 ETF,Active,B ,100.00,INF769K01JU9,Equity,,,,,
543860,J.A. Finance Limited,JAFINANCE,J.A. Finance Ltd,Active,XT,10.00,INE825B01010,Equity,,,,,
543861,Udayshivakumar infra Limited,USK,Udayshivakumar Infra Ltd,Active,B ,10.00,INE0N0Y01013,Equity,,,,,
543874,Maiden Forgings Limited,MAIDEN,Maiden Forgings Ltd,Active,M ,10.00,INE0O1T01010,Equity,,,,,
543895,Exhicon Events Media Solutions Limited,EXHICON,Exhicon Events Media Solutions Ltd,Active,M ,10.00,INE0O8901016,Equity,,,,,
543896,Avalon Technologies Limited,AVALON,Avalon Technologies Ltd,Active,A ,2.00,INE0LCL01028,Equity,,,,,
543897,Sancode Technologies Limited,SANCODE,Sancode Technologies Ltd,Active,MT,10.00,INE0P7001013,Equity,,,,,
543898,BEML Land Assets Limited,BLAL,BEML Land Assets Ltd,Active,B ,10.00,INE0N7W01012,Equity,,,,,
543901,ROBUST HOTELS LIMITED,RHL,Robust Hotels Ltd,Active,B ,10.00,INE508K01013,Equity,,,,,
543902,Retina Paints Limited,RETINA,Retina Paints Ltd,Active,M ,10.00,INE0NTC01019,Equity,,,,,
543904,Mankind Pharma Limited,MANKIND,Mankind Pharma Ltd,Active,A ,1.00,INE634S01028,Equity,,,,,
543905,INNOKAIZ INDIA LIMITED,INNOKAIZ,Innokaiz India Ltd,Active,MT,10.00,INE0LDI01022,Equity,,,,,
543910,AVG Logistics Limited,AVG,AVG Logistics Ltd,Active,T ,10.00,INE680Z01018,Equity,,,,,
543911,Atal Realtech Limited,ATALREAL,Atal Realtech Ltd,Active,B ,2.00,INE0ALR01029,Equity,,,,,
543912,Power & Instrumentation (Gujarat) Limited,PIGL,Power and Instrumentation (Gujarat) Ltd,Active,B ,10.00,INE557Z01018,Equity,,,,,
543914,Swati Projects Limited,SWATIPRO,Swati Projects Ltd,Active,XT,10.00,INE210F01016,Equity,,,,,
543915,Pavna Industries Limited,PAVNAIND,Pavna Industries Ltd,Active,B ,1.00,INE07S101038,Equity,,,,,
543916,Hemant Surgical Industries Limited,HSIL,Hemant Surgical Industries Ltd,Active,M ,10.00,INE0GYI01028,Equity,,,,,
543917,SIGMA SOLVE LIMITED,SIGMA,Sigma Solve Ltd,Active,B ,1.00,INE0A0S01028,Equity,,,,,
543918,GHCL Textiles Limited,GHCLTEXTIL,GHCL Textiles Ltd,Active,B ,2.00,INE0PA801013,Equity,,,,,
543919,M.K.Proteins Limited,MKPL,M. K. Proteins Ltd,Active,B ,1.00,INE964W01021,Equity,,,,,
543920,CFF FLUID CONTROL LIMITED,CFF,CFF Fluid Control Ltd,Active,B ,10.00,INE0NJ001013,Equity,,,,,
543921,Comrade Appliances Limited,COMRADE,Comrade Appliances Ltd,Active,MT,10.00,INE0NXA01015,Equity,,,,,
543923,IKIO Technologies Limited,IKIO,IKIO Technologies Ltd,Active,B ,10.00,INE0LOJ01019,Equity,,,,,
543924,Sonalis Consumer Products Limited,SONALIS,Sonalis Consumer Products Ltd,Active,M ,10.00,INE0N5O01013,Equity,,,,,
543926,Bizotic Commercial Limited,BIZOTIC,Bizotic Commercial Ltd,Active,M ,10.00,INE0OJ401014,Equity,,,,,
543927,Asian Warehousing Limited,ASIAN,Asian Warehousing Ltd,Active,X ,10.00,INE04Z101016,Equity,,,,,
543928,Cosmic CRF Limited,COSMICCRF,Cosmic CRF Ltd,Active,M ,10.00,INE0ORA01015,Equity,,,,,
543929,HMA Agro Industries Limited,HMAAGRO,HMA Agro Industries Ltd,Active,B ,1.00,INE0ECP01024,Equity,,,,,
543930,Uravi Defence and Technology Limited,URAVIDEF,Uravi Defence and Technology Ltd,Active,T ,10.00,INE568Z01015,Equity,,,,,
543931,VEEFIN SOLUTIONS LIMITED,VEEFIN,Veefin Solutions Ltd,Active,M ,10.00,INE0Q0M01015,Equity,,,,,
543932,IDEAFORGE TECHNOLOGY LIMITED,IDEAFORGE,Ideaforge Technology Ltd,Active,B ,10.00,INE349Y01013,Equity,,,,,
543933,Cyient DLM Limited,CYIENTDLM,Cyient DLM Ltd,Active,B ,10.00,INE055S01018,Equity,,,,,
543934,Machhar Industries Limited,MACIND,Machhar Industries Ltd,Active,XT,10.00,INE01BT01015,Equity,,,,,
543935,DSP Mutual Fund,ITADD,DSP Nifty IT ETF,Active,B ,10.00,INF740KA1SX1,Equity,,,,,
543936,Senco Gold Limited,SENCO,Senco Gold Ltd,Active,A ,5.00,INE602W01027,Equity,,,,,
543937,ALPHALOGIC INDUSTRIES LIMITED,ALPHAIND,Alphalogic Industries Ltd,Active,M ,10.00,INE0NZF01019,Equity,,,,,
543939,Kaka Industries Limited,KAKA,Kaka Industries Ltd,Active,M ,10.00,INE0P3N01018,Equity,,,,,
543940,Jio Financial Services Limited,JIOFIN,Jio Financial Services Ltd,Active,A ,10.00,INE758E01017,Equity,,,,,
543941,AHASOLAR TECHNOLOGIES LIMITED,AHASOLAR,Ahasolar Technologies Ltd,Active,M ,10.00,INE0NEV01011,Equity,,,,,
543942,UTKARSH SMALL FINANCE BANK LIMITED,UTKARSHBNK,Utkarsh Small Finance Bank Ltd,Active,B ,10.00,INE735W01017,Equity,,,,,
543943,ASARFI HOSPITAL LIMITED,ASARFI,Asarfi Hospital Ltd,Active,M ,10.00,INE0DN001027,Equity,,,,,
543944,Mirae Asset Mutual Fund,BANKETF,Mirae Asset Nifty Bank ETF,Active,B ,400.00,INF769K01KR3,Equity,,,,,
543945,NETWEB TECHNOLOGIES INDIA LIMITED,NETWEB,Netweb Technologies India Ltd,Active,A ,2.00,INE0NT901020,Equity,,,,,
543947,DSP Mutual Fund,SENSEXADD,DSP BSE Sensex ETF,Active,B ,10.00,INF740KA1SZ6,Equity,,,,,
543948,DSP Mutual Fund,PSUBANKADD,DSP Nifty PSU Bank ETF,Active,B ,10.00,INF740KA1SY9,Equity,,,,,
543949,DSP Mutual Fund,PVTBANKADD,DSP Nifty Private Bank ETF,Active,B ,10.00,INF740KA1TA7,Equity,,,,,
543950,YATHARTH HOSPITAL & TRAUMA CARE SERVICES LIMITED,YATHARTH,Yatharth Hospital & Trauma Care Services Ltd,Active,A ,10.00,INE0JO301016,Equity,,,,,
543952,NIIT Learning Systems Limited,NIITMTS,NIIT Learning Systems Ltd,Active,B ,2.00,INE342G01023,Equity,,,,,
543953,Khazanchi Jewellers Limited,KHAZANCHI,Khazanchi Jewellers Ltd,Active,M ,10.00,INE0OWC01011,Equity,,,,,
543954,Allcargo Terminals Limited,ATL,Allcargo Terminals Ltd,Active,B ,2.00,INE0NN701020,Equity,,,,,
543955,Transindia Real Estate Limited,TREL,Transindia Real Estate Ltd,Active,B ,2.00,INE0O3901029,Equity,,,,,
543956,ICICI Prudential Mutual Fund,QUAL30IETF,ICICI Prudential Nifty 200 Quality 30 ETF,Active,B ,1.00,INF109KC18V5,Equity,,,,,
543957,REDTAPE Limited,REDTAPE,Redtape Ltd,Active,B ,2.00,INE0LXT01019,Equity,,,,,
543958,VL E-Governance & IT Solutions Limited,VLEGOV,VL E-Governance & IT Solutions Ltd,Active,B ,10.00,INE03HW01020,Equity,,,,,
543959,SBFC Finance Limited,SBFC,SBFC Finance Ltd,Active,A ,10.00,INE423Y01016,Equity,,,,,
543960,Concord Biotech Limited,CONCORDBIO,Concord Biotech Ltd,Active,A ,1.00,INE338H01029,Equity,,,,,
543962,D.P. WIRES LIMITED,DPWIRES,D.P. Wires Ltd,Active,T ,10.00,INE864X01013,Equity,,,,,
543963,SHELTER PHARMA LIMITED,SHELTER,Shelter Pharma Ltd,Active,M ,10.00,INE013V01011,Equity,,,,,
543965,TVS Supply Chain Solutions Limited,TVSSCS,TVS Supply Chain Solutions Ltd,Active,B ,1.00,INE395N01027,Equity,,,,,
543969,Pyramid Technoplast Limited,PYRAMID,Pyramid Technoplast Ltd,Active,B ,10.00,INE0MIS01010,Equity,,,,,
543970,Shoora Designs Limited,SHOORA,Shoora Designs Ltd,Active,M ,10.00,INE0OJZ01019,Equity,,,,,
543971,Bondada Engineering Limited,BONDADA,Bondada Engineering Ltd,Active,M ,2.00,INE0Q8P01029,Equity,,,,,
543972,Aeroflex Industries Limited,AEROFLEX,Aeroflex Industries Ltd,Active,B ,2.00,INE024001021,Equity,,,,,
543974,VISHNU PRAKASH R PUNGLIA LIMITED,VPRPL,Vishnu Prakash R Punglia Ltd,Active,B ,10.00,INE0AE001013,Equity,,,,,
543975,UTI Mutual Fund,MIDCAPBETA,UTI NIFTY MIDCAP 150 ETF,Active,B ,10.00,INF789F1AYX9,Equity,,,,,
543976,Shradha AI Technologies Limited,SHRAAITECH,Shradha AI Technologies Ltd,Active,X ,2.00,INE489B01031,Equity,,,,,
543977,Rishabh Instruments Limited,RISHABH,Rishabh Instruments Ltd,Active,B ,10.00,INE0N2P01017,Equity,,,,,
543978,Ratnaveer Precision Engineering Limited,RATNAVEER,Ratnaveer Precision Engineering Ltd,Active,B ,10.00,INE05CZ01011,Equity,,,,,
543979,Kahan Packaging Limited,KAHAN,Kahan Packaging Ltd,Active,MT,10.00,INE04T901017,Equity,,,,,
543980,Jupiter Life Line Hospitals Limited,JLHL,Jupiter Life Line Hospitals Ltd,Active,A ,2.00,INE682M01020,Equity,,,,,
543981,R R KABEL LIMITED,RRKABEL,R R Kabel Ltd,Active,A ,5.00,INE777K01022,Equity,,,,,
543982,QUEST FLOW CONTROLS LIMITED,QUESTFLOW,Quest Flow Controls Ltd,Active,M ,10.00,INE0OYE01013,Equity,,,,,
543983,EMS LIMITED,EMSLIMITED,EMS Ltd,Active,B ,10.00,INE0OV601013,Equity,,,,,
543984,Samhi Hotels Limited,SAMHI,Samhi Hotels Ltd,Active,A ,1.00,INE08U801020,Equity,,,,,
543985,ZAGGLE PREPAID OCEAN SERVICES LIMITED,ZAGGLE,Zaggle Prepaid Ocean Services Ltd,Active,A ,1.00,INE07K301024,Equity,,,,,
543986,South West Pinnacle Exploration Limited,SOUTHWEST,South West Pinnacle Exploration Ltd,Active,B ,10.00,INE980Y01015,Equity,,,,,
543988,Nuvama Wealth Management Limited,NUVAMA,Nuvama Wealth Management Ltd,Active,A ,2.00,INE531F01023,Equity,,,,,
543989,Sai Silks (Kalamandir) Limited,KALAMANDIR,Sai Silks (Kalamandir) Ltd,Active,B ,2.00,INE438K01021,Equity,,,,,
543990,SIGNATUREGLOBAL (INDIA) LIMITED,SIGNATURE,Signatureglobal (India) Ltd,Active,A ,1.00,INE903U01023,Equity,,,,,
543991,TECHKNOWGREEN SOLUTIONS LIMITED,TECHKGREEN,Techknowgreen Solutions Ltd,Active,M ,10.00,INE0P4P01011,Equity,,,,,
543992,YATRA ONLINE LIMITED,YATRA,Yatra Online Ltd,Active,B ,1.00,INE0JR601024,Equity,,,,,
543993,ARCL Organics Ltd,ARCL,ARCL Organics Ltd,Active,B ,10.00,INE372M01010,Equity,,,,,
543994,JSW Infrastructure Limited,JSWINFRA,JSW Infrastructure Ltd,Active,A ,2.00,INE880J01026,Equity,,,,,
543995,MANOJ VAIBHAV GEMS 'N' JEWELLERS LIMITED,MVGJL,Manoj Vaibhav Gems N Jewellers Ltd,Active,B ,10.00,INE0KNT01012,Equity,,,,,
543996,Updater Services Limited,UDS,Updater Services Ltd,Active,B ,10.00,INE851I01011,Equity,,,,,
543997,ORGANIC RECYCLING SYSTEMS LIMITED,ORGANICREC,Organic Recycling Systems Ltd,Active,M ,10.00,INE0MIO01019,Equity,,,,,
543998,Valiant Laboratories Limited,VALIANTLAB,Valiant Laboratories Ltd,Active,T ,10.00,INE0JWS01017,Equity,,,,,
543999,Mirae Asset Mutual Fund,SENSEXETF,Mirae Asset S&P BSE Sensex ETF,Active,B ,10.00,INF769K01KT9,Equity,,,,,
544000,CITY CROPS AGRO LIMITED,CCAL,City Crops Agro Ltd,Active,MT,10.00,INE0M7501019,Equity,,,,,
544001,Sunita Tools Limited,SUNITATOOL,Sunita Tools Ltd,Active,MT,10.00,INE0Q1S01010,Equity,,,,,
544002,Vivaa Tradecom Limited,VIVAA,Vivaa Tradecom Ltd,Active,MT,10.00,INE0PA601017,Equity,,,,,
544003,Plaza Wires Limited,PLAZACABLE,Plaza Wires Ltd,Active,B ,10.00,INE0INJ01017,Equity,,,,,
544004,IRM ENERGY LIMITED,IRMENERGY,IRM Energy Ltd,Active,B ,10.00,INE07U701015,Equity,,,,,
544006,Mirae Asset Mutual Fund,ITETF,Mirae Asset Nifty IT ETF,Active,B ,10.00,INF769K01KV5,Equity,,,,,
544007,Mirae Asset Mutual Fund,ALPHAETF,Mirae Asset Nifty 200 Alpha 30 ETF,Active,B ,10.00,INF769K01KU7,Equity,,,,,
544008,Max Estates Limited,MAXESTATES,Max Estates Ltd,Active,B ,10.00,INE03EI01018,Equity,,,,,
544009,Blue Jet Healthcare Limited,BLUEJET,Blue Jet Healthcare Ltd,Active,A ,2.00,INE0KBH01020,Equity,,,,,
544011,Vrundavan Plantation Limited,VPL,Vrundavan Plantation Ltd,Active,M ,10.00,INE0Q6901013,Equity,,,,,
544012,Cello World Limited,CELLO,Cello World Ltd,Active,A ,5.00,INE0LMW01024,Equity,,,,,
544013,KK Shah Hospitals Limited,KKSHL,KK Shah Hospitals Ltd,Active,M ,10.00,INE0OH401016,Equity,,,,,
544014,Honasa Consumer Limited,HONASA,Honasa Consumer Ltd,Active,A ,10.00,INE0J5401028,Equity,,,,,
544015,Mish Designs Limited,MISHDESIGN,Mish Designs Ltd,Active,M ,10.00,INE0QI101019,Equity,,,,,
544020,ESAF Small Finance Bank Ltd,ESAFSFB,ESAF Small Finance Bank Ltd,Active,T ,10.00,INE818W01011,Equity,,,,,
544021,Protean eGov Technologies Limited,PROTEAN,Protean eGov Technologies Ltd,Active,A ,10.00,INE004A01022,Equity,,,,,
544022,ASK Automotive Limited,ASKAUTOLTD,ASK Automotive Ltd,Active,B ,2.00,INE491J01022,Equity,,,,,
544023,Kalyani Cast-Tech Limited,KALYANI,Kalyani Cast-Tech Ltd,Active,MT,10.00,INE0N6U01018,Equity,,,,,
544025, Arrowhead Seperation Engineering Limited,ARROWHEAD,Arrowhead Seperation Engineering Ltd,Active,M ,10.00,INE0PP401015,Equity,,,,,
544026,Indian Renewable Energy Development Agency Limited,IREDA,Indian Renewable Energy Development Agency Ltd,Active,A ,10.00,INE202E01016,Equity,,,,,
544027,Fedbank Financial Services Limited,FEDFINA,Fedbank Financial Services Ltd,Active,B ,10.00,INE007N01010,Equity,,,,,
544028,Tata Technologies Limited,TATATECH,Tata Technologies Ltd,Active,A ,2.00,INE142M01025,Equity,,,,,
544029,Gandhar Oil Refinery (India) Limited,GANDHAR,Gandhar Oil Refinery (India) Ltd,Active,B ,2.00,INE717W01049,Equity,,,,,
544030,Flair Writing Industries Limited,FLAIR,Flair Writing Industries Ltd,Active,B ,5.00,INE00Y201027,Equity,,,,,
544035,Swashthik Plascon Limited,SPL,Swashthik Plascon Ltd,Active,M ,10.00,INE0RDR01012,Equity,,,,,
544036,DEEPAK CHEMTEX LIMITED,DEEPAKCHEM,Deepak Chemtex Ltd,Active,M ,10.00,INE0RDM01013,Equity,,,,,
544037,Amic Forging Limited,AMIC,Amic Forging Ltd,Active,M ,10.00,INE0P9J01013,Equity,,,,,
544042,Bajel Projects Limited,BAJEL,Bajel Projects Ltd,Active,B ,2.00,INE0KQN01018,Equity,,,,,
544044,India Shelter Finance Corporation Limited,INDIASHLTR,India Shelter Finance Corporation Ltd,Active,A ,5.00,INE922K01024,Equity,,,,,
544045,DOMS Industries Limited,DOMS,DOMS Industries Ltd,Active,A ,10.00,INE321T01012,Equity,,,,,
544046,INOX India Limited,INOXINDIA,INOX India Ltd,Active,A ,2.00,INE616N01034,Equity,,,,,
544047,Siyaram Recycling Industries Limited,SIYARAM,Siyaram Recycling Industries Ltd,Active,M ,10.00,INE0QSK01017,Equity,,,,,
544052,Benchmark Computer Solutions Limited,BENCHMARK,Benchmark Computer Solutions Ltd,Active,M ,10.00,INE0Q2Z01013,Equity,,,,,
544053,Motisons Jewellers Limited,MOTISONS,Motisons Jewellers Ltd,Active,B ,1.00,INE0FRK01020,Equity,,,,,
544054,Suraj Estate Developers Limited,SURAJEST,Suraj Estate Developers Ltd,Active,B ,5.00,INE843S01025,Equity,,,,,
544055,Muthoot Microfin Limited,MUTHOOTMF,Muthoot Microfin Ltd,Active,B ,10.00,INE046W01019,Equity,,,,,
544056,Sahara Maritime Limited,SMARITIME,Sahara Maritime Ltd,Active,M ,10.00,INE0PSJ01011,Equity,,,,,
544057,Happy Forgings Limited,HAPPYFORGE,Happy Forgings Ltd,Active,B ,2.00,INE330T01021,Equity,,,,,
544058,Credo Brands Marketing Limited,MUFTI,Credo Brands Marketing Ltd,Active,B ,2.00,INE220Q01020,Equity,,,,,
544059,SHANTI SPINTEX LIMITED,SHANTIDENM,Shanti Spintex Ltd,Active,M ,10.00,INE0QZQ01019,Equity,,,,,
544060,RBZ Jewellers Limited,RBZJEWEL,RBZ Jewellers Ltd,Active,T ,10.00,INE0PEQ01016,Equity,,,,,
544061,Azad Engineering Limited,AZAD,Azad Engineering Ltd,Active,A ,2.00,INE02IJ01035,Equity,,,,,
544066,SUNDARAM-CLAYTON LIMITED,SUNCLAY,Sundaram-Clayton Ltd,Active,B ,5.00,INE0Q3R01026,Equity,,,,,
544067,INNOVA CAPTAB LIMITED,INNOVACAP,Innova Captab Ltd,Active,B ,10.00,INE0DUT01020,Equity,,,,,
544072,AIK Pipes and Polymers Limited,AIKPIPES,AIK Pipes and Polymers Ltd,Active,M ,10.00,INE0QFT01015,Equity,,,,,
544073,Manoj Ceramic Limited,MCPL,Manoj Ceramic Ltd,Active,M ,10.00,INE0A6N01026,Equity,,,,,
544074,Shri Balaji Valve Components Limited,SBVCL,Shri Balaji Valve Components Ltd,Active,MT,10.00,INE0RNZ01014,Equity,,,,,
544079,DIGIDRIVE DISTRIBUTORS LIMITED,DIGIDRIVE,Digidrive Distributors Ltd,Active,B ,10.00,INE0PSC01024,Equity,,,,,
544080,Sayaji Hotels (Indore) Limited,SHILINDORE,Sayaji Hotels (Indore) Ltd,Active,X ,10.00,INE0MGS01014,Equity,,,,,
544081,Jyoti CNC Automation Limited,JYOTICNC,Jyoti CNC Automation Ltd,Active,A ,2.00,INE980O01024,Equity,,,,,
544082,New Swan Multitech Limited,SWANAGRO,New Swan Multitech Ltd,Active,M ,10.00,INE0GEN01012,Equity,,,,,
544083,Shree Marutinandan Tubes Limited,SHREE,Shree Marutinandan Tubes Ltd,Active,M ,10.00,INE0QIS01011,Equity,,,,,
544088,Medi Assist Healthcare Services Limited,MEDIASSIST,Medi Assist Healthcare Services Ltd,Active,A ,5.00,INE456Z01021,Equity,,,,,
544090,Sayaji Hotels (Pune) Limited,SHPLPUNE,Sayaji Hotels (Pune) Ltd,Active,X ,10.00,INE07G501017,Equity,,,,,
544091,Qualitek Labs Limited,QLL,Qualitek Labs Ltd,Active,MT,10.00,INE0Q1R01012,Equity,,,,,
544092,Bajaj Finserv Mutual Fund,NIFTYBETF,Bajaj Finserv Nifty 50 ETF,Active,B ,10.00,INF0QA701722,Equity,,,,,
544093,Bajaj Finserv Mutual Fund,BANKBETF,Bajaj Finserv Nifty Bank ETF,Active,B ,10.00,INF0QA701714,Equity,,,,,
544094,Euphoria Infotech (India) Limited,EUPHORIAIT,Euphoria Infotech (India) Ltd,Active,M ,10.00,INE0PYT01018,Equity,,,,,
544095,EPACK Durable Limited,EPACK,EPACK Durable Ltd,Active,B ,10.00,INE0G5901015,Equity,,,,,
544100,Nova Agritech Limited,NOVAAGRI,Nova Agritech Ltd,Active,B ,2.00,INE02H701025,Equity,,,,,
544101,Brisk Technovision Limited,BRISK,Brisk Technovision Ltd,Active,MT,10.00,INE0Q6L01014,Equity,,,,,
544102,UTI Mutual Fund,ITBETA,UTI NIFTY IT ETF,Active,B ,10.00,INF789F1AZD8,Equity,,,,,
544105,HARSHDEEP HORTICO LIMITED,HARSHDEEP,Harshdeep Hortico Ltd,Active,M ,10.00,INE0OLZ01015,Equity,,,,,
544106,Mayank Cattle Food Limited,MCFL,Mayank Cattle Food Ltd,Active,MT,10.00,INE0R5Z01015,Equity,,,,,
544107,BLS E-Services Limited,BLSE,BLS E-Services Ltd,Active,B ,10.00,INE0NLT01010,Equity,,,,,
544108,Gabriel Pet Straps Limited,GPSL,Gabriel Pet Straps Ltd,Active,M ,10.00,INE0QZF01012,Equity,,,,,
544109,DSP Mutual Fund,HEALTHADD,DSP Nifty Healthcare ETF,Active,B ,1.00,INF740KA1ZG1,Equity,,,,,
544110,HDFC Mutual Fund,HDFCPSUBK,HDFC Nifty PSU Bank ETF,Active,B ,62.78,INF179KC1HW4,Equity,,,,,
544111,Apeejay Surrendra Park Hotels Limited,PARKHOTELS,Apeejay Surrendra Park Hotels Ltd,Active,B ,1.00,INE988S01028,Equity,,,,,
544112,JASCH GAUGING TECHNOLOGIES LIMITED,JGTL,Jasch Gauging Technologies Ltd,Active,X ,10.00,INE0QXV01014,Equity,,,,,
544117,Signpost India Limited,SIGNPOST,Signpost India Ltd,Active,B ,2.00,INE0KGZ01021,Equity,,,,,
544118,JANA SMALL FINANCE BANK LIMITED,JSFB,Jana Small Finance Bank Ltd,Active,A ,10.00,INE953L01027,Equity,,,,,
544119,Rashi Peripherals Limited,RPTECH,Rashi Peripherals Ltd,Active,B ,5.00,INE0J1F01024,Equity,,,,,
544120,Capital Small Finance Bank Ltd,CAPITALSFB,Capital Small Finance Bank Ltd,Active,B ,10.00,INE646H01017,Equity,,,,,
544121,Rudra Gas Enterprise Limited,RUDRAGAS,Rudra Gas Enterprise Ltd,Active,M ,10.00,INE0OYK01010,Equity,,,,,
544122,Entero Healthcare Solutions Limited,ENTERO,Entero Healthcare Solutions Ltd,Active,B ,10.00,INE010601016,Equity,,,,,
544123,LIC Mutual Fund,LICNMID100,LIC MF Nifty Midcap 100 ETF,Active,B ,10.00,INF767K01RN1,Equity,,,,,
544124,VIBHOR STEEL TUBES LIMITED,VSTL,Vibhor Steel Tubes Ltd,Active,B ,10.00,INE0QTF01015,Equity,,,,,
544129,Juniper Hotels Limited,JUNIPER,Juniper Hotels Ltd,Active,B ,10.00,INE696F01016,Equity,,,,,
544130,Mirae Asset Mutual Fund,SMALLCAP,Mirae Asset Nifty Smallcap 250 Momentum Quality 100 ETF,Active,B ,10.00,INF769K01LC3,Equity,,,,,
544131,GPT Healthcare Limited,GPTHEALTH,GPT Healthcare Ltd,Active,B ,10.00,INE486R01017,Equity,,,,,
544133,EXICOM TELE-SYSTEMS LIMITED,EXICOM,Exicom Tele-Systems Ltd,Active,B ,10.00,INE777F01014,Equity,,,,,
544134,Platinum Industries Limited,PLATIND,Platinum Industries Ltd,Active,B ,10.00,INE0PT501018,Equity,,,,,
544135,Mukka Proteins Limited,MUKKA,Mukka Proteins Ltd,Active,T ,1.00,INE0CG401037,Equity,,,,,
544136,R K Swamy Limited,RKSWAMY,R K Swamy Ltd,Active,B ,5.00,INE0NQ801033,Equity,,,,,
544138,J.G.Chemicals Limited,JGCHEM,J.G.Chemicals Ltd,Active,B ,10.00,INE0MB501011,Equity,,,,,
544139,KOURA FINE DIAMOND JEWELRY LIMITED,KOURA,Koura Fine Diamond Jewelry Ltd,Active,MT,10.00,INE0M8R01011,Equity,,,,,
544140,Gopal Snacks Limited,GOPAL,Gopal Snacks Ltd,Active,B ,1.00,INE0L9R01028,Equity,,,,,
544141,Pune E - Stock Broking Limited,PESB,Pune E - Stock Broking Ltd,Active,M ,10.00,INE510U01018,Equity,,,,,
544142,Shipping Corporation of India Land and Assets Limited,SCILAL,Shipping Corporation of India Land and Assets Ltd,Active,B ,10.00,INE0PB301013,Equity,,,,,
544143,Royal Sense Limited,ROYAL,Royal Sense Ltd,Active,M ,10.00,INE0QQG01019,Equity,,,,,
544144,Popular Vehicles and Services Limited,PVSL,Popular Vehicles and Services Ltd,Active,B ,2.00,INE772T01024,Equity,,,,,
544149,KRYSTAL INTEGRATED SERVICES LIMITED,KRYSTAL,Krystal Integrated Services Ltd,Active,B ,10.00,INE0QN801017,Equity,,,,,
544150,KP GREEN ENGINEERING LIMITED,KPGEL,KP Green Engineering Ltd,Active,M ,5.00,INE0QVH01025,Equity,,,,,
544151,CHATHA FOODS LIMITED,CHATHA,Chatha Foods Ltd,Active,MT,10.00,INE0AH901011,Equity,,,,,
544156,Gconnect Logitech and Supply Chain Limited,GCONNECT,Gconnect Logitech and Supply Chain Ltd,Active,MT,10.00,INE0QHY01011,Equity,,,,,
544157,Vruddhi Engineering Works Limited,VRUDDHI,Vruddhi Engineering Works Ltd,Active,M ,10.00,INE0OMZ01013,Equity,,,,,
544158,SRM CONTRACTORS LIMITED,SRM,SRM Contractors Ltd,Active,B ,10.00,INE0R6Z01013,Equity,,,,,
544160,Jay Kailash Namkeen Limited,JAYKAILASH,Jay Kailash Namkeen Ltd,Active,MT,10.00,INE0MSS01019,Equity,,,,,
544161,D P ABHUSHAN LIMITED,DPABHUSHAN,D.P. Abhushan Ltd,Active,B ,10.00,INE266Y01019,Equity,,,,,
544162,Bharti Hexacom Limited,BHARTIHEXA,Bharti Hexacom Ltd,Active,A ,5.00,INE343G01021,Equity,,,,,
544163,Greenhitech Ventures Limited,GVL,Greenhitech Ventures Ltd,Active,M ,10.00,INE0S0701019,Equity,,,,,
544164,Faalcon Concepts Limited,FAALCON,Faalcon Concepts Ltd,Active,MT,10.00,INE0Q9W01015,Equity,,,,,
544165,SHIVAM CHEMICALS LIMITED,SHIVAM,Shivam Chemicals Ltd,Active,M ,10.00,INE0SGR01013,Equity,,,,,
544166,EMMFORCE AUTOTECH LIMITED,EMMFORCE,Emmforce Autotech Ltd,Active,MT,10.00,INE0SDC01012,Equity,,,,,
544167,JNK India Limited,JNKINDIA,JNK India Ltd,Active,B ,2.00,INE0OAF01028,Equity,,,,,
544168,VARYAA CREATIONS LIMITED,VARYAA,Varyaa Creations Ltd,Active,M ,10.00,INE0R6801013,Equity,,,,,
544169,Amkay Products Limited,AMKAY,Amkay Products Ltd,Active,M ,10.00,INE0QSB01016,Equity,,,,,
544170,Dolphin Kitchen Utencils and Appliances Limited,DKUAL,Dolphin Kitchen Utensils and Appliances Ltd,Active,M ,10.00,INE0QXT01018,Equity,,,,,
544171,Storage Technologies and Automation Limited,STAL,Storage Technologies and Automation Ltd,Active,MT,10.00,INE0RGM01016,Equity,,,,,
544172,Indegene Limited,INDGN,Indegene Ltd,Active,A ,2.00,INE065X01017,Equity,,,,,
544173,Finelistings Technologies Limited,FTL,Finelistings Technologies Ltd,Active,MT,10.00,INE0QOQ01013,Equity,,,,,
544174,TBO TEK LIMITED,TBOTEK,TBO TEK Ltd,Active,A ,1.00,INE673O01025,Equity,,,,,
544175,TGIF AGRIBUSINESS LIMITED,TGIF,TGIF Agribusiness Ltd,Active,M ,10.00,INE0SMU01015,Equity,,,,,
544176,Aadhar Housing Finance Limited,AADHARHFC,Aadhar Housing Finance Ltd,Active,A ,10.00,INE883F01010,Equity,,,,,
544177,Aztec Fluids & Machinery Limited,AZTEC,Aztec Fluids & Machinery Ltd,Active,M ,10.00,INE0SCB01016,Equity,,,,,
544178,PIOTEX INDUSTRIES LIMITED,PIOTEX,Piotex Industries Ltd,Active,M ,10.00,INE0R4W01015,Equity,,,,,
544179,Go Digit General Insurance Limited,GODIGIT,Go Digit General Insurance Ltd,Active,A ,10.00,INE03JT01014,Equity,,,,,
544180,Mirae Asset Mutual Fund,MIDSMALL,Mirae Asset Nifty Midsmallcap400 Momentum Quality 100 ETF,Active,B ,10.00,INF769K01LJ8,Equity,,,,,
544181,Awfis Space Solutions Limited,AWFIS,Awfis Space Solutions Ltd,Active,A ,10.00,INE108V01019,Equity,,,,,
544183,Associated Coaters Limited,ASSOCIATED,Associated Coaters Ltd,Active,M ,10.00,INE0RIQ01013,Equity,,,,,
544184,Borosil Scientific Limited,BOROSCI,Borosil Scientific Ltd,Active,B ,1.00,INE02L001032,Equity,,,,,
544185,ADTECH SYSTEMS LIMITED,ADTECH,Adtech Systems Ltd,Active,X ,10.00,INE257C01014,Equity,,,,,
544186,Forbes Precision Tools and Machine Parts Limited,TOTEM,Forbes Precision Tools and Machine Parts Ltd,Active,X ,10.00,INE0TT901016,Equity,,,,,
544187,KRONOX LAB SCIENCES LIMITED,KRONOX,Kronox Lab Sciences Ltd,Active,T ,10.00,INE0ATZ01017,Equity,,,,,
544188,Magenta Lifecare Limited,MAGENTA,Magenta Lifecare Ltd,Active,M ,10.00,INE0QZ901011,Equity,,,,,
544189,SATTRIX INFORMATION SECURITY LIMITED,SATTRIX,Sattrix Information Security Ltd,Active,M ,10.00,INE0QUV01010,Equity,,,,,
544190,3C IT Solutions and Telecoms (India) Limited,3CIT,3C IT Solutions and Telecoms (India) Ltd,Active,M ,5.00,INE0R7D01018,Equity,,,,,
544191,Purple Finance Limited,PURPLEFIN,Purple Finance Ltd,Active,X ,10.00,INE0CYK01015,Equity,,,,,
544192,Le Travenues Technology Limited,IXIGO,Le Travenues Technology Ltd,Active,A ,1.00,INE0HV901016,Equity,,,,,
544193,Zerodha Mutual Fund,MID150CASE,ZERODHA NIFTY MIDCAP 150 ETF,Active,B ,10.00,INF0R8F01059,Equity,,,,,
544194,Zerodha Mutual Fund,TOP100CASE,ZERODHA NIFTY 100 ETF,Active,B ,10.00,INF0R8F01067,Equity,,,,,
544195,United Cotfab Limited,COTFAB,United Cotfab Ltd,Active,M ,10.00,INE0S0I01011,Equity,,,,,
544196,BARODA BNP PARIBAS MUTUAL FUND,BBNPNBETF,Baroda BNP Paribas Nifty Bank ETF,Active,B ,10.00,INF251K01TL6,Equity,,,,,
544197,JHS SVENDGAARD RETAIL VENTURES LIMITED,RETAIL,JHS Svendgaard Retail Ventures Ltd,Active,B ,10.00,INE03DD01011,Equity,,,,,
544198,DEE DEVELOPMENT ENGINEERS LIMITED,DEEDEV,Dee Development Engineers Ltd,Active,B ,10.00,INE841L01016,Equity,,,,,
544199,GEM Enviro Management Limited,GEMENVIRO,GEM Enviro Management Ltd,Active,M ,5.00,INE0RUJ01013,Equity,,,,,
544200,Akme Fintrade (India) Limited,AFIL,Akme Fintrade (India) Ltd,Active,B ,1.00,INE916Y01027,Equity,,,,,
544201,DINDIGUL FARM PRODUCT LIMITED,DFPL,Dindigul Farm Product Ltd,Active,M ,10.00,INE0S6R01027,Equity,,,,,
544202,STANLEY LIFESTYLES LIMITED,STANLEY,Stanley Lifestyles Ltd,Active,B ,2.00,INE01A001028,Equity,,,,,
544203,Allied Blenders and Distillers Limited,ABDL,Allied Blenders and Distillers Ltd,Active,A ,2.00,INE552Z01027,Equity,,,,,
544204,VRAJ IRON AND STEEL LIMITED,VRAJ,Vraj Iron And Steel Ltd,Active,B ,10.00,INE0S2V01010,Equity,,,,,
544205,National Peroxide Limited,NPL,National Peroxide Ltd,Active,XT,10.00,INE0PO601011,Equity,,,,,
544207,Reliable Data Services Limited,RELIABLE,Reliable Data Services Ltd,Active,B ,10.00,INE375Y01018,Equity,,,,,
544209,Bansal Wire Industries Limited,BANSALWIRE,Bansal Wire Industries Ltd,Active,B ,5.00,INE0B9K01025,Equity,,,,,
544210,Emcure Pharmaceuticals Limited,EMCURE,Emcure Pharmaceuticals Ltd,Active,A ,10.00,INE168P01015,Equity,,,,,
544212,Mirae Asset Mutual Fund,EVINDIA,Mirae Asset Nifty EV and New Age Automotive ETF,Active,B ,10.00,INF769K01LQ3,Equity,,,,,
544213,AELEA COMMODITIES LIMITED,ACLD,Aelea Commodities Ltd,Active,M ,10.00,INE0T3401029,Equity,,,,,
544214,THREE M PAPER BOARDS LIMITED,THREEMPAPE,Three M Paper Boards Ltd,Active,M ,10.00,INE0UK501010,Equity,,,,,
544215,SBI Mutual Fund,SBINEQWETF,SBI NIFTY50 EQUAL WEIGHT ETF,Active,B ,10.00,INF200KB1282,Equity,,,,,
544216,ICICI Prudential Mutual Fund,OILIETF,ICICI Prudential Nifty Oil & Gas ETF,Active,B ,10.00,INF109KC18W3,Equity,,,,,
544217,SANSTAR LIMITED,SANSTAR,Sanstar Ltd,Active,B ,2.00,INE08NE01025,Equity,,,,,
544218,Aditya Birla Sun Life Mutual Fund,ABSLPSE,Aditya Birla Sun Life Nifty PSE ETF,Active,B ,1.00,INF209KB19Z4,Equity,,,,,
544219,VVIP Infratech Limited,VVIPIL,VVIP Infratech Ltd,Active,M ,10.00,INE0MNP01016,Equity,,,,,
544220,Clinitech Laboratory Limited,CTLLAB,Clinitech Laboratory Ltd,Active,M ,10.00,INE0QMR01015,Equity,,,,,
544221,Kizi Apparels Limited,KIZI,Kizi Apparels Ltd,Active,MT,10.00,INE0RMR01013,Equity,,,,,
544222,Akums Drugs and Pharmaceuticals Limited,AKUMS,Akums Drugs and Pharmaceuticals Ltd,Active,B ,2.00,INE09XN01023,Equity,,,,,
544223,Ceigall India Limited,CEIGALL,Ceigall India Ltd,Active,B ,5.00,INE0AG901020,Equity,,,,,
544224,Afcom Holdings Limited,AFCOM,Afcom Holdings Ltd,Active,M ,10.00,INE0OXY01013,Equity,,,,,
544225,Ola Electric Mobility Limited,OLAELEC,Ola Electric Mobility Ltd,Active,A ,10.00,INE0LXG01040,Equity,,,,,
544226,Brainbees Solutions Limited,FIRSTCRY,Brainbees Solutions Ltd,Active,A ,2.00,INE02RE01045,Equity,,,,,
544227,UNICOMMERCE ESOLUTIONS LIMITED,UNIECOM,Unicommerce Esolutions Ltd,Active,B ,1.00,INE00U401027,Equity,,,,,
544229,ICICI Prudential Mutual Fund,METALIETF,ICICI Prudential Nifty Metal ETF,Active,B ,10.00,INF109KC19W1,Equity,,,,,
544230,SARASWATI SAREE DEPOT LIMITED,SSDL,Saraswati Saree Depot Ltd,Active,B ,10.00,INE0PQ101010,Equity,,,,,
544231,BROACH LIFECARE HOSPITAL LIMITED,BROACH,Broach Lifecare Hospital Ltd,Active,M ,10.00,INE0SFZ01018,Equity,,,,,
544232,Interarch Building Solutions Limited,INTERARCH,Interarch Building Solutions Ltd,Active,B ,10.00,INE00M901018,Equity,,,,,
544233,Mahalaxmi Fabric Mills Limited,MFML,Mahalaxmi Fabric Mills Ltd,Active,B ,10.00,INE0US801024,Equity,,,,,
544234,Globale Tessile Limited,GLOBALE,Globale Tessile Ltd,Active,B ,10.00,INE0URU01010,Equity,,,,,
544235,Orient Technologies Limited,ORIENTTECH,Orient Technologies Ltd,Active,B ,10.00,INE0PPK01015,Equity,,,,,
544236,Resourceful Automobile Limited,RAL,Resourceful Automobile Ltd,Active,M ,10.00,INE0SK201011,Equity,,,,,
544237,RAPID MULTIMODAL LOGISTICS LIMITED,RAPID,Rapid Multimodal logistics Ltd,Active,M ,10.00,INE0QA901010,Equity,,,,,
544238,Premier Energies Limited,PREMIERENE,Premier Energies Ltd,Active,A ,1.00,INE0BS701011,Equity,,,,,
544239,ECOS (India) Mobility & Hospitality Limited,ECOSMOBLTY,ECOS (India) Mobility & Hospitality Ltd,Active,B ,2.00,INE06HJ01020,Equity,,,,,
544240,Raymond Lifestyle Limited,RAYMONDLSL,Raymond Lifestyle Ltd,Active,A ,2.00,INE02ID01020,Equity,,,,,
544241,Mirae Asset Mutual Fund,MULTICAP,Mirae Asset Nifty500 Multicap 50:25:25 ETF,Active,B ,10.00,INF769K01LX9,Equity,,,,,
544242,Travels & rentals Limited,TRAVELS,Travels & Rentals Ltd,Active,M ,10.00,INE0SG001011,Equity,,,,,
544243,Baazar Style Retail Limited,STYLEBAAZA,Baazar Style Retail Ltd,Active,B ,5.00,INE01FR01028,Equity,,,,,
544244,Gala Precision Engineering Limited,GALAPREC,Gala Precision Engineering Ltd,Active,B ,10.00,INE0RE001014,Equity,,,,,
544245,Naturewings Holidays Limited,NHL,Naturewings Holidays Ltd,Active,M ,10.00,INE0N4701016,Equity,,,,,
544246,Revathi Equipment India Limited,RVTH,Revathi Equipment India Ltd,Active,B ,10.00,INE0DAB01012,Equity,,,,,
544247,DSP Mutual Fund,TOP10ADD,DSP Nifty Top 10 Equal Weight ETF,Active,B ,10.00,INF740KA1UR9,Equity,,,,,
544248,MACH TRAVEL SOLUTIONS LIMITED,MACHLTD,Mach Travel Solutions Ltd,Active,M ,10.00,INE0UYT01018,Equity,,,,,
544249,SHREE TIRUPATI BALAJEE AGRO TRADING COMPANY LIMITED,BALAJEE,Shree Tirupati Balajee Agro Trading Company Ltd,Active,B ,10.00,INE0S2G01011,Equity,,,,,
544250,Sanofi Consumer Healthcare India Limited,SANOFICONR,Sanofi Consumer Healthcare India Ltd,Active,B ,10.00,INE0UOS01011,Equity,,,,,
544251,Share Samadhan Limited,SSL,Share Samadhan Ltd,Active,MT,10.00,INE0LY301010,Equity,,,,,
544252,Bajaj Housing Finance Limited,BAJAJHFL,Bajaj Housing Finance Ltd,Active,A ,10.00,INE377Y01014,Equity,,,,,
544253,Kross Limited,KROSS,Kross Ltd,Active,B ,5.00,INE0O6601022,Equity,,,,,
544254,Tolins Tyres Limited,TOLINS,Tolins Tyres Ltd,Active,B ,5.00,INE0RWQ01014,Equity,,,,,
544256,P N GADGIL JEWELLERS LIMITED,PNGJL,P N Gadgil Jewellers Ltd,Active,B ,10.00,INE953R01016,Equity,,,,,
544257,Sodhani Academy of Fintech Enablers Limited,SAFE,Sodhani Academy of Fintech Enablers Ltd,Active,M ,10.00,INE0Q3401017,Equity,,,,,
544258,Western Carriers (India) Limited,WCIL,Western Carriers (India) Ltd,Active,B ,5.00,INE0CJF01024,Equity,,,,,
544259,POPULAR FOUNDATIONS LIMITED,PFL,Popular Foundations Ltd,Active,M ,10.00,INE0PZB01013,Equity,,,,,
544260,Northern Arc Capital Ltd.,NORTHARC,Northern Arc Capital Ltd,Active,A ,10.00,INE850M01015,Equity,,,,,
544261,ARKADE DEVELOPERS LIMITED,ARKADE,Arkade Developers Ltd,Active,B ,10.00,INE0QRL01017,Equity,,,,,
544262,Manba Finance Limited,MANBA,Manba Finance Ltd,Active,B ,10.00,INE939X01013,Equity,,,,,
544263,KRN HEAT EXCHANGER AND REFRIGERATION LIMITED,KRN,KRN Heat Exchanger And Refrigeration Ltd,Active,A ,10.00,INE0Q3J01015,Equity,,,,,
544264,Diffusion Engineers Limited,DIFFNKG,Diffusion Engineers Ltd,Active,B ,10.00,INE184O01015,Equity,,,,,
544265,Nexxus Petro Industries Limited,NEXXUS,Nexxus Petro Industries Ltd,Active,M ,10.00,INE0QUL01011,Equity,,,,,
544266,Mirae Asset Mutual Fund,BANKPSU,Mirae Asset Nifty PSU Bank ETF,Active,B ,10.00,INF769K01LZ4,Equity,,,,,
544267,SUBAM PAPERS LIMITED,SUBAM,Subam Papers Ltd,Active,M ,10.00,INE0U6201010,Equity,,,,,
544268,Mirae Asset Mutual Fund,METAL,Mirae Asset Nifty Metal ETF,Active,B ,10.00,INF769K01LY7,Equity,,,,,
544269,NEOPOLITAN PIZZA AND FOODS LIMITED,NPFL,Neopolitan Pizza And Foods Ltd,Active,M ,10.00,INE471R01019,Equity,,,,,
544270,Khyati Global Ventures Limited,KGVL,Khyati Global Ventures Ltd,Active,M ,10.00,INE0S9501014,Equity,,,,,
544271,Garuda Construction and Engineering Limited,GARUDA,Garuda Construction and Engineering Ltd,Active,B ,5.00,INE0JVO01026,Equity,,,,,
544272,SHIV TEXCHEM LIMITED,SHIVTEXCHEM,Shiv Texchem Ltd,Active,M ,10.00,INE0YRO01015,Equity,,,,,
544273,MANGALAM GLOBAL ENTERPRISE LIMITED,MGEL,Mangalam Global Enterprise Ltd,Active,B ,1.00,INE0APB01032,Equity,,,,,
544274,HYUNDAI MOTOR INDIA LIMITED,HYUNDAI,Hyundai Motor India Ltd,Active,A ,10.00,INE0V6F01027,Equity,,,,,
544275,ICICI Prudential Mutual Fund,VAL30IETF,ICICI Prudential Nifty200 Value 30 ETF,Active,B ,10.00,INF109KC16X5,Equity,,,,,
544276,Deepak Builders and Engineers India Limited,DBEIL,Deepak Builders and Engineers India Ltd,Active,B ,1.00,INE0OPA01027,Equity,,,,,
544277,Waaree Energies Limited,WAAREEENER,Waaree Energies Ltd,Active,A ,10.00,INE377N01017,Equity,,,,,
544278,OCCL Limited,OCCLLTD,OCCL Ltd,Active,T ,2.00,INE0PK601023,Equity,,,,,
544279,Godavari Biorefineries Limited,GODAVARIB,Godavari Biorefineries Ltd,Active,B ,10.00,INE497S01012,Equity,,,,,
544280,Afcons Infrastructure Limited,AFCONS,Afcons Infrastructure Ltd,Active,A ,10.00,INE101I01011,Equity,,,,,
544281,A B INFRABUILD LIMITED,ABINFRA,A B Infrabuild Ltd,Active,T ,1.00,INE00YB01025,Equity,,,,,
544282,Sagility Limited,SAGILITY,Sagility Ltd,Active,A ,10.00,INE0W2G01015,Equity,,,,,
544283,ACME Solar Holdings Limited,ACMESOLAR,ACME Solar Holdings Ltd,Active,A ,2.00,INE622W01025,Equity,,,,,
544285,SWIGGY LIMITED,SWIGGY,Swiggy Ltd,Active,A ,1.00,INE00H001014,Equity,,,,,
544286,NIVA BUPA HEALTH INSURANCE COMPANY LIMITED,NIVABUPA,Niva Bupa Health Insurance Company Ltd,Active,A ,10.00,INE995S01015,Equity,,,,,
544287,Mangal Compusolution Limited,MANGALCOMP,Mangal Compusolution Ltd,Active,M ,10.00,INE0RU901015,Equity,,,,,
544288,BlackBuck Limited,BLACKBUCK,Black Buck Ltd,Active,A ,1.00,INE0UIZ01018,Equity,,,,,
544289,NTPC GREEN ENERGY LIMITED,NTPCGREEN,NTPC Green Energy Ltd,Active,A ,10.00,INE0ONG01011,Equity,,,,,
544290,ENVIRO INFRA ENGINEERS LIMITED,EIEL,Enviro Infra Engineers Ltd,Active,B ,10.00,INE0LLY01014,Equity,,,,,
544291,RAJESH POWER SERVICES LIMITED ,RAJESH,Rajesh Power Services Ltd,Active,M ,10.00,INE0VN801010,Equity,,,,,
544292,Onesource Specialty Pharma Limited,ONESOURCE,Onesource Specialty Pharma Ltd,Active,A ,1.00,INE013P01021,Equity,,,,,
544293,SURAKSHA DIAGNOSTIC LIMITED,SURAKSHA,Suraksha Diagnostic Ltd,Active,B ,2.00,INE877V01027,Equity,,,,,
544294,Rossell Techsys Limited,ROSSTECH,Rossell Techsys Ltd,Active,B ,2.00,INE0OJW01016,Equity,,,,,
544296,NISUS FINANCE SERVICES CO LIMITED,NISUS,Nisus Finance Services Co Ltd,Active,M ,10.00,INE0DQN01013,Equity,,,,,
544301,Odigma Consultancy Solutions Limited,ODIGMA,Odigma Consultancy Solutions Ltd,Active,B ,1.00,INE054301028,Equity,,,,,
544302,Innovana Thinklabs Limited,INNOVANA,Innovana Thinklabs Ltd,Active,B ,10.00,INE403Y01018,Equity,,,,,
544303,TOSS THE COIN LIMITED,TTC,Toss The Coin Ltd,Active,M ,10.00,INE0XAY01012,Equity,,,,,
544304,JUNGLE CAMPS INDIA LIMITED,JUNGLECAMP,Jungle Camps India Ltd,Active,M ,10.00,INE0WCH01015,Equity,,,,,
544305,One Mobikwik Systems Limited,MOBIKWIK,One Mobikwik Systems Ltd,Active,B ,2.00,INE0HLU01028,Equity,,,,,
544306,Sai Life Sciences Limited,SAILIFE,Sai Life Sciences Ltd,Active,A ,1.00,INE570L01029,Equity,,,,,
544307,Vishal Mega Mart Limited,VMM,Vishal Mega Mart Ltd,Active,A ,10.00,INE01EA01019,Equity,,,,,
544308,Hilltone Software and Gases Ltd,HILLTONE,Hilltone Software and Gases Ltd,Active,X ,10.00,INE168C01013,Equity,,,,,
544309,INVENTURUS KNOWLEDGE SOLUTIONS LIMITED,IKS,Inventurus Knowledge Solutions Ltd,Active,A ,1.00,INE115Q01022,Equity,,,,,
544310,Yash Highvoltage Limited,YASHHV,Yash Highvoltage Ltd,Active,M ,5.00,INE00GK01023,Equity,,,,,
544311,International Gemological Institute Limited,IGIL,International Gemological Institute Ltd,Active,A ,2.00,INE0Q9301021,Equity,,,,,
544312,HAMPS BIO LIMITED,HAMPS,Hamps Bio Ltd,Active,M ,10.00,INE0QBD01018,Equity,,,,,
544313,NACDAC Infrastructure Limited,NACDAC,NACDAC Infrastructure Ltd,Active,M ,10.00,INE0LB101011,Equity,,,,,
544314,Sanathan Textiles Limited,SANATHAN,Sanathan Textiles Ltd,Active,B ,10.00,INE0JPD01013,Equity,,,,,
544315,Concord Enviro Systems Limited,CEWATER,Concord Enviro Systems Ltd,Active,B ,5.00,INE037Z01029,Equity,,,,,
544316,DAM Capital Advisors Limited,DAMCAPITAL,DAM Capital Advisors Ltd,Active,B ,2.00,INE284H01025,Equity,,,,,
544317,Transrail Lighting Limited,TRANSRAILL,Transrail Lighting Ltd,Active,A ,2.00,INE454P01035,Equity,,,,,
544318,MAMATA MACHINERY LIMITED,MAMATA,Mamata Machinery Ltd,Active,B ,10.00,INE0TO701015,Equity,,,,,
544319,SENORES PHARMACEUTICALS LIMITED,SENORES,Senores Pharmaceuticals Ltd,Active,A ,10.00,INE0RB801010,Equity,,,,,
544320,CARRARO INDIA LIMITED,CARRARO,Carraro India Ltd,Active,B ,10.00,INE0V7W01012,Equity,,,,,
544321,Ventive Hospitality Limited,VENTIVE,Ventive Hospitality Ltd,Active,B ,1.00,INE781S01027,Equity,,,,,
544322,Unimech Aerospace and Manufacturing Limited,UNIMECH,Unimech Aerospace and Manufacturing Ltd,Active,B ,5.00,INE0U3I01011,Equity,,,,,
544323,Mirae Asset Mutual Fund,CONSUMER,Mirae Asset Nifty India New Age Consumption ETF,Active,B ,10.00,INF769K01NS5,Equity,,,,,
544324,Citichem India Limited,CITICHEM,Citichem India Ltd,Active,M ,10.00,INE0A8401016,Equity,,,,,
544325,ITC Hotels Limited,ITCHOTELS,ITC Hotels Ltd,Active,A ,1.00,INE379A01028,Equity,,,,,
544326,Edelweiss Mutual Fund,ECAPINSURE,Edelweiss BSE Capital Markets & Insurance ETF,Active,B ,10.00,INF754K01TX4,Equity,,,,,
544327,TECHNICHEM ORGANICS LIMITED,TECHNICHEM,Technichem Organics Ltd,Active,MT,10.00,INE0ZHT01012,Equity,,,,,
544328,INDO FARM EQUIPMENT LIMITED,INDOFARM,Indo Farm Equipment Ltd,Active,B ,10.00,INE622H01018,Equity,,,,,
544329,LEO DRYFRUITS & SPICES TRADING LIMITED,VANDU,Leo Dryfruits & Spices Trading Ltd,Active,M ,10.00,INE0RH001011,Equity,,,,,
544330,PARMESHWAR METAL LIMITED,PARMESHWAR,Parmeshwar Metal Ltd,Active,MT,10.00,INE0QQJ01021,Equity,,,,,
544331,Davin Sons Retail Limited,DAVIN,Davin Sons Retail Ltd,Active,M ,10.00,INE0Q2L01013,Equity,,,,,
544332,Fabtech Cleanrooms Limited,FABCLEAN,Fabtech Cleanrooms Ltd,Active,M ,10.00,INE0HSD01011,Equity,,,,,
544333,STANDARD ENGINEERING TECHNOLOGY LIMITED,SETL,Standard Engineering Technology Ltd,Active,B ,10.00,INE0M4D01010,Equity,,,,,
544334,Indobell Insulations Limited,INDOBELL,Indobell Insulations Ltd,Active,MT,10.00,INE0FK501019,Equity,,,,,
544335,B.R.GOYAL INFRASTRUCTURE LIMITED,BRGIL,B.R.Goyal Infrastructure Ltd,Active,MT,10.00,INE00ST01011,Equity,,,,,
544336,Quadrant Future Tek Limited,QUADFUTURE,Quadrant Future Tek Ltd,Active,B ,10.00,INE0LRY01011,Equity,,,,,
544337,Avax Apparels and Ornaments Limited,AVAX,Avax Apparels and Ornaments Ltd,Active,MT,5.00,INE0NQ401024,Equity,,,,,
544339,Laxmi Dental Limited,LAXMIDENTL,Laxmi Dental Ltd,Active,B ,2.00,INE0WO601020,Equity,,,,,
544340,Rikhav Securities Limited,RIKHAV,Rikhav Securities Ltd,Active,M ,5.00,INE0CFH01028,Equity,,,,,
544341,LANDMARK GLOBAL LEARNING LIMITED,LGLL,Landmark Global Learning Ltd,Active,M ,10.00,INE12QA01010,Equity,,,,,
544342,Stallion India Fluorochemicals Limited,STALLION,Stallion India Fluorochemicals Ltd,Active,T ,10.00,INE0RYC01010,Equity,,,,,
544343,CAPITALNUMBERS INFOTECH  LIMITED,CNINFOTECH,Capitalnumbers Infotech Ltd,Active,M ,10.00,INE0WXM01011,Equity,,,,,
544344,SPR Auto Technologies Limited,SHRIPISTON,SPR Auto Technologies Ltd,Active,A ,10.00,INE526E01018,Equity,,,,,
544345,Denta Water and Infra Solutions Limited,DENTA,Denta Water and Infra Solutions Ltd,Active,B ,10.00,INE0R4L01018,Equity,,,,,
544346,RDB Real Estate Constructions Limited,RRECL,RDB Real Estate Constructions Ltd,Active,B ,10.00,INE0AK901016,Equity,,,,,
544347,CLN ENERGY LIMITED,CLN,CLN Energy Ltd,Active,MT,10.00,INE0WDX01010,Equity,,,,,
544348,GB Logistics Commerce Limited,GBLOGISTIC,GB Logistics Commerce Ltd,Active,M ,10.00,INE0RWU01016,Equity,,,,,
544349,H.M. ELECTRO MECH LIMITED,HMEML,H.M. Electro Mech Ltd,Active,M ,10.00,INE0DZD01015,Equity,,,,,
544350,Dr. Agarwal's Health Care Limited,AGARWALEYE,Dr. Agarwals Health Care Ltd,Active,A ,1.00,INE943P01029,Equity,,,,,
544351,MALPANI PIPES AND FITTINGS LIMITED,MALPANI,Malpani Pipes And Fittings Ltd,Active,M ,10.00,INE0YON01014,Equity,,,,,
544352,DSP Mutual Fund,NEXT30ADD,DSP BSE Sensex Next 30 ETF,Active,B ,10.00,INF740KA1VE5,Equity,,,,,
544353,Amwill Health Care Limited,AMWILL,Amwill Health Care Ltd,Active,M ,10.00,INE0U2L01017,Equity,,,,,
544354,SOLARIUM GREEN ENERGY LIMITED,SOLARIUM,Solarium Green Energy Ltd,Active,M ,10.00,INE0W0H01017,Equity,,,,,
544355,Jubilant Agri and Consumer Products Limited,JUBLCPL,Jubilant Agri and Consumer Products Ltd,Active,B ,10.00,INE03CC01015,Equity,,,,,
544356,AJAX Engineering Limited,AJAXENGG,AJAX Engineering Ltd,Active,B ,1.00,INE274Y01021,Equity,,,,,
544361,COVANCE SOFTSOL LIMITED,COVANCE,Covance Softsol Ltd,Active,X ,10.00,INE0R8101016,Equity,,,,,
544362,Hexaware Technologies Limited,HEXT,Hexaware Technologies Ltd,Active,A ,1.00,INE093A01041,Equity,,,,,
544364,Indef Manufacturing Limited,BAJAJINDEF,Indef Manufacturing Ltd,Active,B ,1.00,INE0O9T01021,Equity,,,,,
544365,SHANMUGA HOSPITAL LIMITED,SHANMUGA,Shanmuga Hospital Ltd,Active,M ,10.00,INE0TD301017,Equity,,,,,
544366,L.K.MEHTA POLYMERS LIMITED,LKMEHTA,L.K.Mehta Polymers Ltd,Active,M ,10.00,INE0FFF01017,Equity,,,,,
544367,QUALITY POWER ELECTRICAL EQUIPMENTS LIMITED,QPOWER,Quality Power Electrical Equipments Ltd,Active,B ,10.00,INE0SII01026,Equity,,,,,
544368,Swasth Foodtech India Limited,SWASTH,Swasth Foodtech India Ltd,Active,M ,10.00,INE0TIR01017,Equity,,,,,
544369,Beezaasan Explotech Limited,BEEZAASAN,Beezaasan Explotech Ltd,Active,MT,10.00,INE13VU01016,Equity,,,,,
544370,NUKLEUS OFFICE SOLUTIONS LIMITED,NUKLEUS,Nukleus Office Solutions Ltd,Active,M ,10.00,INE0VYX01018,Equity,,,,,
544371,VIKRAM AROMA LIMITED,VIKRAMAR,Vikram Aroma Ltd,Active,X ,10.00,INE0NR501012,Equity,,,,,
544372,SHREENATH PAPER PRODUCTS LIMITED,SHREENATH,Shreenath Paper Products Ltd,Active,M ,10.00,INE0RXS01018,Equity,,,,,
544373,NAPS Global India Limited,NAPSGLOBAL,NAPS Global India Ltd,Active,M ,10.00,INE0VNH01014,Equity,,,,,
544376,Mirae Asset Mutual Fund,SELECTIPO,Mirae Asset BSE Select IPO ETF,Active,B ,10.00,INF769K01ON4,Equity,,,,,
544377,Mirae Asset Mutual Fund,EQUAL200,Mirae Asset BSE 200 Equal Weight ETF,Active,B ,10.00,INF769K01OA1,Equity,,,,,
544378,PDP Shipping & Projects Limited,PSPL,PDP Shipping & Projects Ltd,Active,M ,10.00,INE0ABU01016,Equity,,,,,
544379,Prabha Energy Limited,PRABHA,Prabha Energy Ltd,Active,B ,1.00,INE0I0M01023,Equity,,,,,
544381,Super Iron Foundry Limited,SUPERIRON,Super Iron Foundry Ltd,Active,M ,10.00,INE16IQ01014,Equity,,,,,
544382,Axis Mutual Fund,VALUEAXIS,Axis Nifty500 Value 50 ETF,Active,B ,10.00,INF846KA1119,Equity,,,,,
544383,PARADEEP PARIVAHAN LIMITED,PPARIVAH,Paradeep Parivahan Ltd,Active,MT,10.00,INE0SMW01011,Equity,,,,,
544385,SBI Mutual Fund,SBIBPB,SBI BSE PSU BANK ETF,Active,B ,10.00,INF200KB1712,Equity,,,,,
544386,Spectrum Electrical Industries Limited,SPECTRUM,Spectrum Electrical Industries Ltd,Active,T ,10.00,INE01EO01010,Equity,,,,,
544387,Desco Infratech Limited,DESCO,Desco Infratech Ltd,Active,M ,10.00,INE0TGG01014,Equity,,,,,
544388,Identixweb Limited,IDENTIXWEB,Identixweb Ltd,Active,M ,10.00,INE0PA401012,Equity,,,,,
544390,Siemens Energy India Limited,ENRIN,Siemens Energy India Ltd,Active,A ,2.00,INE1NPP01017,Equity,,,,,
544391,Retaggio Industries Limited,RETAGGIO,Retaggio Industries Ltd,Active,M ,10.00,INE0KWJ01014,Equity,,,,,
544392,SPINAROO COMMERCIAL LIMITED,SPINAROO,Spinaroo Commercial Ltd,Active,M ,10.00,INE10XX01012,Equity,,,,,
544393,INFONATIVE SOLUTIONS LIMITED,INFONATIVE,Infonative Solutions Ltd,Active,MT,1.00,INE12IB01015,Equity,,,,,
544394,ICICI Prudential Mutual Fund,EVIETF,ICICI Prudential Nifty EV & New Age Automotive ETF,Active,B ,10.00,INF109K1A153,Equity,,,,,
544395,STL Networks Limited,STLNETWORK,STL Networks Ltd,Active,B ,2.00,INE1VXE01018,Equity,,,,,
544396,Network People Services Technologies Limited,NPST,Network People Services Technologies Ltd,Active,B ,10.00,INE0FFK01017,Equity,,,,,
544397,Ather Energy Limited,ATHERENERG,Ather Energy Ltd,Active,A ,1.00,INE0LEZ01016,Equity,,,,,
544398,Kenrik Industries Limited,KENRIK,Kenrik Industries Ltd,Active,MT,10.00,INE0AOG01018,Equity,,,,,
544399,SRIGEE DLM LIMITED,SRIGEE,Srigee Dlm Ltd,Active,M ,10.00,INE0RJ901010,Equity,,,,,
544400,Manoj Jewellers Limited,MANOJJEWEL,Manoj Jewellers Ltd,Active,M ,10.00,INE0MV001018,Equity,,,,,
544401,Mirae Asset Mutual Fund,EQUAL50,Mirae Asset Nifty50 Equal Weight ETF,Active,B ,10.00,INF769K01OO2,Equity,,,,,
544402,JASH ENGINEERING LIMITED,JASH,Jash Engineering Ltd,Active,B ,2.00,INE039O01029,Equity,,,,,
544403,Aditya Birla Lifestyle Brands Limited,ABLBL,Aditya Birla Lifestyle Brands Ltd,Active,A ,10.00,INE14LE01019,Equity,,,,,
544404,BORANA WEAVES LIMITED,BORANA,Borana Weaves Ltd,Active,B ,10.00,INE16SF01016,Equity,,,,,
544405,BELRISE INDUSTRIES LIMITED,BELRISE,Belrise Industries Ltd,Active,A ,5.00,INE894V01022,Equity,,,,,
544406,UNIFIED DATA TECH SOLUTIONS LIMITED,UNIFIED,Unified Data Tech Solutions Ltd,Active,M ,10.00,INE1ABX01018,Equity,,,,,
544407,AEGIS VOPAK TERMINALS LIMITED,AEGISVOPAK,Aegis Vopak Terminals Ltd,Active,A ,10.00,INE0INX01018,Equity,,,,,
544408,Leela Palaces Hotels & Resorts Limited,THELEELA,Leela Palaces Hotels & Resorts Ltd,Active,A ,10.00,INE0AQ201015,Equity,,,,,
544409,ASTONEA LABS LIMITED,ASTONEALAB,Astonea Labs Ltd,Active,M ,10.00,INE0TG901011,Equity,,,,,
544410,PROSTARM INFO SYSTEMS LIMITED,PROSTARM,Prostarm Info Systems Ltd,Active,B ,10.00,INE0BX301013,Equity,,,,,
544411,Scoda Tubes Limited,SCODATUBES,Scoda Tubes Ltd,Active,B ,10.00,INE090501011,Equity,,,,,
544412,3B FILMS LIMITED,3BFILMS,3B Films Ltd,Active,M ,10.00,INE0TE101010,Equity,,,,,
544413,Digitide Solutions Limited,DIGITIDE,Digitide Solutions Ltd,Active,B ,10.00,INE0U4701011,Equity,,,,,
544414,Bluspring Enterprises Limited,BLUSPRING,Bluspring Enterprises Ltd,Active,B ,10.00,INE0U4101014,Equity,,,,,
544415,Nippon India Mutual Fund,SNXT30BEES,Nippon India BSE Sensex Next 30 ETF,Active,B ,10.00,INF204KC1EZ3,Equity,,,,,
544416,KRISHIVAL FOODS LIMITED,KRISHIVAL,Krishival Foods Ltd,Active,B ,10.00,INE0GGO01015,Equity,,,,,
544417,Aten Papers & Foam Limited,ATENPAPERS,Aten Papers & Foam Ltd,Active,M ,10.00,INE0XCV01014,Equity,,,,,
544418,Oswal Pumps Limited,OSWALPUMPS,Oswal Pumps Ltd,Active,B ,1.00,INE0BYP01024,Equity,,,,,
544419,ArisInfra Solutions Limited,ARIS,ArisInfra Solutions Ltd,Active,B ,2.00,INE0H9P01028,Equity,,,,,
544420,Raymond Realty Limited,RAYMONDREL,Raymond Realty Ltd,Active,B ,10.00,INE1SY401010,Equity,,,,,
544421,ELLENBARRIE INDUSTRIAL GASES LIMITED,ELLEN,Ellenbarrie Industrial Gases Ltd,Active,B ,2.00,INE236E01022,Equity,,,,,
544422,Abram Food Limited,ABRFL,Abram Food Ltd,Active,M ,10.00,INE0ZDY01011,Equity,,,,,
544423,Kalpataru Limited,KALPATARU,Kalpataru Ltd,Active,B ,10.00,INE227J01012,Equity,,,,,
544424,GLOBE CIVIL PROJECTS LIMITED,GLOBECIVIL,Globe Civil Projects Ltd,Active,B ,10.00,INE0V3U01015,Equity,,,,,
544425,AJC Jewel Manufacturers Limited,AJCJEWEL,AJC Jewel Manufacturers Ltd,Active,MT,10.00,INE0XRR01010,Equity,,,,,
544426,Icon Facilitators Limited,ICON,Icon Facilitators Ltd,Active,M ,10.00,INE0Y0E01012,Equity,,,,,
544427,ICICI Prudential Mutual Fund,TOP15IETF,ICICI Prudential Nifty Top 15 Equal Weight ETF,Active,B ,10.00,INF109K1A344,Equity,,,,,
544428,SUPERTECH EV LIMITED,SEVL,Supertech Ev Ltd,Active,M ,10.00,INE0SC101013,Equity,,,,,
544429,HDB FINANCIAL SERVICES LIMITED,HDBFS,HDB Financial Services Ltd,Active,A ,10.00,INE756I01012,Equity,,,,,
544430,SAMBHV STEEL TUBES LIMITED,SAMBHV,Sambhv Steel Tubes Ltd,Active,B ,10.00,INE12NJ01018,Equity,,,,,
544431,Ace Alpha Tech Limited,ACEALPHA,Ace Alpha Tech Ltd,Active,M ,10.00,INE0S9X01011,Equity,,,,,
544432,Indogulf Cropsciences Limited,IGCL,Indogulf Cropsciences Ltd,Active,B ,10.00,INE05J901018,Equity,,,,,
544433,Valencia India Limited,VALINDIA,Valencia India Ltd,Active,M ,10.00,INE130701019,Equity,,,,,
544434,Neetu Yoshi Limited,NEETUYOSHI,Neetu Yoshi Ltd,Active,MT,5.00,INE0UZO01024,Equity,,,,,
544435,ADCOUNTY MEDIA INDIA LIMITED,ADCOUNTY,Adcounty Media India Ltd,Active,M ,10.00,INE0W1601012,Equity,,,,,
544436,VANDAN FOODS LIMITED,VANDAN,Vandan Foods Ltd,Active,M ,10.00,INE0RDJ01019,Equity,,,,,
544437,MARC LOIRE FASHIONS LIMITED,MARCLOIRE,Marc Loire Fashions Ltd,Active,M ,10.00,INE0TBQ01014,Equity,,,,,
544438,Mirae Asset Mutual Fund,INTERNET,Mirae Asset Nifty India Internet ETF,Active,B ,10.00,INF769K01PB6,Equity,,,,,
544439,CRIZAC LIMITED,CRIZAC,Crizac Ltd,Active,B ,2.00,INE0S4R01014,Equity,,,,,
544440,CRYOGENIC OGS LIMITED,CRYOGENIC,Cryogenic Ogs Ltd,Active,MT,10.00,INE0TL001013,Equity,,,,,
544441,META INFOTECH LIMITED,METAINFO,Meta Infotech Ltd,Active,M ,10.00,INE162901016,Equity,,,,,
544442,Chemkart India Limited,CHEMKART,Chemkart India Ltd,Active,M ,10.00,INE0VWL01017,Equity,,,,,
544443,TRAVEL FOOD SERVICES LIMITED,TRAVELFOOD,Travel Food Services Ltd,Active,B ,1.00,INE103V01028,Equity,,,,,
544444,Glen Industries Limited,GLEN,Glen Industries Ltd,Active,MT,10.00,INE0UMC01019,Equity,,,,,
544445,ASSTON PHARMACEUTICALS LIMITED,APL,Asston Pharmaceuticals Ltd,Active,MT,10.00,INE0SJX01015,Equity,,,,,
544446,Advent Hotels International Limited,ADVENTHTL,Advent Hotels International Ltd,Active,B ,10.00,INE28GN01010,Equity,,,,,
544447,SMARTWORKS COWORKING SPACES LIMITED,SMARTWORKS,Smartworks Coworking Spaces Ltd,Active,B ,10.00,INE0NAZ01010,Equity,,,,,
544448,Pashupati Cotspin Limited,PASHUPATI,Pashupati Cotspin Ltd,Active,B ,1.00,INE124Y01028,Equity,,,,,
544449,Anthem Biosciences Limited,ANTHEM,Anthem Biosciences Ltd,Active,A ,2.00,INE0CZ201020,Equity,,,,,
544450,CHEMBOND CHEMICALS  LIMITED,CHEMBONDCH,Chembond Chemicals Ltd,Active,T ,5.00,INE0TGX01019,Equity,,,,,
544451,MONIKA ALCOBEV LIMITED,MONIKA,Monika Alcobev Ltd,Active,M ,10.00,INE0LCG01010,Equity,,,,,
544452,Swastika Castal Limited,SWASTIKAAL,Swastika Castal Ltd,Active,MT,10.00,INE0PTF01017,Equity,,,,,
544453,Monarch Surveyors and Engineering Consultants Limited,MSECL,Monarch Surveyors and Engineering Consultants Ltd,Active,M ,10.00,INE0V0L01028,Equity,,,,,
544454,INDIQUBE SPACES LIMITED,INDIQUBE,Indiqube Spaces Ltd,Active,B ,1.00,INE06ST01018,Equity,,,,,
544455,GNG Electronics Limited,EBGNG,GNG Electronics Ltd,Active,B ,2.00,INE18JU01028,Equity,,,,,
544456,R M DRIP AND SPRINKLERS SYSTEMS LIMITED,RMDRIP,R M Drip and Sprinklers Systems Ltd,Active,T ,1.00,INE219Y01026,Equity,,,,,
544457,Brigade Hotel Ventures Limited,BRIGHOTEL,Brigade Hotel Ventures Ltd,Active,B ,10.00,INE03NU01014,Equity,,,,,
544458,SHREE REFRIGERATIONS LIMITED,SHREEREF,Shree Refrigerations Ltd,Active,M ,2.00,INE0FMZ01045,Equity,,,,,
544459,SHANTI GOLD INTERNATIONAL LIMITED,SHANTIGOLD,Shanti Gold International Ltd,Active,B ,10.00,INE06ZD01017,Equity,,,,,
544460,PATEL CHEM SPECIALITIES LIMITED,PATELCHEM,Patel Chem Specialities Ltd,Active,MT,10.00,INE161701011,Equity,,,,,
544461,Euro Panel Products Limited,EUROBOND,Euro Panel Products Ltd,Active,B ,10.00,INE505V01016,Equity,,,,,
544463,REPONO LIMITED,REPONO,Repono Ltd,Active,MT,10.00,INE15WN01014,Equity,,,,,
544464,Umiya Mobile Limited,UML,Umiya Mobile Ltd,Active,M ,10.00,INE1P1A01018,Equity,,,,,
544465,LAXMI INDIA FINANCE LIMITED,LAXMIINDIA,Laxmi India Finance Ltd,Active,B ,5.00,INE06WU01026,Equity,,,,,
544466,Aditya Infotech Limited,CPPLUS,Aditya Infotech Ltd,Active,A ,1.00,INE819V01029,Equity,,,,,
544467,National Securities Depository Limited,NSDL,National Securities Depository Ltd,Active,A ,2.00,INE301O01023,Equity,,,,,
544468,B. D. Industries (Pune) Limited,BDI,B. D. Industries (Pune) Ltd,Active,M ,10.00,INE1LJ801017,Equity,,,,,
544469,Sri Lotus Developers and Realty Limited,LOTUSDEV,Sri Lotus Developers and Realty Ltd,Active,T ,1.00,INE0V9Q01010,Equity,,,,,
544470,M & B ENGINEERING LIMITED,MBEL,M & B Engineering Ltd,Active,B ,10.00,INE08N601015,Equity,,,,,
544471,TAKYON NETWORKS LIMITED,TAKYON,Takyon Networks Ltd,Active,M ,10.00,INE14OX01013,Equity,,,,,
544472,MEHUL COLOURS LIMITED,MEHUL,Mehul Colours Ltd,Active,M ,10.00,INE1KH601014,Equity,,,,,
544473,Groww Mutual Fund,GROWWPOWER,Groww BSE Power ETF,Active,B ,10.00,INF666M01LM6,Equity,,,,,
544474,BLT Logistics Limited,BLT,BLT Logistics Ltd,Active,M ,10.00,INE0W4K01013,Equity,,,,,
544475,ESSEX MARINE LIMITED,ESSEX,Essex Marine Ltd,Active,M ,10.00,INE1IBY01019,Equity,,,,,
544476,Jeena Sikho Lifecare Limited,JSLL,Jeena Sikho Lifecare Ltd,Active,A ,2.00,INE0J5801029,Equity,,,,,
544477,Highway Infrastructure Limited,HILINFRA,Highway Infrastructure Ltd,Active,B ,5.00,INE00RL01028,Equity,,,,,
544479,ALL TIME PLASTICS LIMITED,ALLTIME,All Time Plastics Ltd,Active,B ,2.00,INE0GV601021,Equity,,,,,
544480,JSW CEMENT LIMITED,JSWCEMENT,JSW Cement Ltd,Active,A ,10.00,INE718I01012,Equity,,,,,
544482,STAR IMAGING AND PATH LAB LIMITED,STARIMAGIN,Star Imaging And Path Lab Ltd,Active,M ,10.00,INE0YG001013,Equity,,,,,
544483,ICODEX PUBLISHING SOLUTIONS LIMITED,ICODEX,Icodex Publishing Solutions Ltd,Active,M ,10.00,INE111601014,Equity,,,,,
544484,BlueStone Jewellery and Lifestyle Limited,BLUESTONE,BlueStone Jewellery and Lifestyle Ltd,Active,A ,1.00,INE304W01038,Equity,,,,,
544485,REGAAL RESOURCES LIMITED,REGAAL,Regaal Resources Ltd,Active,B ,5.00,INE0MHO01029,Equity,,,,,
544487,PATEL RETAIL LIMITED,PATELRMART,Patel Retail Ltd,Active,B ,10.00,INE0R8B01010,Equity,,,,,
544488,Vikram Solar Limited,VIKRAMSOLR,Vikram Solar Ltd,Active,A ,10.00,INE078V01014,Equity,,,,,
544489,LGT GLOBAL HOSPITALITY LIMITED,LGT,LGT Global Hospitality Ltd,Active,M ,10.00,INE191201016,Equity,,,,,
544490,Shreeji Shipping Global Limited,SHREEJISPG,Shreeji Shipping Global Ltd,Active,B ,10.00,INE1B6101010,Equity,,,,,
544491,Gem Aromatics Limited,GEMAROMA,Gem Aromatics Ltd,Active,B ,2.00,INE06XZ01023,Equity,,,,,
544492,MANGAL ELECTRICAL INDUSTRIES LIMITED,MEIL,Mangal Electrical Industries Ltd,Active,B ,10.00,INE0PKD01011,Equity,,,,,
544493,Nippon India Mutual Fund,MANUFGBEES,Nippon India Nifty India Manufacturing ETF,Active,B ,10.00,INF204KC1GH6,Equity,,,,,
544494,Globtier Infotech limited,GLOBTIER,Globtier Infotech Ltd,Active,M ,10.00,INE12P601017,Equity,,,,,
544495,NIS MANAGEMENT LIMITED,NISMGMT,NIS Management Ltd,Active,M ,10.00,INE0M3X01010,Equity,,,,,
544496,Vikran Engineering Limited,VIKRAN,Vikran Engineering Ltd,Active,B ,1.00,INE01R501028,Equity,,,,,
544497,ANLON HEALTHCARE LIMITED,AHCL,Anlon Healthcare Ltd,Active,B ,2.00,INE0Y8W01025,Equity,,,,,
544498,OVAL PROJECTS ENGINEERING LIMITED,OVAL,Oval Projects Engineering Ltd,Active,M ,10.00,INE0RTI01017,Equity,,,,,
544499,Career Point Edutech Limited,CPEDU,Career Point Edutech Ltd,Active,B ,10.00,INE0P6P01016,Equity,,,,,
544500,ABRIL PAPER TECH LIMITED,ABRIL,Abril Paper Tech Ltd,Active,M ,10.00,INE15MX01014,Equity,,,,,
544501,SUGS LLOYD LIMITED,SUGSLLOYD,Sugs Lloyd Ltd,Active,MT,10.00,INE0XX801016,Equity,,,,,
544502,Amanta Healthcare Limited,AMANTA,Amanta Healthcare Ltd,Active,T ,10.00,INE084K01015,Equity,,,,,
544503,Rachit Prints Limited,RACHIT,Rachit Prints Ltd,Active,M ,10.00,INE0ZN101029,Equity,,,,,
544504,GOEL CONSTRUCTION COMPANY LIMITED,GOELCONS,Goel Construction Company Ltd,Active,M ,10.00,INE0ZOM01013,Equity,,,,,
544505,AUSTERE SYSTEMS LIMITED,AUSTERE,Austere Systems Ltd,Active,M ,10.00,INE104201012,Equity,,,,,
544506,SHARVAYA METALS LIMITED,SHARVAYA,Sharvaya Metals Ltd,Active,MT,10.00,INE0UJF01018,Equity,,,,,
544507,Zerodha Mutual Fund,SML100CASE,Zerodha Nifty Smallcap 100 ETF,Active,B ,10.00,INF0R8F01141,Equity,,,,,
544508,VASHISHTHA LUXURY FASHION LIMITED,VASHISHTHA,Vashishtha Luxury Fashion Ltd,Active,M ,10.00,INE0WRP01016,Equity,,,,,
544509,Krupalu Metals Limited,KRUPALU,Krupalu Metals Ltd,Active,M ,10.00,INE0XZB01017,Equity,,,,,
544510,NILACHAL CARBO METALICKS LIMITED,NCML,Nilachal Carbo Metalicks Ltd,Active,M ,10.00,INE346R01013,Equity,,,,,
544511,Karbonsteel Engineering Limited,KARBON,Karbonsteel Engineering Ltd,Active,M ,10.00,INE0V8A01016,Equity,,,,,
544512,SHRINGAR HOUSE OF MANGALSUTRA LIMITED,SHRINGARMS,Shringar House of Mangalsutra Ltd,Active,B ,10.00,INE1B3L01017,Equity,,,,,
544513,Dev Accelerator Limited,DEVX,Dev Accelerator Ltd,Active,B ,2.00,INE0VOV01021,Equity,,,,,
544514,JAY AMBE SUPERMARKETS LIMITED,CITYSQUARE,Jay Ambe Supermarkets Ltd,Active,MT,10.00,INE1DRH01011,Equity,,,,,
544515,Urban Company Limited,URBANCO,Urban Company Ltd,Active,A ,1.00,INE0CAZ01013,Equity,,,,,
544516,AIRFLOA RAIL TECHNOLOGY LIMITED,AIRFLOA,Airfloa Rail Technology Ltd,Active,M ,10.00,INE0XBS01012,Equity,,,,,
544517,Shankara Buildpro Limited,BUILDPRO,Shankara Buildpro Ltd,Active,B ,10.00,INE24OJ01011,Equity,,,,,
544518,L. T. ELEVATOR LIMITED,LTELEVATOR,L. T. Elevator Ltd,Active,MT,10.00,INE0TJ801010,Equity,,,,,
544519,EURO PRATIK SALES LIMITED,EUROPRATIK,Euro Pratik Sales Ltd,Active,B ,1.00,INE198501012,Equity,,,,,
544520,SAMPAT ALUMINIUM LIMITED,SAMPAT,Sampat Aluminium Ltd,Active,MT,10.00,INE10XS01012,Equity,,,,,
544521,VMS TMT LIMITED,VMSTMT,VMS TMT Ltd,Active,B ,10.00,INE0SJA01013,Equity,,,,,
544522,A B Cotspin India Limited,ABCOTS,A B Cotspin India Ltd,Active,B ,10.00,INE08PH01015,Equity,,,,,
544523,IVALUE INFOSOLUTIONS LIMITED,IVALUE,Ivalue Infosolutions Ltd,Active,B ,2.00,INE056801025,Equity,,,,,
544524,JD CABLES LIMITED,JDCABLES,JD Cables Ltd,Active,M ,10.00,INE14VP01014,Equity,,,,,
544525,GK ENERGY LIMITED,GKENERGY,GK Energy Ltd,Active,B ,2.00,INE1AG301022,Equity,,,,,
544526,Saatvik Green Energy Limited,SAATVIKGL,Saatvik Green Energy Ltd,Active,B ,2.00,INE13B501022,Equity,,,,,
544527,Atlanta Electricals Limited,ATLANTAELE,Atlanta Electricals Ltd,Active,B ,2.00,INE0Z4F01028,Equity,,,,,
544528,Ganesh Consumer Products Limited,GANESHCP,Ganesh Consumer Products Ltd,Active,B ,10.00,INE652V01016,Equity,,,,,
544529,Aptus Pharma Limited,APPL,Aptus Pharma Ltd,Active,MT,10.00,INE15XJ01010,Equity,,,,,
544530,ANAND RATHI SHARE AND STOCK BROKERS LIMITED,ARSSBL,Anand Rathi Share And Stock Brokers Ltd,Active,B ,5.00,INE549H01021,Equity,,,,,
544531,TRUE COLORS LIMITED,TRUECOLORS,True Colors Ltd,Active,M ,10.00,INE1LDV01015,Equity,,,,,
544532,Solarworld Energy Solutions Limited,SOLARWORLD,Solarworld Energy Solutions Ltd,Active,B ,5.00,INE0TY101024,Equity,,,,,
544533,Seshaasai Technologies Limited,STYL,Seshaasai Technologies Ltd,Active,B ,10.00,INE04VU01023,Equity,,,,,
544534,Jaro Institute of Technology Management and Research Limited,JARO,Jaro Institute of Technology Management and Research Ltd,Active,B ,10.00,INE00YJ01010,Equity,,,,,
544535,BHARATROHAN AIRBORNE INNOVATIONS LIMITED,BHARATROHAN,Bharatrohan Airborne Innovations Ltd,Active,M ,10.00,INE0QMV01017,Equity,,,,,
544536,Wealth First Portfolio Managers Limited,WEALTH,Wealth First Portfolio Managers Ltd,Active,B ,10.00,INE658T01017,Equity,,,,,
544537,Jain Resource Recycling Limited,JAINREC,Jain Resource Recycling Ltd,Active,B ,2.00,INE0YD401026,Equity,,,,,
544538,PRARUH TECHNOLOGIES LIMITED,PRARUH,Praruh Technologies Ltd,Active,MT,10.00,INE0TI501017,Equity,,,,,
544539,Solvex Edibles Limited,SOLVEX,Solvex Edibles Ltd,Active,MT,10.00,INE1IIQ01028,Equity,,,,,
544540,Epack Prefab Technologies Limited,EPACKPEB,Epack Prefab Technologies Ltd,Active,B ,2.00,INE0MLS01022,Equity,,,,,
544541,SYSTEMATIC INDUSTRIES LIMITED,SYSTEMATIC,Systematic Industries Ltd,Active,M ,10.00,INE1KLZ01011,Equity,,,,,
544542,Justo Realfintech Limited,JUSTO,Justo Realfintech Ltd,Active,M ,10.00,INE0W5Q01017,Equity,,,,,
544543,BMW VENTURES LIMITED,BMWVENTLTD,BMW Ventures Ltd,Active,B ,10.00,INE965W01036,Equity,,,,,
544544,TELGE PROJECTS LIMITED,TELGE,Telge Projects Ltd,Active,MT,10.00,INE0SRP01014,Equity,,,,,
544545,TRUALT BIOENERGY LIMITED,TRUALT,Trualt Bioenergy Ltd,Active,B ,10.00,INE0MWH01014,Equity,,,,,
544546,Chatterbox Technologies Limited,CHTR,Chatterbox Technologies Ltd,Active,M ,10.00,INE1B4801017,Equity,,,,,
544547,Jinkushal Industries Limited,JKIPL,Jinkushal Industries Ltd,Active,B ,10.00,INE1FF001016,Equity,,,,,
544548,GUJARAT PEANUT AND AGRI PRODUCTS LIMITED,GPAPL,Gujarat Peanut And Agri Products Ltd,Active,M ,10.00,INE0SIK01014,Equity,,,,,
544549,EARKART LIMITED,EARKART,Earkart Ltd,Active,M ,10.00,INE1A8F01035,Equity,,,,,
544550,Pace Digitek Limited,PACEDIGITK,Pace Digitek Ltd,Active,B ,2.00,INE0S3G01027,Equity,,,,,
544551,BHAVIK ENTERPRISES LIMITED,BHAVIK,Bhavik Enterprises Ltd,Active,M ,10.00,INE18PB01017,Equity,,,,,
544552,RUKMANI DEVI GARG AGRO IMPEX LIMITED,RDGAIL,Rukmani Devi Garg Agro Impex Ltd,Active,MT,10.00,INE0S5T01017,Equity,,,,,
544553,M P K STEELS (I) LIMITED,MPKSTEELS,M P K Steels (I) Ltd,Active,M ,10.00,INE1PJP01015,Equity,,,,,
544554,KVS Castings Limited,KVSCASTING,KVS Castings Ltd,Active,MT,10.00,INE163701019,Equity,,,,,
544555,AMEENJI RUBBER LIMITED ,AMEENJI,Ameenji Rubber Ltd,Active,MT,10.00,INE14QA01016,Equity,,,,,
544556,Dhillon Freight Carrier Limited,DHILLON,Dhillon Freight Carrier Ltd,Active,M ,10.00,INE0SPJ01011,Equity,,,,,
544557,Glottis Limited,GLOTTIS,Glottis Ltd,Active,B ,2.00,INE0TQE01026,Equity,,,,,
544558,Fabtech Technologies Limited,FABTECH,Fabtech Technologies Ltd,Active,B ,10.00,INE0HF201011,Equity,,,,,
544559,OM METALLOGIC LIMITED,OML,Om Metallogic Ltd,Active,MT,10.00,INE0R8Q01018,Equity,,,,,
544560,SODHANI CAPITAL LIMITED,SODHACAP,Sodhani Capital Ltd,Active,M ,10.00,INE0QU501030,Equity,,,,,
544561,Chiraharit Limited,CHIRAHARIT,Chiraharit Ltd,Active,M ,1.00,INE12P101018,Equity,,,,,
544562,Advance Agrolife Limited,ADVANCE,Advance Agrolife Ltd,Active,B ,10.00,INE1B0W01010,Equity,,,,,
544563,Zelio E Mobility Limited,ZELIO,Zelio E Mobility Ltd,Active,MT,10.00,INE1B3501014,Equity,,,,,
544564,Om Freight Forwarders Limited,OMFREIGHT,Om Freight Forwarders Ltd,Active,T ,10.00,INE1BZC01019,Equity,,,,,
544565,Valplast Technologies Limited,VALPLAST,Valplast Technologies Ltd,Active,M ,10.00,INE0QP701017,Equity,,,,,
544566,Sunsky Logistics Limited,SUNSKY,Sunsky Logistics Ltd,Active,M ,2.00,INE10CM01027,Equity,,,,,
544567,Infinity Infoway Limited,INFINITY,Infinity Infoway Ltd,Active,M ,10.00,INE16XA01017,Equity,,,,,
544568,DSM Fresh Foods Limited,ZAPPFRESH,DSM Fresh Foods Ltd,Active,M ,10.00,INE0SUM01015,Equity,,,,,
544569,Tata Motors Limited,TMCV,Tata Motors Ltd,Active,B ,2.00,INE1TAE01010,Equity,,,,,
544570,WeWork India Management Limited,WEWORK,WeWork India Management Ltd,Active,B ,10.00,INE085001019,Equity,,,,,
544571,NSB BPO Solutions Limited,NSBBPO,NSB BPO Solutions Ltd,Active,M ,10.00,INE0SLP01017,Equity,,,,,
544572,SKF INDIA (INDUSTRIAL) LIMITED,SKFINDUS,SKF India (Industrial) Ltd,Active,B ,10.00,INE2J8701016,Equity,,,,,
544574,Tata Capital Limited,TATACAP,Tata Capital Ltd,Active,A ,10.00,INE976I01016,Equity,,,,,
544575,Mittal Sections Limited,MITTALSTL,Mittal Sections Ltd,Active,M ,10.00,INE833Q01012,Equity,,,,,
544576,LG Electronics India Limited,LGEINDIA,LG Electronics India Ltd,Active,B ,10.00,INE324D01010,Equity,,,,,
544577,Worth Peripherals Limited,WORTHPERI,Worth Peripherals Ltd,Active,B ,10.00,INE196Y01018,Equity,,,,,
544578,RUBICON RESEARCH LIMITED,RUBICON,Rubicon Research Ltd,Active,B ,1.00,INE506V01022,Equity,,,,,
544580,Canara Robeco Asset Management Company Limited,CRAMC,Canara Robeco Asset Management Company Ltd,Active,B ,10.00,INE218I01013,Equity,,,,,
544581,DSP Mutual Fund,FLEXIADD,DSP Nifty500 Flexicap Quality 30 ETF,Active,B ,10.00,INF740KA1WU9,Equity,,,,,
544582,SHLOKKA DYES LIMITED,SHLOKKA,Shlokka Dyes Ltd,Active,M ,10.00,INE1EUB01016,Equity,,,,,
544583,Canara HSBC Life Insurance Company Limited,CANHLIFE,Canara HSBC Life Insurance Company Ltd,Active,B ,10.00,INE01TY01017,Equity,,,,,
544584,SK Minerals & Additives Limited,SKM,SK Minerals & Additives Ltd,Active,MT,10.00,INE13YH01017,Equity,,,,,
544585,SIHORA INDUSTRIES LIMITED,SIHORA,Sihora Industries Ltd,Active,M ,10.00,INE0SFA01011,Equity,,,,,
544586,Zerodha Mutual Fund,NIFTYCASE,Zerodha Nifty 50 ETF,Active,B ,10.00,INF0R8F01166,Equity,,,,,
544587,Midwest Limited,MIDWESTLTD,Midwest Ltd,Active,B ,5.00,INE0XAD01024,Equity,,,,,
544588,SBI Mutual Fund,MHLSRG,SBI Mutual Fund,Active,B ,10.00,INF200K30015,Equity,,,,,
544589,SBI Mutual Fund,MHLSRD,SBI Mutual Fund,Active,B ,10.00,INF200K30023,Equity,,,,,
544590,SBI Mutual Fund,MHLSRDR,SBI Mutual Fund,Active,B ,10.00,INF200K30031,Equity,,,,,
544591,SBI Mutual Fund,MHLSDG,SBI Mutual Fund,Active,B ,10.00,INF200K30049,Equity,,,,,
544592,SBI Mutual Fund,MHLSDD,SBI Mutual Fund,Active,B ,10.00,INF200K30056,Equity,,,,,
544593,SBI Mutual Fund,MHLSDDR,SBI Mutual Fund,Active,B ,10.00,INF200K30064,Equity,,,,,
544594,GAME CHANGERS TEXFAB LIMITED,TRADEUNO,Game Changers Texfab Ltd,Active,M ,10.00,INE1GUJ01014,Equity,,,,,
544595,Orkla India Limited,ORKLAINDIA,Orkla India Ltd,Active,B ,1.00,INE16NZ01023,Equity,,,,,
544596,Safecure Services Limited,SAFECURE,Safecure Services Ltd,Active,M ,10.00,INE0SVZ01015,Equity,,,,,
544597,Piramal Finance Limited,PIRAMALFIN,Piramal Finance Ltd,Active,B ,2.00,INE202B01038,Equity,,,,,
544598,Accuracy Shipping Limited,ACCURACY,Accuracy Shipping Ltd,Active,T ,1.00,INE648Z01023,Equity,,,,,
544599,Studds Accessories Limited,STUDDS,Studds Accessories Ltd,Active,B ,5.00,INE00Q601028,Equity,,,,,
544600,Lenskart Solutions Limited,LENSKART,Lenskart Solutions Ltd,Active,B ,2.00,INE956O01016,Equity,,,,,
544602,Allcargo Global Limited,AGL,Allcargo Global Ltd,Active,B ,2.00,INE1YPB01014,Equity,,,,,
544603,Billionbrains Garage Ventures Limited,GROWW,Billionbrains Garage Ventures Ltd,Active,B ,2.00,INE0HOQ01053,Equity,,,,,
544604,Mirae Asset Mutual Fund,ENERGY,Mirae Asset Nifty Energy ETF,Active,B ,10.00,INF769K01PR2,Equity,,,,,
544605,Mirae Asset Mutual Fund,SMALL250,Mirae Asset Nifty Smallcap 250 ETF,Active,B ,10.00,INF769K01PQ4,Equity,,,,,
544606,Pine Labs Limited,PINELABS,Pine Labs Ltd,Active,B ,1.00,INE15B701018,Equity,,,,,
544607,SHINING TOOLS LIMITED,SHTL,Shining Tools Ltd,Active,M ,10.00,INE0D8001018,Equity,,,,,
544608,Emmvee Photovoltaic Power Limited,EMMVEE,Emmvee Photovoltaic Power Ltd,Active,B ,2.00,INE1C6T01020,Equity,,,,,
544609,Physicswallah Limited,PWL,Physicswallah Ltd,Active,B ,1.00,INE0LP301011,Equity,,,,,
544610,WORKMATES CORE2CLOUD SOLUTION LIMITED,WORKMATES,Workmates Core2Cloud Solution Ltd,Active,M ,10.00,INE1I1301016,Equity,,,,,
544611,MAHAMAYA LIFESCIENCES LIMITED,MAHALIFE,Mahamaya Lifesciences Ltd,Active,M ,10.00,INE0U9D01019,Equity,,,,,
544612,Tenneco Clean Air India Limited,TENNIND,Tenneco Clean Air India Ltd,Active,B ,10.00,INE19RI01016,Equity,,,,,
544613,Fujiyama Power Systems Limited,UTLSOLAR,Fujiyama Power Systems Ltd,Active,B ,1.00,INE12UR01024,Equity,,,,,
544614,Capillary Technologies India Limited,CAPILLARY,Capillary Technologies India Ltd,Active,B ,2.00,INE0ILV01024,Equity,,,,,
544615,KSR Footwear Limited,KSR,KSR Footwear Ltd,Active,T ,10.00,INE1SPP01016,Equity,,,,,
544616,Gallard Steel Limited,GALLARD,Gallard Steel Ltd,Active,M ,10.00,INE0BUQ01012,Equity,,,,,
544617,Excelsoft Technologies Limited,EXCELSOFT,Excelsoft Technologies Ltd,Active,B ,10.00,INE606N01019,Equity,,,,,
544618,Edelweiss Mutual Fund,ESENSEX,Edelweiss BSE Sensex ETF,Active,B ,10.00,INF754K01VY8,Equity,,,,,
544619,Sudeep Pharma Limited,SUDEEPPHRM,Sudeep Pharma Ltd,Active,B ,1.00,INE0QPI01025,Equity,,,,,
544620,DSP Mutual Fund,MSCIADD,MSCIADD,Active,B ,10.00,INF740KA1WV7,Equity,,,,,
544621,SSMD AGROTECH INDIA LIMITED,SSMD,SSMD Agrotech India Ltd,Active,M ,10.00,INE1U2R01013,Equity,,,,,
544622,Kwality Wall’s (India) Limited,KWIL,Kwality Walls (India) Ltd,Active,B ,1.00,INE2KCE01013,Equity,,,,,
544623,Mother Nutri Foods Limited,MNFL,Mother Nutri Foods Ltd,Active,M ,10.00,INE0UH001016,Equity,,,,,
544624,K K SILK MILLS LIMITED,KKSILK,K K Silk Mills Ltd,Active,M ,10.00,INE0EOJ01014,Equity,,,,,
544625,Logiciel Solutions Limited,LOGICIEL,Logiciel Solutions Ltd,Active,M ,10.00,INE1BA901016,Equity,,,,,
544626,EXATO TECHNOLOGIES LIMITED,EXATO,Exato Technologies Ltd,Active,MT,10.00,INE1E4401010,Equity,,,,,
544627,PURPLE WAVE INFOCOM LIMITED,PURPLEWAVE,Purple Wave Infocom Ltd,Active,MT,10.00,INE0VDK01019,Equity,,,,,
544628,Astron Multigrain Limited,ASTRONMULT,Astron Multigrain Ltd,Active,M ,10.00,INE0RUY01012,Equity,,,,,
544629,Ravelcare Limited,RAVEL,Ravelcare Ltd,Active,M ,10.00,INE0W4D01018,Equity,,,,,
544630,HELLOJI HOLIDAYS LIMITED,HELLOJI,Helloji Holidays Ltd,Active,M ,10.00,INE1FJE01010,Equity,,,,,
544631,CREATIVE NEWTECH LIMITED,CNL,Creative Newtech Ltd,Active,B ,10.00,INE985W01018,Equity,,,,,
544632,Meesho Limited,MEESHO,Meesho Ltd,Active,B ,1.00,INE0VDM01015,Equity,,,,,
544633,VIDYA WIRES LIMITED,VIDYAWIRES,Vidya Wires Ltd,Active,B ,1.00,INE14UN01029,Equity,,,,,
544634,Aequs Limited,AEQUS,Aequs Ltd,Active,B ,10.00,INE947N01017,Equity,,,,,
544635,Luxury Time Limited,LUXURY,Luxury Time Ltd,Active,M ,10.00,INE1CJB01013,Equity,,,,,
544636,Western Overseas Study Abroad Limited,WOSAL,Western Overseas Study Abroad Ltd,Active,M ,10.00,INE1MF401019,Equity,,,,,
544637,Methodhub Software Limited,METHODHUB,Methodhub Software Ltd,Active,M ,10.00,INE0QZR01017,Equity,,,,,
544640,Riddhi Display Equipments Limited,RDEL,Riddhi Display Equipments Ltd,Active,M ,10.00,INE1DKT01011,Equity,,,,,
544641,K. V. TOYS INDIA LIMITED,KVTOYS,K. V. Toys India Ltd,Active,M ,10.00,INE1IE301018,Equity,,,,,
544642,Wakefit Innovations Limited,WAKEFIT,Wakefit Innovations Ltd,Active,B ,1.00,INE0E7301029,Equity,,,,,
544643,PRODOCS SOLUTIONS LIMITED,PRODOCS,Prodocs Solutions Ltd,Active,M ,10.00,INE10XK01019,Equity,,,,,
544644,Corona Remedies Limited ,CORONA,Corona Remedies Ltd,Active,B ,10.00,INE02ZQ01018,Equity,,,,,
544645,PARK MEDI WORLD LIMITED,PARKHOSPS,Park Medi World Ltd,Active,B ,2.00,INE119201023,Equity,,,,,
544646,Shipwaves Online Limited,SHIPWAVES,Shipwaves Online Ltd,Active,M ,1.00,INE0O9L01010,Equity,,,,,
544647,Nephrocare Health Services Limited,NEPHROPLUS,Nephrocare Health Services Ltd,Active,B ,2.00,INE428V01029,Equity,,,,,
544648,UNISEM AGRITECH LIMITED,UNISEM,Unisem Agritech Ltd,Active,M ,5.00,INE1FHV01026,Equity,,,,,
544649,Tata Mutual Fund,TSIFDG,Titanium Hybrid Long-Short Fund Direct Plan Growth,Active,B ,10.00,INF277K30047,Equity,,,,,
544650,Tata Mutual Fund,TSIFDIR,Titanium Hybrid Long-Short Fund Direct Plan IDCW Reinvestment,Active,B ,10.00,INF277K30054,Equity,,,,,
544651,Tata Mutual Fund,TSIFRG,Titanium Hybrid Long-Short Fund Regular Plan Growth,Active,B ,10.00,INF277K30013,Equity,,,,,
544652,Tata Mutual Fund,TSIFRIP,Titanium Hybrid Long-Short Fund Regular Plan IDCW Payout,Active,B ,10.00,INF277K30039,Equity,,,,,
544653,Tata Mutual Fund,TSIFRIR,Titanium Hybrid Long-Short Fund Regular Plan IDCW Reinvestment,Active,B ,10.00,INF277K30021,Equity,,,,,
544654,DSP Mutual Fund,SMALLADD,DSP Nifty Smallcap 250 ETF,Active,B ,10.00,INF740KA1WX3,Equity,,,,,
544655,DSP Mutual Fund,MIDCAPADD,DSP Nifty Midcap 150 ETF,Active,B ,10.00,INF740KA1WW5,Equity,,,,,
544656,HRS ALUGLAZE LIMITED,HRS,HRS Aluglaze Ltd,Active,M ,10.00,INE1E1V01017,Equity,,,,,
544657,Pajson Agro India Limited,PAJSON,Pajson Agro India Ltd,Active,M ,10.00,INE14LM01012,Equity,,,,,
544658,ICICI Prudential Asset Management Company Limited,ICICIAMC,ICICI Prudential Asset Management Company Ltd,Active,A ,1.00,INE346A01027,Equity,,,,,
544659,STANBIK AGRO LIMITED,STANBIK,Stanbik Agro Ltd,Active,M ,10.00,INE16QA01011,Equity,,,,,
544660,Mirae Asset Mutual Fund,TOP20,Mirae Asset Nifty Top 20 Equal Weight ETF,Active,B ,10.00,INF769K01PZ5,Equity,,,,,
544661,Mirae Asset Mutual Fund,DIVIDEND,Mirae Asset BSE 500 Dividend Leaders 50 ETF,Active,B ,10.00,INF769K01PY8,Equity,,,,,
544662,SIMANDHAR IMPEX LIMITED,SIMANDHAR,Simandhar Impex Ltd,Active,X ,10.00,INE0VI201010,Equity,,,,,
544663,NEPTUNE LOGITEK LIMITED,NEPLOG,Neptune Logitek Ltd,Active,M ,10.00,INE1NQ501012,Equity,,,,,
544664,KSH INTERNATIONAL LIMITED,KSHINTL,KSH International Ltd,Active,B ,5.00,INE987S01020,Equity,,,,,
544665,Global Ocean Logistics India Limited,GLOBALLOG,Global Ocean Logistics India Ltd,Active,M ,10.00,INE1ITY01011,Equity,,,,,
544666,GUJARAT KIDNEY AND SUPER SPECIALITY LIMITED,GKSL,Gujarat Kidney and Super Speciality Ltd,Active,B ,2.00,INE0V0W01025,Equity,,,,,
544667,Dachepalli Publishers Limited,DACHEPALLI,Dachepalli Publishers Ltd,Active,M ,10.00,INE1F9M01018,Equity,,,,,
544668,NANTA TECH LIMITED,NANTA,Nanta Tech Ltd,Active,M ,10.00,INE0YJA01011,Equity,,,,,
544669,ADMACH SYSTEMS LIMITED,ADMACH,Admach Systems Ltd,Active,MT,10.00,INE0XLO01010,Equity,,,,,
544670,BAI-KAKAJI POLYMERS LIMITED,BAIKAKAJI,Bai-Kakaji Polymers Ltd,Active,MT,10.00,INE1IJQ01026,Equity,,,,,
544671,APOLLO TECHNO INDUSTRIES LIMITED,ATIL,Apollo Techno Industries Ltd,Active,M ,10.00,INE0X4A01013,Equity,,,,,
544673,MODERN DIAGNOSTIC & RESEARCH CENTRE LIMITED,MDRC,Modern Diagnostic & Research Centre Ltd,Active,M ,10.00,INE1HK501016,Equity,,,,,
544674,DSP Mutual Fund,NEXT50ADD,DSP Nifty Next 50 ETF,Active,B ,10.00,INF740KA1XU7,Equity,,,,,
544675,Gabion Technologies India Limited,GTIL,Gabion Technologies India Ltd,Active,MT,10.00,INE1H1501013,Equity,,,,,
544676,YAJUR FIBRES LIMITED,YAJUR,Yajur Fibres Ltd,Active,MT,10.00,INE0CNJ01010,Equity,,,,,
544677,Defrail Technologies Limited,DEFRAIL,Defrail Technologies Ltd,Active,M ,10.00,INE0ZE201010,Equity,,,,,
544678,BHARAT COKING COAL LIMITED,BHARATCOAL,Bharat Coking Coal Ltd,Active,B ,10.00,INE05XR01022,Equity,,,,,
544679,Amagi Media Labs Limited,AMAGI,Amagi Media Labs Ltd,Active,B ,5.00,INE121R01077,Equity,,,,,
544680,Narmadesh Brass Industries Limited,NARMADESH,Narmadesh Brass Industries Ltd,Active,M ,10.00,INE0S1B01014,Equity,,,,,
544681,INDO SMC Limited,INDOSMC,INDO SMC Ltd,Active,M ,10.00,INE0WKY01013,Equity,,,,,
544682,GRE Renew Enertech Limited,GRERENEW,GRE Renew Enertech Ltd,Active,M ,10.00,INE0U8P01015,Equity,,,,,
544683,Aritas Vinyl Limited,ARITAS,Aritas Vinyl Ltd,Active,M ,10.00,INE1D8001016,Equity,,,,,
544684,DIGILOGIC SYSTEMS LIMITED,DIGILOGIC,Digilogic Systems Ltd,Active,MT,2.00,INE1OOT01028,Equity,,,,,
544685,SHADOWFAX TECHNOLOGIES LIMITED,SHADOWFAX,Shadowfax Technologies Ltd,Active,B ,10.00,INE12UN01015,Equity,,,,,
544686,SHAYONA ENGINEERING LIMITED,SHAYONAENG,Shayona Engineering Ltd,Active,M ,10.00,INE0UCL01011,Equity,,,,,
544687,Hannah Joseph Hospital Limited,HANNAH,Hannah Joseph Hospital Ltd,Active,M ,10.00,INE0JVH01012,Equity,,,,,
544688,KASTURI METAL COMPOSITE LIMITED,KASTURI,Kasturi Metal Composite Ltd,Active,M ,10.00,INE0T1301023,Equity,,,,,
544689,Bandhan Mutual Fund,ARSIFHRG,Arudha Hybrid Long- Short Fund Regular Plan-Growth,Active,B ,10.00,INF194K30010,Equity,,,,,
544690,Bandhan Mutual Fund,ARSIFHRMD,Arudha Hybrid Long- Short Fund Regular Plan-Monthly IDCW,Active,B ,10.00,INF194K30051,Equity,,,,,
544691,Bandhan Mutual Fund,ARSIFHDG,Arudha Hybrid Long- Short Fund Direct Plan-Growth,Active,B ,10.00,INF194K30184,Equity,,,,,
544692,Bandhan Mutual Fund,ARSIFHRHD,Arudha Hybrid Long- Short Fund Direct Plan-Half yearly IDCW,Active,B ,10.00,INF194K30242,Equity,,,,,
544693,KANISHK ALUMINIUM INDIA LIMITED,KANISHK,Kanishk Aluminium India Ltd,Active,M ,10.00,INE163401016,Equity,,,,,
544694,Accretion Nutraveda Limited,ANL,Accretion Nutraveda Ltd,Active,M ,10.00,INE1KVQ01019,Equity,,,,,
544695,Msafe Equipments Limited,MSAFE,Msafe Equipments Ltd,Active,MT,10.00,INE2B5L01011,Equity,,,,,
544696,ICICI Prudential Mutual Fund,ISIFHLSG,iSIF Hybrid Long-Short Fund - Growth,Active,B ,10.00,INF109K30018,Equity,,,,,
544697,ICICI Prudential Mutual Fund,ISIFHLSDG,iSIF Hybrid Long-Short Fund - Direct Plan - Growth,Active,B ,10.00,INF109K30026,Equity,,,,,
544698,PAN HR SOLUTION LIMITED,PANHR,PAN HR Solution Ltd,Active,M ,10.00,INE1N9E01015,Equity,,,,,
544699,Aye Finance Limited,AYE,Aye Finance Ltd,Active,B ,2.00,INE501X01029,Equity,,,,,
544700,Fractal Analytics Limited,FRACTAL,Fractal Analytics Ltd,Active,B ,1.00,INE212S01015,Equity,,,,,
544701,Mirae Asset Mutual Fund,HEALTHCARE,Mirae Asset Nifty 500 Healthcare ETF,Active,B ,10.00,INF769K01QA6,Equity,,,,,
544702,DCM SHRIRAM INTERNATIONAL LIMITED,DCMSIL,DCM Shriram International Ltd,Active,B ,2.00,INE0OU201013,Equity,,,,,
544703,DCM SHRIRAM FINE CHEMICALS LIMITED,DSFCL,DCM Shriram Fine Chemicals Ltd,Active,B ,2.00,INE0OFM01015,Equity,,,,,
544704,Mirae Asset Mutual Fund,INFRA,Mirae Asset Nifty India Infrastructure & LogisticsETF,Active,B ,10.00,INF769K01QB4,Equity,,,,,
544705,Mirae Asset Mutual Fund,DEFENCE,Mirae Asset BSE India Defence ETF,Active,B ,10.00,INF769K01QC2,Equity,,,,,
544706,Aditya Birla Sun Life Mutual Fund,ABSLMSCIN,Aditya Birla Sun Life MSCI India ETF,Active,B ,10.00,INF209KC1662,Equity,,,,,
544707,Fractal Industries Limited,FIL,Fractal Industries Ltd,Active,M ,10.00,INE1W3Q01011,Equity,,,,,
544708,Yashhtej Industries (India) Limited,YASHHTEJ,Yashhtej Industries (India) Ltd,Active,M ,10.00,INE1O6P01016,Equity,,,,,
544709,Gaudium IVF and Women Health Limited,GAUDIUMIVF,Gaudium IVF and Women Health Ltd,Active,B ,5.00,INE0P8B01020,Equity,,,,,
544710,ACCORD TRANSFORMER & SWITCHGEAR LIMITED,ACCORDTS,Accord Transformer & Switchgear Ltd,Active,M ,10.00,INE132201018,Equity,,,,,
544711,KIAASA RETAIL LIMITED,KIAASA,Kiaasa Retail Ltd,Active,M ,10.00,INE1C3F01018,Equity,,,,,
544716,SHREE RAM TWISTEX LIMITED,SRTL,Shree Ram Twistex Ltd,Active,B ,10.00,INE19GK01015,Equity,,,,,
544717,Clean Max Enviro Energy Solutions Limited,CLEANMAX,Clean Max Enviro Energy Solutions Ltd,Active,B ,1.00,INE647U01026,Equity,,,,,
544718,PNGS Reva Diamond Jewellery Limited,PNGSREVA,PNGS Reva Diamond Jewellery Ltd,Active,B ,10.00,INE1RDG01013,Equity,,,,,
544719,Aditya Birla Sun Life Mutual Fund,ABSL10BANK,Aditya Birla Sun Life BSE Top 10 Banks ETF,Active,B ,10.00,INF209KC1670,Equity,,,,,
544720,Omnitech Engineering Limited,OMNI,Omnitech Engineering Ltd,Active,B ,5.00,INE0UH301010,Equity,,,,,
544721,Groww Mutual Fund,GROWWHOSPI,Groww BSE Hospitals ETF,Active,B ,10.00,INF666M01OD9,Equity,,,,,
544722,SBI Mutual Fund,SBIMIDMOM,SBI Nifty Midcap 150 Momentum 50 ETF,Active,B ,10.00,INF200KB1AJ0,Equity,,,,,
544723,SEDEMAC MECHATRONICS LIMITED,SEDEMAC,Sedemac Mechatronics Ltd,Active,B ,10.00,INE00XB01019,Equity,,,,,
544724,Elfin Agro India Limited,ELFIN,Elfin Agro India Ltd,Active,M ,5.00,INE1FEW01013,Equity,,,,,
544725,DSP Mutual Fund,BANK10ADD,DSP BSE Top 10 Banks ETF,Active,B ,10.00,INF740KA1YH2,Equity,,,,,
544726,Kotyark Industries Limited,KOTYARK,Kotyark Industries Ltd,Active,T ,10.00,INE0J0B01017,Equity,,,,,
544731,RAJPUTANA STAINLESS LIMITED,RSL,Rajputana Stainless Ltd,Active,B ,10.00,INE313L01016,Equity,,,,,
544732,Innovision Limited,INNOVISION,Innovision Ltd,Active,B ,10.00,INE0ADB01012,Equity,,,,,
544733,GSP CROP SCIENCE LIMITED,GSPCROP,GSP Crop Science Ltd,Active,B ,10.00,INE713R01022,Equity,,,,,
544735,Novus Loyalty Limited,NOVUS,Novus Loyalty Ltd,Active,M ,10.00,INE1TFS01019,Equity,,,,,
544737,Mirae Asset Mutual Fund,VALUE,Mirae Asset Nifty 500 Value 50 ETF,Active,B ,10.00,INF769K01QV2,Equity,,,,,
544738,SPECIALITY MEDICINES LIMITED,SPML,Speciality Medicines Ltd,Active,M ,10.00,INE0R0M01014,Equity,,,,,
544739,Central Mine Planning & Design Institute Limited,CMPDI,Central Mine Planning & Design Institute Ltd,Active,B ,2.00,INE05HV01027,Equity,,,,,
544740,Tipco Engineering India Limited,TIPCO,Tipco Engineering India Ltd,Active,MT,10.00,INE1U6D01014,Equity,,,,,
544741,Highness Microelectronics Limited,HIGHNESS,Highness Microelectronics Ltd,Active,MT,10.00,INE1KI801019,Equity,,,,,
544742,Sai Parenteral's Limited,SAIPARENT,Sai Parenterals Ltd,Active,B ,5.00,INE0H9F01037,Equity,,,,,
544743,Amir Chand Jagdish Kumar (Exports) Limited,AEROPLANE,Amir Chand Jagdish Kumar (Exports) Ltd,Active,B ,10.00,INE05TO01019,Equity,,,,,
544744,Powerica Ltd.,POWERICA,Powerica Ltd,Active,B ,5.00,INE921L01032,Equity,,,,,
544745,SBI Mutual Fund,SBINMID150,SBI Nifty Midcap 150 ETF,Active,B ,10.00,INF200KB1AK8,Equity,,,,,
544746,SAFETY CONTROLS & DEVICES LIMITED,SCDL,Safety Controls & Devices Ltd,Active,M ,10.00,INE0UMH01018,Equity,,,,,
544747,EMIAC TECHNOLOGIES LIMITED,EMIAC,Emiac Technologies Ltd,Active,M ,10.00,INE1OSW01015,Equity,,,,,
544748,ONE POINT ONE SOLUTIONS LIMITED,ONEPOINT,One Point One Solutions Ltd,Active,B ,2.00,INE840Y01029,Equity,,,,,
544749,Bandhan Mutual Fund,ARSIFHDAD,Arudha Hybrid Long- Short Fund Direct Plan-Annual IDCW,Active,B ,10.00,INF194K30259,Equity,,,,,
544750,OM POWER TRANSMISSION LIMITED,OMPOWER,Om Power Transmission Ltd,Active,B ,10.00,INE25E901019,Equity,,,,,
544751,MEHUL TELECOM LIMITED,MTL,Mehul Telecom Ltd,Active,M ,10.00,INE1K0V01011,Equity,,,,,
544754,OnEMI Technology Solutions Limited,KISSHT,OnEMI Technology Solutions Ltd,Active,B ,1.00,INE12F801023,Equity,,,,,
544755,RECODE STUDIOS LIMITED,RECODE,Recode Studios Ltd,Active,MT,10.00,INE2B6701015,Equity,,,,,
544756,United Polyfab Gujarat Limited,UNITEDPOLY,United Polyfab Gujarat Ltd,Active,B ,1.00,INE368U01029,Equity,,,,,
544757,BOMBAY SUPER HYBRID SEEDS LIMITED,BSHSL,Bombay Super Hybrid Seeds Ltd,Active,B ,1.00,INE032Z01020,Equity,,,,,
544759,GOLDLINE PHARMACEUTICAL LIMITED,GLPL,Goldline Pharmaceutical Ltd,Active,M ,10.00,INE1CLW01015,Equity,,,,,
544760,DSP Mutual Fund,FMCGADD,DSP Nifty FMCG ETF,Active,B ,10.00,INF740KA1ZA4,Equity,,,,,
544761,Edelweiss Mutual Fund,ENEXT50,Edelweiss Nifty Next 50 ETF,Active,B ,10.00,INF754K01XF3,Equity,,,,,
544762,SBI Mutual Fund,SBIVALETF,SBI Nifty200 Value 30 ETF,Active,B ,10.00,INF200KB1AX1,Equity,,,,,
544763,SBI Mutual Fund,SBISMLETF,SBI Nifty Smallcap 250 ETF,Active,B ,10.00,INF200KB1AY9,Equity,,,,,
544764,Mangalam Worldwide Limited,MWL,Mangalam Worldwide Ltd,Active,B ,1.00,INE0JYY01029,Equity,,,,,
544765,Vegorama Punjabi Angithi Limited,VPAL,Vegorama Punjabi Angithi Ltd,Active,MT,10.00,INE1L3801017,Equity,,,,,
544766,360 ONE Mutual Fund,MSCI360,360 ONE MSCI India ETF,Active,B ,10.00,INF579M01BP5,Equity,,,,,
544767,Autofurnish Limited,AFLTD,Autofurnish Ltd,Active,MT,10.00,INE18HI01019,Equity,,,,,
544768,M.R.MANIVENI FOODS LIMITED,MANIVENI,M.R.Maniveni Foods Ltd,Active,M ,10.00,INE0YD301010,Equity,,,,,
544769,HARIKANTA OVERSEAS LIMITED,HARIKANTA,Harikanta Overseas Ltd,Active,M ,10.00,INE1UYW01010,Equity,,,,,
544770,YAASHVI JEWELLERS LIMITED,YAASHVI,Yaashvi Jewellers Ltd,Active,M ,10.00,INE1T6L01010,Equity,,,,,
544771,Rajnandini Fashion India Limited,RFIL,Rajnandini Fashion India Ltd,Active,M ,10.00,INE1GM501015,Equity,,,,,
544772,AUREATE TRADDE LIMITED,AUREATE,Aureate Tradde Ltd,Active,M ,10.00,INE1KVL01010,Equity,,,,,
544773,Merritronix Limited,MRTX,Merritronix Ltd,Active,M ,10.00,INE1RQS01010,Equity,,,,,
544774,SMR Jewels Limited,SMR,SMR Jewels Ltd,Active,M ,10.00,INE11XK01017,Equity,,,,,
544775,ICICI Prudential Mutual Fund,ISIFAAFG,iSIF Active Asset Allocator Long-Short Fund - Growth,Active,B ,10.00,INF109K30059,Equity,,,,,
544776,ICICI Prudential Mutual Fund,ISIFAAFDG,iSIF Active Asset Allocator Long-Short Fund - Direct Plan - Growth,Active,B ,10.00,INF109K30067,Equity,,,,,
544777,CMR Green Technologies Limited,CMRGREEN,CMR Green Technologies Ltd,Active,B ,2.00,INE00WV01027,Equity,,,,,
544778,Vahh Chemicals Limited,VAHH,Vahh Chemicals Ltd,Active,M ,10.00,INE0H3U01013,Equity,,,,,
544779,UHM Vacation Limited,UHMVL,UHM Vacation Ltd,Active,M ,10.00,INE0YZ901011,Equity,,,,,
544780,Vedanta Aluminium Metal Limited,VAML,Vedanta Aluminium Metal Ltd,Active,B ,1.00,INE1CDF01017,Equity,,,,,
544781,Vedanta Power Limited,VEDPOWER,Vedanta Power Ltd,Active,B ,10.00,INE694L01019,Equity,,,,,
544782,Vedanta Oil and Gas Limited,VOGL,Vedanta Oil and Gas Ltd,Active,B ,1.00,INE704J01044,Equity,,,,,
544783,E2E Networks Limited,E2E,E2E Networks Ltd,Active,T ,1.00,INE255Z01027,Equity,,,,,
544784,Vedanta Iron and Steel Limited,VISL,Vedanta Iron And Steel Ltd,Active,B ,1.00,INE1CLE01013,Equity,,,,,
544785,Hexagon Nutrition Limited,HEXAGON,Hexagon Nutrition Ltd,Active,T ,1.00,INE0JUI01012,Equity,,,,,
544786,Schneider Electric President Systems Ltd,SELECTRIC,Schneider Electric President Systems Ltd,Active,B ,10.00,INE155D01018,Equity,,,,,
544787,Mirae Asset Mutual Fund,PHLSRG,Platinum Hybrid Long-Short Fund- Regular plan growth,Active,B ,10.00,INF769K30019,Equity,,,,,
544788,Mirae Asset Mutual Fund,PHLSRDI,Platinum Hybrid Long-Short Fund- Regular plan IDCW reinvestments,Active,B ,10.00,INF769K30027,Equity,,,,,
544789,Mirae Asset Mutual Fund,PHLSRDP,Platinum Hybrid Long-Short Fund – Regular plan IDCW payout,Active,B ,10.00,INF769K30035,Equity,,,,,
544790,Mirae Asset Mutual Fund,PHLSDG,Platinum Hybrid Long-Short Fund – Direct Plan growth,Active,B ,10.00,INF769K30043,Equity,,,,,
544791,Mirae Asset Mutual Fund,PHLSDDI,Platinum Hybrid Long-Short Fund – Direct Plan IDCW reinvestments,Active,B ,10.00,INF769K30050,Equity,,,,,
544792,Mirae Asset Mutual Fund,PHLSDDP,Platinum Hybrid Long-Short Fund – Direct Plan IDCW payout,Active,B ,10.00,INF769K30068,Equity,,,,,
544793,Susan Electricals India Limited,SUSAN,Susan Electricals India Ltd,Active,MT,10.00,INE2L0V01019,Equity,,,,,
544794,HORIZON RECLAIM (INDIA) LIMITED,HORIZON,Horizon Reclaim (India) Ltd,Active,M ,10.00,INE1SEO01013,Equity,,,,,
544795,ICICI Prudential Mutual Fund,SMALLIETF,ICICI Prudential Nifty Smallcap 250 ETF,Active,B ,10.00,INF109K1A476,Equity,,,,,
544796,LIOTECH INDUSTRIES LIMITED,LIOTECH,Liotech Industries Ltd,Active,M ,10.00,INE0TKX01011,Equity,,,,,
544797,LEAPFROG ENGINEERING SERVICES LIMITED,LESL,Leapfrog Engineering Services Ltd,Active,M ,1.00,INE0X6O01027,Equity,,,,,
544798,DIKSHA POLYMERS LIMITED,DIKSHA,Diksha Polymers Ltd,Active,MT,10.00,INE1OSI01014,Equity,,,,,
544799,Turtlemint Fintech Solutions Limited,TURTLEMINT,Turtlemint Fintech Solutions Ltd,Active,B ,1.00,INE0OC301013,Equity,,,,,
544800,ANUBHAV PLAST LIMITED,ANUBHAV,Anubhav Plast Ltd,Active,M ,10.00,INE1O7201010,Equity,,,,,
544802,Waterways Leisure Tourism Limited,CORDELIA,Waterways Leisure Tourism Ltd,Active,B ,1.00,INE0LZF01039,Equity,,,,,
544803,Advit Jewels Limited,RAMBHAJO,Advit Jewels Ltd,Active,B ,10.00,INE1SJO01012,Equity,,,,,
544804,Riyaasat Lifestyle Limited,RIYAASAT,Riyaasat Lifestyle Ltd,Active,M ,10.00,INE0KYI01012,Equity,,,,,
544805,Jivial Industries Limited,JIVIAL,Jivial Industries Ltd,Active,M ,10.00,INE0V3T01017,Equity,,,,,
544806,CSM TECHNOLOGIES LIMITED,CSM,CSM Technologies Ltd,Active,B ,10.00,INE0ZK601013,Equity,,,,,
544807,CRAZY SNACKS LIMITED,CRAZY,Crazy Snacks Ltd,Active,M ,10.00,INE0RBX01014,Equity,,,,,
544808,AASTHA SPINTEX LIMITED,AASTHA,Aastha Spintex Ltd,Active,B ,10.00,INE2FMX01012,Equity,,,,,
544809,ADON AGRO COMMODITIES LIMITED,ADON,Adon Agro Commodities Ltd,Active,M ,10.00,INE1SME01017,Equity,,,,,
544810,Sampark India Logistics Limited,SILL,Sampark India Logistics Ltd,Active,M ,10.00,INE147701010,Equity,,,,,
544811,KRATIKAL TECH LIMITED,KRATIKAL,Kratikal Tech Ltd,Active,M ,10.00,INE1L0M01019,Equity,,,,,
544812,Atharva Poly-Plast Limited,ATHARVA,Atharva Poly-Plast Ltd,Active,M ,10.00,INE226801012,Equity,,,,,
544813,Seemax Resources Limited,SEEMAX,Seemax Resources Ltd,Active,M ,10.00,INE1EVO01017,Equity,,,,,
544814,KNACK PACKAGING LIMITED,KNACK,Knack Packaging Ltd,Active,B ,10.00,INE17QZ01016,Equity,,,,,
544815,Kotak Mahindra Mutual Fund,INSIFHLSDG,Infinity Hybrid Long-Short Fund Direct Growth,Active,B ,10.00,INF174K30012,Equity,,,,,
544817,Kotak Mahindra Mutual Fund,INSIFHLSDR,Infinity Hybrid Long-Short Fund-Direct- IDCW Reinvestment,Active,B ,10.00,INF174K30038,Equity,,,,,
544818,Kotak Mahindra Mutual Fund,INSIFHLSRG,Infinity Hybrid Long-Short Fund-Regular-Growth,Active,B ,10.00,INF174K30046,Equity,,,,,
544819,Kotak Mahindra Mutual Fund,INSIFHLSRD,Infinity Hybrid Long-Short Fund-Regular - IDCW Payout,Active,B ,10.00,INF174K30053,Equity,,,,,
544820,Kotak Mahindra Mutual Fund,INSIFHLSRR,Infinity Hybrid Long-Short Fund-Regular-IDCW Reinvestment,Active,B ,10.00,INF174K30061,Equity,,,,,
544821,Kusumgar Limited,KUSUMGAR,Kusumgar Ltd,Active,B ,1.00,INE0ISX01025,Equity,,,,,
544822,Laser Power & Infra Limited,LASERPOWER,Laser Power & Infra Ltd,Active,B ,5.00,INE17IR01028,Equity,,,,,
544823,DEVSON CATALYST LIMITED,DEVSON,Devson Catalyst Ltd,Active,MT,10.00,INE2KRP01017,Equity,,,,,
544825,ALPINE TEXWORLD LIMITED,ALPINETEX,Alpine Texworld Ltd,Active,B ,10.00,INE1JCQ01037,Equity,,,,,
544826,MILLWORKS TECHNOLOGIES LIMITED,MILLWORKS,Millworks Technologies Ltd,Active,M ,10.00,INE1SRC01010,Equity,,,,,
544827,Bajaj Finserv Mutual Fund,BANK10BETF,Bajaj Finserv BSE Top 10 Banks ETF,Active,B ,10.00,INF0QA701CI0,Equity,,,,,
544829,SBI Funds Management Limited,SBIFUNDS,SBI Funds Management Ltd,Active,A ,1.00,INE640G01020,Equity,,,,,
544830,Mirae Asset Mutual Fund,MOMMIDCAP,Mirae Asset BSE Midcap 150 Momentum 30 ETF,Active,B ,10.00,INF769K01RC0,Equity,,,,,
544831,MEENAKSHI INDIA LIMITED,MEEIND,Meenakshi India Ltd,Active,B ,10.00,INE208H01016,Equity,,,,,
544832,Sotefin Bharat Limited,SOTEFIN,Sotefin Bharat Ltd,Active,M ,10.00,INE12Z301012,Equity,,,,,
544833,CALIBER MINING AND LOGISTICS LIMITED,CMLL,Caliber Mining And Logistics Ltd,Active,B ,10.00,INE11XY01018,Equity,,,,,
544834,GULF LLOYDS (INDIA) LIMITED,GULFLLOYDS,Gulf Lloyds (India) Ltd,Active,M ,10.00,INE1WDC01012,Equity,,,,,
544835,Shree Balaji (Mala) Textiles Limited,MALA,Shree Balaji (Mala) Textiles Ltd,Active,M ,10.00,INE1N3Y01016,Equity,,,,,
544837,INDO-MIM Limited ,INDOMIM,INDO-MIM Ltd,Active,B ,1.00,INE084101034,Equity,,,,,
544838,XTRANET TECHNOLOGIES LIMITED,XTRANET,Xtranet Technologies Ltd,Active,B ,10.00,INE0NG701011,Equity,,,,,
544839,Lohia Corp Limited,LCL,Lohia Corp Ltd,Active,B ,1.00,INE0QJW01029,Equity,,,,,
544840,SILVERSTORM PARKS AND RESORTS LIMITED,SSPRL,Silverstorm Parks And Resorts Ltd,Active,M ,10.00,INE1EJ401023,Equity,,,,,
544842,HDFC Mutual Fund,HDFCNIMEG,HDFC Nifty Metal ETF,Active,B ,124.88,INF179KC1KT4,Equity,,,,,
544843,ADVANCE TECHNOFORGE LIMITED,ADVANCETL,Advance Technoforge Ltd,Active,M ,10.00,INE13ZJ01010,Equity,,,,,
544844,POOJAA PRECISION ENGG. LIMITED,PPEL,Poojaa Precision Engg. Ltd,Active,M ,10.00,INE288301026,Equity,,,,,
544845,ICICI Prudential Mutual Fund,INSUREIETF,ICICI Prudential BSE Insurance ETF,Active,B ,10.00,INF109K1A567,Equity,,,,,
544846,Edelweiss Mutual Fund,ELMDIV,Edelweiss BSE LargeMid (60:40) Stable Dividend 50 ETF,Active,B ,10.00,INF754K01XI7,Equity,,,,,
544847,Manipal Health Enterprises Limited,MANIPALHOS,Manipal Health Enterprises Ltd,Active,B ,2.00,INE459N01021,Equity,,,,,
544848,H. R. HYGIENE PRODUCTS LIMITED,HRHYGIENE,H. R. Hygiene Products Ltd,Active,M ,10.00,INE17DP01015,Equity,,,,,
544849,Edelweiss Mutual Fund,EBANK10,Edelweiss BSE Top 10 Bank ETF,Active,B ,10.00,INF754K01XH9,Equity,,,,,
544850,Aarvi Encon Limited,AARVI,Aarvi Encon Ltd,Active,B ,10.00,INE754X01016,Equity,,,,,
544851,MV ELECTROSYSTEMS LIMITED,MVELECTRO,MV Electrosystems Ltd,Active,B ,5.00,INE0OWZ01020,Equity,,,,,
544852,Oneindig Technologies Limited,ONEINDIG,Oneindig Technologies Ltd,Active,M ,10.00,INE0UR501013,Equity,,,,,
544853,Juniper Green Energy Limited,JNPR,Juniper Green Energy Ltd,Active,B ,10.00,INE05C901015,Equity,,,,,
544854,Dhaval Packaging Limited,DHAVAL,Dhaval Packaging Ltd,Active,M ,10.00,INE1HX301016,Equity,,,,,
544855,Prima Innovation Limited,PRIMAINNO,Prima Innovation Ltd,Active,X ,5.00,INE13LA01027,Equity,,,,,
544856,FUSION KLASSROOM EDUTECH LIMITED,KLASSROOM,Fusion Klassroom Edutech Ltd,Active,M ,10.00,INE1LMA01010,Equity,,,,,
544857,DSP Mutual Fund,MIDBANKADD,DSP BSE MidSmall Private Banks ETF,Active,B ,10.00,INF740KA1ZH9,Equity,,,,,
544858,AEGEUS TECHNOLOGIES LIMITED,AEGEUS,Aegeus Technologies Ltd,Active,M ,10.00,INE0WR901013,Equity,,,,,
544859,G V ELECTRICALS LTD,GVELECTRIC,G V Electricals Ltd,Active,M ,10.00,INE1ZGR01024,Equity,,,,,
544860,Ardee Industries Limited,ARDEE,Ardee Industries Ltd,Active,B ,2.00,INE0XNF01022,Equity,,,,,
544861,Swaraj Suiting Limited,SWARAJ,Swaraj Suiting Ltd,Active,T ,10.00,INE0GMR01016,Equity,,,,,
544862,Solex Energy Limited,SOLEX,Solex Energy Ltd,Active,B ,10.00,INE880Y01017,Equity,,,,,
544863,LAPL AUTOMOTIVE LIMITED,LAPL,LAPL Automotive Ltd,Active,M ,10.00,INE0X9I01023,Equity,,,,,
544864,Technocraft Ventures Limited,TECHNOCRAF,Technocraft Ventures Ltd,Active,B ,10.00,INE1D0W01018,Equity,,,,,
544865,LEAP India Limited,LEAPIND,LEAP India Ltd,Active,B ,1.00,INE00GO01025,Equity,,,,,
544866,MOLBIO DIAGNOSTICS LIMITED,MOLBIO,Molbio Diagnostics Ltd,Active,B ,1.00,INE869T01028,Equity,,,,,
544867,Dhoot Transmission Limited,DHOOTTRANS,Dhoot Transmission Ltd,Active,B ,2.00,INE01NH01023,Equity,,,,,
544868,Milky Mist Dairy Food Limited,MILKYMIST,Milky Mist Dairy Food Ltd,Active,B ,2.00,INE00IT01020,Equity,,,,,
544869,Sham Foam Limited,SHAMFOAM,Sham Foam Ltd,Active,M ,10.00,INE0Z9N01013,Equity,,,,,
544870,BEHARI LAL ENGINEERING LIMITED,BLEL,Behari Lal Engineering Ltd,Active,B ,10.00,INE1EEM01017,Equity,,,,,
544871,Shiprocket Limited,SHIPROCKET,Shiprocket Ltd,Active,B ,10.00,INE0FOO01011,Equity,,,,,
544872,Q&T FOODS LIMITED,QTFOODS,Q&T Foods Ltd,Active,M ,10.00,INE13G401012,Equity,,,,,
544873,Jio BlackRock Mutual Fund,NIFTYJBLK,JioBlackRock Nifty 50 ETF,Active,B ,10.00,INF22M001184,Equity,,,,,
544874,Mirae Asset Mutual Fund,LARGEMID50,Mirae Asset BSE LargeMid (60:40) Stable Dividend 50 ETF,Active,B ,10.00,INF769K01RK3,Equity,,,,,
544876,ENS Enterprises Limited,ENS,ENS Enterprises Ltd,Active,M ,10.00,INE23ER01017,Equity,,,,,
544877,Technocrats Plasma Systems Limited,TECHNOCRAT,Technocrats Plasma Systems Ltd,Active,MT,10.00,INE19QK01022,Equity,,,,,
544878,INVESCO MUTUAL FUND,IVZSENSEX,Invesco India BSE Sensex ETF,Active,B ,10.00,INF205KA1CA1,Equity,,,,,
544879,Lalithaa Jewellery Mart Limited,LALITHAA,Lalithaa Jewellery Mart Ltd,Active,B ,5.00,INE0K9O01026,Equity,,,,,
544880,Horizon Industrial Parks Limited,HORIZONIND,Horizon Industrial Parks Ltd,Active,B ,10.00,INE685T01010,Equity,,,,,
544881,Sunshine Pictures Limited,SUNSHINE,Sunshine Pictures Ltd,Active,B ,10.00,INE1B3O01011,Equity,,,,,
544882,Shankesh Jewellers Limited,SHANKESH,Shankesh Jewellers Ltd,Active,B ,5.00,INE1WFC01025,Equity,,,,,
544883,MOPSHOP DISTRIBUTION LIMITED,MOPSHOP,Mopshop Distribution Ltd,Active,M ,10.00,INE2F5H01015,Equity,,,,,
544884,Dhanwel Hybrid Seeds Limited,DHANWEL,Dhanwel Hybrid Seeds Ltd,Active,M ,10.00,INE0VWO01011,Equity,,,,,
544885,Gaja Alternative Asset Management Limited,GAJA,Gaja Alternative Asset Management Ltd,Active,B ,5.00,INE18UN01038,Equity,,,,,
544886,TEMPSENS INSTRUMENTS (INDIA) LIMITED,TEMPSENS,Tempsens Instruments (India) Ltd,Active,B ,4.00,INE1KZI01025,Equity,,,,,
544887,UTI Mutual Fund,NIF500BETA,UTI Nifty 500 Exchange Traded Fund,Active,B ,10.00,INF789F1AG76,Equity,,,,,
544888,Augmont Enterprises Limited,AUGMONT,Augmont Enterprises Ltd,Active,B ,5.00,INE16W401027,Equity,,,,,
544889,SYMBIOTEC PHARMALAB LIMITED,SYMBIOTEC,Symbiotec Pharmalab Ltd,Active,B ,2.00,INE899I01028,Equity,,,,,
544890,SKYWAYS AIR SERVICES LIMITED,SKYWAYS,Skyways Air Services Ltd,Active,B ,10.00,INE0PX301025,Equity,,,,,
544891,Hy-Tech Engineers Limited,HTEL,Hy-Tech Engineers Ltd,Active,B ,5.00,INE0LEG01024,Equity,,,,,
544892,Axis Mutual Fund,ENERGYAXIS,Axis Nifty Energy ETF,Active,B ,10.00,INF846KA1598,Equity,,,,,
544893,Annu Projects Limited,ANNU,Annu Projects Ltd,Active,B ,10.00,INE103001017,Equity,,,,,
544894,LUMINO INDUSTRIES LIMITED,LUMINO,Lumino Industries Ltd,Active,B ,5.00,INE185Q01025,Equity,,,,,
544895,KWICK FORENSIC SOLUTIONS LIMITED,KWICK,Kwick Forensic Solutions Ltd,Active,M ,10.00,INE1SFA01019,Equity,,,,,
544897,Paluck Technologies Limited,PALUCK,Paluck Technologies Ltd,Active,M ,10.00,INE0LHB01010,Equity,,,,,
544898,ESDS Software Solution Limited,ESDS,ESDS Software Solution Ltd,Active,B ,1.00,INE0DRI01029,Equity,,,,,
544899,Priority Jewels Limited,PRIORITY,Priority Jewels Ltd,Active,B ,10.00,INE15EH01014,Equity,,,,,
544900,COMPLETE SPORTS AND MANAGEMENT INDIA LIMITED,CSML,Complete Sports and Management India Ltd,Active,M ,10.00,INE2K6801014,Equity,,,,,
544901,PURPLE STYLE LABS LIMITED,PERNIASPOP,Purple Style Labs Ltd,Active,B ,10.00,INE0I1B01016,Equity,,,,,
544902,Phychem Technologies Limited,PHYCHEM,Phychem Technologies Ltd,Active,M ,10.00,INE24YP01017,Equity,,,,,
544903,Deepa Jewellers Limited,DEEPA,Deepa Jewellers Ltd,Active,B ,2.00,INE1M2N01020,Equity,,,,,
544904,FLY-HI MARITIME TRAVELS LIMITED,FLYHI,Fly-Hi Maritime Travels Ltd,Active,M ,5.00,INE2J7801015,Equity,,,,,
544905,Farm Peace Limited,FARMPEACE,Farm Peace Ltd,Active,M ,10.00,INE0W2E01010,Equity,,,,,
544906,Rays of Belief Limited,MOMSBELIEF,Rays of Belief Ltd,Active,B ,10.00,INE1FCO01014,Equity,,,,,
544907,Seksaria Finance Limited,FINANCE,Seksaria Finance Ltd,Active,XT,10.00,INE0IBX01013,Equity,,,,,
544908,Dollex Agrotech Limited,DOLLEX,Dollex Agrotech Ltd,Active,B ,10.00,INE0JHH01011,Equity,,,,,
544909,PRANAV CONSTRUCTIONS LIMITED,PRANAV,Pranav Constructions Ltd,Active,B ,10.00,INE0H4201019,Equity,,,,,
544910,Apana Logistics Limited,APANA,Apana Logistics Ltd,Active,MT,10.00,INE1ET101019,Equity,,,,,
544911,Kanohar Electricals Limited,KANOHAR,Kanohar Electricals Ltd,Active,B ,2.00,INE877D01025,Equity,,,,,
544912,Prasol Chemicals Limited,PRASOLCHEM,Prasol Chemicals Ltd,Active,B ,2.00,INE455U01024,Equity,,,,,
544913,Glass Wall Systems (India) Limited,GLASSWALL,Glass Wall Systems (India) Ltd,Active,B ,2.00,INE644Q01039,Equity,,,,,
544914,Steamhouse India Limited,STEAMHOUSE,Steamhouse India Ltd,Active,B ,2.00,INE0FRO01022,Equity,,,,,
544915,Rentomojo Limited,RENTOMOJO,Rentomojo Ltd,Active,B ,1.00,INE08T701025,Equity,,,,,
544916,Manipal Payment and Identity Solutions Limited,MPIMANIPAL,Manipal Payment and Identity Solutions Ltd,Active,B ,2.00,INE241U01028,Equity,,,,,
544917,KARAMTARA ENGINEERING LIMITED,KARAMTARA,Karamtara Engineering Ltd,Active,B ,10.00,INE590T01012,Equity,,,,,
544918,LCC PROJECTS LIMITED,LCCPROJECT,LCC Projects Ltd,Active,B ,5.00,INE1FPN01026,Equity,,,,,
544919,INFRAX RENEWABLE LIMITED,INFRAX,Infrax Renewable Ltd,Active,MT,10.00,INE1YC401018,Equity,,,,,
544920,Amtech Esters Limited,AMTECH,Amtech Esters Ltd,Active,MT,10.00,INE0RMA01019,Equity,,,,,
544921,ASSET RECONSTRUCTION COMPANY (INDIA) LIMITED,ARCIL,Asset Reconstruction Company (India) Ltd,Active,B ,10.00,INE148G01016,Equity,,,,,
544922,OM GALAXY LIMITED,OMG,Om Galaxy Ltd,Active,MT,5.00,INE2D0Q01027,Equity,,,,,
544923,Veegaland Developers Limited,VEEGALAND,Veegaland Developers Ltd,Active,T ,10.00,INE1JTV01015,Equity,,,,,
544924,Raksan Transformers Limited,RAKSAN,Raksan Transformers Ltd,Active,MT,10.00,INE1S7M01017,Equity,,,,,
544925,MAHARAJA & SPEEDEX INDIA LIMITED,SPEEDEX,Maharaja & Speedex India Ltd,Active,MT,10.00,INE0SVD01012,Equity,,,,,
544926,Panchatv Bharat Limited,PANCHATV,Panchatv Bharat Ltd,Active,MT,10.00,INE0VXN01011,Equity,,,,,
544927,UTI Mutual Fund,SECLEDBETA,UTI BSE India Sector Leaders Exchange Traded Fund,Active,B ,10.00,INF789F1AH42,Equity,,,,,
544928,Century Business Media Limited,CENTURYOOH,Century Business Media Ltd,Active,MT,10.00,INE16VF01010,Equity,,,,,
544929,MANIKA PLASTECH LIMITED,MANIKA,Manika Plastech Ltd,Active,T ,2.00,INE0KWF01020,Equity,,,,,
544930,INJECTO POLYMERS LIMITED,INJECTO,Injecto Polymers Ltd,Active,MT,10.00,INE1JJF01019,Equity,,,,,
544931,VAMA WOVENFAB LIMITED,VAMAWOVEN,Vama Wovenfab Ltd,Active,MT,10.00,INE1G7R01010,Equity,,,,,
544932,Quanto Agroworld Limited,QAL,Quanto Agroworld Ltd,Active,MT,10.00,INE0OAB01019,Equity,,,,,
544933,SHAKTI POLYTARP LIMITED,SHAKTIPOLY,Shakti Polytarp Ltd,Active,MT,10.00,INE05UY01016,Equity,,,,,
544934,SS Retail Limited,SSRETAIL,SS Retail Ltd,Active,B ,10.00,INE1EQW01028,Equity,,,,,
544935, JINDAL SUPREME (INDIA) LIMITED,JSIPL,Jindal Supreme (India) Ltd,Active,T ,10.00,INE1DLO01028,Equity,,,,,
544936,HERO MOTORS LIMITED,HEROMOTORS,Hero Motors Ltd,Active,B ,10.00,INE012G01022,Equity,,,,,
555555,ICICI Prudential Mutual Fund,SENSEXIETF,ICICI Prudential BSE Sensex ETF,Active,B ,10.00,INF346A01034,Equity,,,,,
570002,Future Enterprises Limited,FELDVR,Future Enterprises Ltd_DVR,Active,Z ,2.00,IN9623B01058,Equity,,,,,
570004,Jain Irrigation Systems Ltd.,JISLDVREQS,Jain Irrigation Systems Ltd_DVR,Active,B ,2.00,IN9175A01010,Equity,,,,,
570005,GACM Technologies Limited,GATECHDVR,GACM Technologies Ltd,Active,T ,1.00,INE224E01036,Equity,,,,,
590003,Karur Vysya Bank Ltd.,KARURVYSYA,Karur Vysya Bank Ltd,Active,B ,2.00,INE036D01028,Equity,,,,,
590005,VEEDOL CORPORATION LIMITED,VEEDOL,Veedol Corporation Ltd,Active,B ,2.00,INE484C01030,Equity,,,,,
590006,Amrutanjan Health Care Limited,AMRUTANJAN,Amrutanjan Health Care Ltd-$,Active,B ,1.00,INE098F01031,Equity,,,,,
590013,Xpro India Ltd.,XPROINDIA,Xpro India Ltd,Active,B ,10.00,INE445C01015,Equity,,,,,
590018,Hisar Metal Industries Ltd.,HISARMETAL,Hisar Metal Industries Ltd-$,Active,B ,10.00,INE598C01011,Equity,,,,,
590021,Bharat Rasayan Limited,BHARATRAS,Bharat Rasayan Ltd,Active,B ,5.00,INE838B01021,Equity,,,,,
590022,Eastern Silk Industries Limited,EASTSILK,Eastern Silk Industries Ltd,Active,T ,2.00,INE962C01035,Equity,,,,,
590024,Fertilizers and Chemicals Travancore Limited,FACT,Fertilizers and Chemicals Travancore Ltd,Active,B ,10.00,INE188A01015,Equity,,,,,
590025,Ginni Filaments Ltd.,GINNIFILA,Ginni Filaments Ltd,Active,T ,10.00,INE424C01010,Equity,,,,,
590030,Southern Petrochemical Industries Corporation Limited,SPIC,Southern Petrochemicals Industries Corporation Ltd,Active,B ,10.00,INE147A01011,Equity,,,,,
590031,De Nora India Limited,DENORA,De Nora India Ltd,Active,B ,10.00,INE244A01016,Equity,,,,,
590041,Kavveri Defence & Wireless Technologies Limited,KAVDEFENCE,Kavveri Defence & Wireless Technologies Ltd-$,Active,T ,10.00,INE641C01019,Equity,,,,,
590051,Saksoft Limited,SAKSOFT,Saksoft Ltd,Active,B ,1.00,INE667G01023,Equity,,,,,
590056,Salona Cotspin Ltd.,SALONA,Salona Cotspin Ltd,Active,B ,10.00,INE498E01010,Equity,,,,,
590057,EQUIPPP SOCIAL IMPACT TECHNOLOGIES LIMITED,EQUIPPP,Equippp Social Impact Technologies Ltd,Active,T ,1.00,INE217G01035,Equity,,,,,
590062,The Andhra Sugars Ltd.,ANDHRSUGAR,Andhra Sugars Ltd,Active,B ,2.00,INE715B01021,Equity,,,,,
590065,INDIA MOTOR PARTS & ACCESSORIES LTD,IMPAL,India Motor Parts & Accessories Ltd,Active,B ,10.00,INE547E01014,Equity,,,,,
590066,K.C.P. LTD,KCP,KCP Ltd,Active,B ,1.00,INE805C01028,Equity,,,,,
590068,Khaitan (India) Ltd.,KHAITANLTD,Khaitan (India) Ltd,Active,B ,10.00,INE731C01018,Equity,,,,,
590070,RADAAN MEDIAWORKS (I) LIMITED,RADAAN,Radaan Mediaworks India Ltd,Active,B ,2.00,INE874F01027,Equity,,,,,
590071,SUNDARAM FINANCE LTD,SUNDARMFIN,Sundaram Finance Ltd,Active,B ,10.00,INE660A01013,Equity,,,,,
590072,SUNDARAM BRAKE LININGS LTD,SUNDRMBRAK,Sundaram Brake Linings Ltd,Active,T ,10.00,INE073D01013,Equity,,,,,
590073,WHEELS INDIA LTD,WHEELS,Wheels India Ltd,Active,B ,10.00,INE715A01015,Equity,,,,,
590075,Lambodhara Textiles Ltd.,LAMBODHARA,Lambodhara Textile Ltd-$,Active,B ,5.00,INE112F01022,Equity,,,,,
590078,Maithan Alloys Limited,MAITHANALL,Maithan Alloys Ltd,Active,B ,10.00,INE683C01011,Equity,,,,,
590086,Orissa Minerals Development Company Limited,ORISSAMINE,Orissa Minerals Development Company Ltd,Active,B ,1.00,INE725E01024,Equity,,,,,
590103,Reliance Mutual Fund-Permitted,NIFTYBEES,Nippon India ETF Nifty 50 BeES,Active,B ,1.00,INF204KB14I2,Equity,,,,,
590104,Reliance Mutual Fund-Permitted,JUNIORBEES,Nippon India ETF Nifty Next 50 Junior BeES,Active,B ,1.25,INF732E01045,Equity,,,,,
590106,Reliance Mutual Fund-Permitted,BANKBEES,Nippon India ETF Nifty Bank BeES,Active,B ,1.00,INF204KB15I9,Equity,,,,,
590107,Kotak Mahindra Mutual Fund - Permitted,PSUBANK,Kotak Nifty PSU Bank ETF,Active,B ,1.00,INF174KA1A86,Equity,,,,,
590108,Reliance Mutual Fund-Permitted,PSUBNKBEES,Nippon India ETF Nifty PSU Bank BeES,Active,B ,1.00,INF204KB16I7,Equity,,,,,
590109,Reliance Mutual Fund-Permitted,SHARIABEES,Nippon India ETF Nifty 50 Shariah BeES,Active,B ,10.00,INF732E01128,Equity,,,,,
590110,Quantum Asset Management Co. Pvt. Ltd.,QNIFTY,Quantum Nifty 50 ETF,Active,B ,1.00,INF082J01499,Equity,,,,,
590113,Reliance Mutual Fund-Permitted,HNGSNGBEES,NIPPON INDIA ETF HANG SENG BEES,Active,B ,1.00,INF204KB19I1,Equity,,,,,
590115,Motilal Oswal Mutual Fund-Permitted,MOM50,Motilal Oswal Nifty 50 ETF,Active,B ,7.00,INF247L01536,Equity,,,,,
590134,Madras Fertilizers Ltd,MADRASFERT,Madras Fertilizers Ltd,Active,B ,10.00,INE414A01015,Equity,,,,,
590136,Kotak Mahindra Mutual Fund - Permitted,BANKNIFTY1,Kotak Nifty Bank ETF,Active,B ,1.00,INF174KA1ZB7,Equity,,,,,
590137,SBI Mutual Fund-Permitted,SETFNIFBK,SBI-ETF NIFTY BANK,Active,B ,10.00,INF200KA1580,Equity,,,,,
590138,SBI Mutual Fund-Permitted,SETFNIF50,SBI-ETF NIFTY 50,Active,B ,10.00,INF200KA1FS1,Equity,,,,,
590141,Nippon India Mutual Fund - Permitted,ITBEES,Nippon India ETF Nifty IT,Active,B ,10.00,INF204KB15V2,Equity,,,,,
590142,Nippon India Mutual Fund - Permitted,PHARMABEES,Nippon India Nifty Pharma ETF,Active,B ,10.00,INF204KC1089,Equity,,,,,
590144,Nippon India Mutual Fund - Permitted,MID150BEES,Nippon India ETF Nifty Midcap 150,Active,B ,10.00,INF204KB1V68,Equity,,,,,
590148,Motilal Oswal Mutual Fund-Permitted,MOSMALL250,Motilal Oswal Nifty Smallcap 250 ETF,Active,B ,10.00,INF247L01CH6,Equity,,,,,
590149,Motilal Oswal Mutual Fund-Permitted,MOCAPITAL,Motilal Oswal Nifty Capital Market ETF,Active,B ,10.00,INF247L01EV3,Equity,,,,,
590150,Motilal Oswal Mutual Fund-Permitted,MOREALTY,Motilal Oswal Nifty Realty ETF,Active,B ,10.00,INF247L01CI4,Equity,,,,,
590151,Motilal Oswal Mutual Fund-Permitted,MOMENTUM50,Motilal Oswal Nifty 500 Momentum 50 ETF,Active,B ,10.00,INF247L01DK8,Equity,,,,,
590152,Motilal Oswal Mutual Fund-Permitted,MODEFENCE,Motilal Oswal Nifty India Defence ETF,Active,B ,10.00,INF247L01DJ0,Equity,,,,,
590153,Motilal Oswal Mutual Fund-Permitted,MONIFTY500,Motilal Oswal Nifty 500 ETF,Active,B ,10.00,INF247L01BU1,Equity,,,,,
590154,Kotak Mahindra Mutual Fund - Permitted,ALPHA,Kotak Nifty Alpha 50 ETF,Active,B ,10.00,INF174KA1IA5,Equity,,,,,
590157,GROWW MUTUAL FUND  PERMITTED,GROWWDEFNC,Groww Nifty India Defence ETF,Active,B ,10.00,INF666M01IO8,Equity,,,,,
590158,GROWW MUTUAL FUND  PERMITTED,GROWWRAIL,Groww Nifty India Railways PSU ETF,Active,B ,10.00,INF666M01JJ6,Equity,,,,,
590160,Tata Mutual Fund - Permitted,NETF,Tata Nifty 50 Exchange Traded Fund,Active,B ,10.00,INF277K015R5,Equity,,,,,
710058,Quint Digital Limited,QDLCCPS,Quint Digital Ltd,Active,B ,100.00,IN9641R03011,PreferenceShares,,,,,
750942,Dhanlaxmi Bank Limited,DHAN-RE,Dhanlaxmi Bank Ltd,Active,R ,0.05,INE680A20011,-,,,,,
751132,Manoj Jewellers Limited,MANOJ-RE,Manoj Jewellers Ltd,Active,R ,0.05,INE0MV020018,-,,,,,
751141,Salem Erode Investments Ltd.,SALEM-RE,Salem Erode Investments Ltd,Active,R ,0.05,INE894E20010,-,,,,,
751142,Indrayani Biotech Ltd.,INDRA-RE,Indrayani Biotech Ltd,Active,R ,0.05,INE007C20013,-,,,,,
751143,Century Extrusions Ltd.,CENTEXT-RE,Century Extrusions Ltd,Active,R ,0.05,INE281A20018,-,,,,,
780014,Has Lifestyle Limited,HASJUICE,Has Lifestyle Ltd,Active,IP,10.00,INE888Q01016,Equity,,,,,
780016,Web Element Solutions Limited,WEBSL,Web Element Solutions Ltd,Active,IP,10.00,INE562Q01017,Equity,,,,,
780018,Adhiraj Distributors Limited,ADHIRAJ,Adhiraj Distributors Ltd,Active,IP,10.00,INE067R01015,Equity,,,,,
890217,Aplab Ltd.,APLABPP,Aplab Ltd,Active,X ,10.00,IN9273A01047,Equity,,,,,
890226,Suraj Industries Limited.,SURAJINDPP,Suraj Industries Ltd,Active,X ,10.00,IN9170U01035,Equity,,,,,
890228,Allcargo Terminals Limited,ATLPP,Allcargo Terminals Ltd,Active,B ,2.00,IN90NN701011,Equity,,,,,
890231,ANIRIT VENTURES LIMITED,ANIRITPP,ANIRIT VENTURES Ltd,Active,X ,10.00,IN9161F01019,Equity,,,,,
890234,Vertex Securities Ltd.,VERTEXPP,Vertex Securities Ltd,Active,X ,2.00,IN9316D01014,Equity,,,,,
890238,G.S. Auto International Ltd.,GSAILPP,GS Auto International Ltd,Active,XT,5.00,IN9736H01014,Equity,,,,,
